gen,best_fit,best_T,best_m,mean_T,stddev_T,mean_m,stddev_m,elapsed_s
0,4.60256321,27.3342,3371,198.4421,122.3604,1948.4000,755.7077,0.00
1,4.60256321,27.3342,3371,96.9687,51.3785,2492.6000,590.4672,0.06
2,4.68870956,1.0000,4097,47.0647,30.2669,3109.6250,527.2726,0.11
3,4.75119148,1.0000,4097,19.4229,16.8276,3628.4000,426.2704,0.16
4,4.75119148,1.0000,4097,8.0871,11.6992,3929.5250,309.9197,0.21
5,4.78120330,4.2021,4097,4.9381,7.8371,4008.1250,208.3626,0.26
6,4.78120330,4.2021,4097,4.9479,9.2594,4015.5500,241.7408,0.31
7,4.81561536,1.0000,4097,8.0506,16.1000,3934.2500,363.7373,0.36
8,4.81561536,1.0000,4097,5.7407,9.6675,4004.1500,257.3739,0.41
9,4.81713497,1.0000,4097,5.7788,11.5115,3996.5750,289.9652,0.46
10,4.82433312,1.0000,4097,5.1667,9.5920,3995.2250,251.1919,0.51
11,4.83821260,1.0000,4097,6.7818,11.1371,3961.2500,283.0105,0.56
12,4.84098790,1.0000,4097,6.5057,11.5329,3978.8000,280.3466,0.61
13,4.84098790,1.0000,4097,8.2649,13.2519,3918.4250,341.0876,0.66
14,4.84116907,1.0000,4097,3.0597,5.7973,4064.3750,141.1136,0.71
15,4.84116907,1.0000,4097,4.1320,8.4497,4032.7250,214.2690,0.75
16,4.85250050,1.0000,4097,6.8838,11.2225,3955.3250,288.8203,0.80
17,4.85276995,1.0000,4097,1.9048,3.6621,4081.3250,97.8903,0.85
18,4.85337408,1.0000,4097,6.5799,12.9791,3955.3250,329.1552,0.90
19,4.86071422,1.0000,4097,3.2695,7.9245,4053.7250,195.4873,0.94
20,4.86126255,1.0000,4097,4.3604,7.7229,4011.2750,206.0466,0.99
21,4.87199889,1.0000,4097,5.0486,9.1695,4000.6250,239.7647,1.04
22,4.87199889,1.0000,4097,7.3131,13.8633,3942.2000,348.8884,1.09
23,4.87409925,1.0000,4097,5.1680,9.3766,4001.5250,249.6974,1.13
24,4.87409925,1.0000,4097,4.1055,8.3296,4031.1500,208.4622,1.18
25,4.87709568,1.0000,4097,5.6524,9.3042,3980.4500,246.0910,1.23
26,4.88409741,1.0000,4097,4.3222,9.3016,4036.7000,207.3712,1.27
27,4.88459035,1.0000,4097,7.8904,16.0133,3937.0250,362.1544,1.32
28,4.88580184,1.0000,4097,5.3635,9.6620,3998.9000,253.4691,1.37
29,4.88580184,1.0000,4097,5.7854,10.9614,3976.7750,275.9856,1.41
30,4.93004129,1.0000,4097,6.7296,9.8488,3959.8250,261.0784,1.46
31,4.93004129,1.0000,4097,5.3439,11.2900,3993.4250,274.0012,1.51
32,4.93336461,1.0000,4097,6.6309,13.1991,3969.7250,320.4387,1.56
33,4.93460287,1.0000,4097,5.6096,11.9561,3988.1000,296.0387,1.60
34,4.94847642,1.0000,4097,3.6498,8.5285,4033.0250,224.5119,1.65
35,4.94847642,1.0000,4097,6.9398,11.7971,3948.2000,309.7729,1.70
36,4.94854861,1.0000,4097,6.9411,13.3485,3973.1000,324.4165,1.75
37,4.95242652,1.0940,4097,5.8121,11.6361,3993.3500,296.0484,1.80
38,4.95242652,1.0940,4097,6.6566,11.9368,3968.9750,307.8323,1.85
39,4.95242652,1.0940,4097,7.4768,13.0954,3955.7750,330.2695,1.89
40,4.95508157,1.0000,4097,5.3638,11.7658,3997.1750,275.3307,1.94
41,4.96839061,1.0000,4097,5.0636,9.7779,3994.7000,257.8123,1.99
42,4.96839061,1.0000,4097,9.0010,13.8985,3893.0750,348.9011,2.03
43,4.96839061,1.0000,4097,6.2141,12.8580,3970.4000,316.6402,2.08
44,4.96839061,1.0000,4097,9.4788,17.3109,3908.5250,393.3347,2.13
45,4.99520645,1.0000,4097,4.2724,7.6485,4015.8500,199.9100,2.18
46,4.99810653,1.0000,4097,3.4022,7.0014,4041.9500,181.3432,2.23
47,4.99810653,1.0000,4097,7.7791,14.5446,3927.7250,354.8411,2.27
48,4.99810653,1.0000,4097,5.3161,8.8247,3987.7250,235.0495,2.32
49,5.01144383,1.0000,4097,4.3011,8.8485,4013.6750,235.1936,2.36
50,5.03515129,1.0000,4097,4.6796,10.8976,4022.3000,246.9073,2.41
51,5.03515129,1.0000,4097,5.3409,9.0796,3996.4250,239.5759,2.46
52,5.03515129,1.0000,4097,5.2697,10.0778,3994.1750,256.6114,2.50
53,5.03527352,1.0000,4097,7.5022,14.7174,3950.9750,339.1018,2.55
54,5.03527352,1.0000,4097,6.6799,10.5970,3972.6500,278.9903,2.59
55,5.04645344,1.0000,4097,5.2909,10.7786,3990.8000,276.3966,2.64
56,5.04826456,1.0000,4097,7.0901,15.8612,3962.5250,349.0967,2.69
57,5.05093045,1.0000,4097,5.3530,12.4121,4004.6750,285.6651,2.73
58,5.05274532,1.0000,4097,5.2543,12.0285,4012.0250,272.8313,2.78
59,5.05335408,1.0000,4097,9.0130,15.4592,3913.7000,369.0535,2.82
60,5.05428263,1.0000,4097,2.2664,4.7787,4066.6250,130.5227,2.87
61,5.05769946,1.0000,4097,4.6565,9.9928,4016.5250,249.1535,2.92
62,5.05783906,1.0000,4097,10.0226,16.3786,3874.2500,399.0416,2.96
63,5.05841649,1.0000,4097,5.0615,9.1930,3998.4500,244.2243,3.01
64,5.06062120,1.0000,4097,3.9449,6.4048,4033.4750,165.8119,3.06
65,5.06734802,1.0000,4097,7.6023,13.4251,3934.6250,344.7137,3.10
66,5.06734802,1.0000,4097,6.5633,12.6126,3967.1000,322.0931,3.15
67,5.06734802,1.0000,4097,2.7465,5.1623,4052.5250,136.1681,3.20
68,5.06928417,1.0000,4097,4.7971,10.9877,4007.3000,257.2111,3.24
69,5.06928417,1.0000,4097,6.7799,11.7243,3958.2500,310.6650,3.29
70,5.06928417,1.0000,4097,4.0587,9.5754,4016.9000,246.5739,3.34
71,5.06928417,1.0000,4097,4.7940,10.6271,4004.4500,267.3971,3.39
72,5.06928417,1.0000,4097,8.1530,14.2965,3929.0000,345.4341,3.44
73,5.07090463,1.0000,4097,2.4460,4.6449,4075.1750,115.8287,3.49
74,5.07370731,1.0000,4097,2.6849,5.2152,4066.0250,130.6592,3.54
75,5.07567694,1.0000,4097,5.0723,10.0235,4001.6000,263.4926,3.58
76,5.07574872,1.0000,4097,4.2325,6.6655,4024.9250,174.6795,3.63
77,5.07656764,1.0000,4097,1.4905,2.5987,4085.9750,68.8511,3.68
78,5.07737915,1.0000,4097,3.7047,8.6980,4043.9000,218.9201,3.72
79,5.08215368,1.0000,4097,4.8171,9.6726,4000.0250,254.3138,3.77
80,5.08215368,1.0000,4097,5.8343,12.0364,3992.3750,275.9684,3.82
81,5.08215368,1.0000,4097,6.7450,11.5645,3949.8500,297.0999,3.86
82,5.08318103,1.0000,4097,6.4589,12.4201,3971.0000,297.9742,3.91
83,5.08318103,1.0000,4097,2.6021,4.9529,4058.2250,126.2219,3.96
84,5.08318103,1.0000,4097,5.5638,11.3293,3985.8500,284.8294,4.01
85,5.08774147,1.0000,4097,5.1989,10.7918,3998.9750,263.9986,4.05
86,5.08774147,1.0000,4097,3.1977,6.6156,4044.2000,165.7032,4.10
87,5.09383890,1.0000,4097,5.5946,10.5133,3993.8000,268.7871,4.15
88,5.09383890,1.0000,4097,3.5517,7.9596,4034.3000,204.0770,4.20
89,5.09383890,1.0000,4097,6.5247,12.2800,3967.3250,311.8085,4.24
90,5.09433333,1.0000,4097,3.5036,7.4848,4039.1000,193.0870,4.29
91,5.09433333,1.0000,4097,6.9248,12.7044,3961.7750,324.7833,4.34
92,5.09546246,1.0000,4097,10.8982,16.9185,3860.3000,412.0704,4.38
93,5.09663797,1.0000,4097,2.9336,7.1172,4054.4000,185.9615,4.43
94,5.09792258,1.0000,4097,5.7279,9.9172,3981.3500,256.1664,4.48
95,5.09792258,1.0000,4097,2.8125,4.5092,4066.1000,104.6463,4.53
96,5.09792258,1.0000,4097,5.4246,10.8513,3984.0500,282.9905,4.57
97,5.09792258,1.0000,4097,8.0058,15.7942,3946.9250,366.9476,4.62
98,5.09943196,1.0000,4097,3.7522,8.2967,4032.7250,203.9315,4.67
99,5.10289387,1.0000,4097,3.7802,7.2767,4028.3750,193.1965,4.71
100,5.10289387,1.0000,4097,4.7654,9.4425,4008.2000,246.8426,4.75
101,5.10289387,1.0000,4097,5.1142,10.7558,3997.1000,275.1232,4.80
102,5.10463238,1.0000,4097,5.2905,10.2366,3998.0750,257.8286,4.85
103,5.14008790,1.0000,4097,4.3501,10.0558,4015.2500,253.3231,4.89
104,5.14008790,1.0000,4097,4.3037,8.2888,4024.0250,216.1441,4.94
105,5.14008790,1.0000,4097,7.1244,11.0127,3941.9750,296.7745,4.98
106,5.14008790,1.0000,4097,6.2947,11.8046,3974.6000,275.5106,5.03
107,5.14008790,1.0000,4097,3.6840,9.2726,4044.4250,204.8585,5.07
108,5.14008790,1.0000,4097,5.7615,10.6747,3978.2750,272.2960,5.12
109,5.14008790,1.0000,4097,5.8344,12.2947,3991.5500,280.6913,5.17
110,5.15043882,1.0000,4097,5.7654,12.5610,3989.0750,300.8115,5.22
111,5.15043882,1.0000,4097,8.4203,14.4380,3911.8250,362.3809,5.26
112,5.15043882,1.0000,4097,6.4496,13.5368,3976.1750,283.1069,5.31
113,5.15258213,1.0000,4097,4.2986,10.7579,4026.4250,249.3774,5.35
114,5.15475505,1.0000,4097,4.5163,8.0815,4011.1250,220.5017,5.40
115,5.15475505,1.0000,4097,7.7138,14.0197,3936.5750,330.7423,5.45
116,5.15475505,1.0000,4097,7.5408,13.5361,3947.0750,334.3503,5.49
117,5.15743817,1.0000,4097,3.5213,7.1003,4032.5750,195.1396,5.54
118,5.15758976,1.0000,4097,6.8899,15.8457,3972.0500,334.3752,5.58
119,5.15913826,1.0000,4097,4.2411,9.1368,4015.5500,232.8873,5.63
120,5.15913826,1.0000,4097,2.6967,5.4909,4055.6750,148.4462,5.67
121,5.15913826,1.0000,4097,4.7670,11.1735,4009.7750,259.0526,5.72
122,5.16973598,1.0000,4097,2.3011,3.7650,4078.3250,81.7507,5.76
123,5.16973598,1.0000,4097,4.1507,8.1654,4019.2250,213.3055,5.81
124,5.16973598,1.0000,4097,5.5727,8.7771,3992.0750,241.6662,5.86
125,5.17034900,1.0000,4097,4.5579,9.2670,4010.9000,239.7310,5.90
126,5.17034900,1.0000,4097,9.3447,13.4321,3901.3250,347.1115,5.95
127,5.17034900,1.0000,4097,6.1131,12.2183,3971.9000,314.8916,6.00
128,5.17099493,1.0000,4097,7.6975,12.4635,3924.1250,321.9286,6.04
129,5.17124890,1.0000,4097,7.2092,12.1719,3939.7250,312.4676,6.09
130,5.17480685,1.0000,4097,6.2788,11.5869,3970.7000,293.8942,6.14
131,5.17480685,1.0000,4097,5.2799,9.9457,3997.0250,255.7484,6.19
132,5.17872111,1.0000,4097,8.4823,13.2493,3903.5000,344.0387,6.23
133,5.17872111,1.0000,4097,7.4956,11.8187,3935.8250,313.9038,6.28
134,5.18634870,1.0000,4097,1.3813,1.6891,4094.9000,13.1145,6.33
135,5.18634870,1.0000,4097,2.3085,4.4663,4077.9500,113.2705,6.38
136,5.18634870,1.0000,4097,8.4934,14.4300,3923.9750,352.0794,6.42
137,5.18802603,1.0000,4097,5.7607,11.8965,3982.7750,305.8201,6.47
138,5.18815359,1.0000,4097,5.6372,8.5273,3989.3000,225.0938,6.52
139,5.18847745,1.0000,4097,2.7097,4.3379,4065.9500,95.0379,6.57
140,5.18880209,1.0000,4097,2.8616,6.5388,4059.5750,163.3127,6.61
141,5.19051915,1.0000,4097,6.1075,9.9427,3975.6500,260.9629,6.66
142,5.19144354,1.0000,4097,4.5032,7.7868,4022.1500,198.2418,6.71
143,5.19161386,1.0000,4097,5.5394,12.3374,4003.6250,293.1993,6.76
144,5.19161386,1.0000,4097,2.5265,4.6428,4062.5750,120.9301,6.81
145,5.19251609,1.0000,4097,6.0428,11.4392,3981.5000,292.3661,6.85
146,5.19251609,1.0000,4097,4.5291,7.1751,4016.9750,191.1089,6.90
147,5.19251609,1.0000,4097,4.4351,8.8682,4017.9500,225.1095,6.95
148,5.19284267,1.0000,4097,6.2459,11.3623,3960.0500,290.9208,7.00
149,5.19284267,1.0000,4097,6.5492,12.0612,3963.6500,305.0389,7.05
150,5.19597816,1.0000,4097,7.0272,10.2796,3955.5500,270.0879,7.10
151,5.20089563,1.0000,4097,3.0389,7.4718,4049.9000,180.8483,7.15
152,5.20244412,1.0000,4097,4.1217,11.7163,4027.5500,261.8465,7.19
153,5.20244412,1.0000,4097,5.1203,10.8039,4005.5000,253.0985,7.24
154,5.20244412,1.0000,4097,5.6508,9.9066,3982.6250,262.5122,7.28
155,5.20566431,1.0000,4097,7.3269,15.3101,3956.0000,356.4222,7.33
156,5.20566431,1.0000,4097,7.2680,12.2845,3939.2750,312.1023,7.38
157,5.20566431,1.0000,4097,5.1280,11.0877,3996.2000,278.3919,7.42
158,5.20566431,1.0000,4097,5.1462,11.7160,4003.3250,272.4856,7.47
159,5.20569709,1.0000,4097,4.8218,10.3432,4004.8250,265.0827,7.52
160,5.20692946,1.0000,4097,6.2227,12.3778,3979.1750,306.3939,7.56
161,5.21334374,1.0000,4097,7.0097,12.9799,3952.1750,322.1817,7.61
162,5.21334374,1.0000,4097,5.7711,10.2217,3979.1750,267.9648,7.65
163,5.21334374,1.0000,4097,6.2347,11.0465,3975.4250,287.0743,7.70
164,5.21334374,1.0000,4097,4.5569,8.8983,4022.4500,223.1207,7.74
165,5.21334374,1.0000,4097,5.9163,10.7995,3972.4250,282.4018,7.79
166,5.21334374,1.0000,4097,6.6697,11.0533,3957.6500,285.5710,7.83
167,5.21431666,1.0000,4097,4.2979,8.1887,4017.5750,220.9617,7.88
168,5.21730828,1.0000,4097,5.9852,10.7438,3976.9250,268.7718,7.92
169,5.21730828,1.0000,4097,2.6090,6.4354,4058.6750,169.5843,7.97
170,5.21730828,1.0000,4097,3.5626,7.7314,4030.4000,204.0554,8.01
171,5.21730828,1.0000,4097,4.4539,7.8167,4016.9750,218.8719,8.06
172,5.21825256,1.0000,4097,7.1229,12.5793,3943.8500,326.6799,8.11
173,5.21825256,1.0000,4097,4.8586,10.7878,4003.7000,268.7737,8.15
174,5.21909931,1.0000,4097,3.5467,6.5245,4035.5750,173.6868,8.20
175,5.21909931,1.0000,4097,4.5347,11.2488,4022.2250,260.2112,8.25
176,5.21909931,1.0000,4097,10.2259,16.9528,3872.0750,407.0202,8.29
177,5.21909931,1.0000,4097,2.0570,4.6317,4068.5000,125.1022,8.34
178,5.21909931,1.0000,4097,6.3319,13.3578,3981.8000,315.1027,8.38
179,5.22204269,1.0000,4097,6.7104,17.5400,3971.9750,378.2460,8.43
180,5.22204269,1.0000,4097,6.2479,11.5444,3969.8000,297.8026,8.48
181,5.22204269,1.0000,4097,4.9451,9.1667,4010.1500,239.5974,8.53
182,5.22204269,1.0000,4097,6.2621,12.4098,3986.2250,285.5823,8.57
183,5.22281355,1.0000,4097,4.1091,7.6320,4026.7250,200.9607,8.62
184,5.22391693,1.0000,4097,2.6112,5.2146,4059.2750,138.4637,8.67
185,5.22453266,1.0000,4097,6.9020,13.6784,3953.8250,334.3378,8.72
186,5.22453266,1.0000,4097,3.9258,7.6387,4023.8750,200.4582,8.76
187,5.22453266,1.0000,4097,5.1035,11.6781,3992.9000,291.1687,8.81
188,5.22458032,1.0000,4097,6.4843,10.7605,3954.9500,287.6948,8.86
189,5.22458032,1.0000,4097,3.6033,7.3267,4038.6500,185.0199,8.90
190,5.22484033,1.0000,4097,6.3477,11.7926,3974.9000,287.4559,8.95
191,5.22514341,1.0000,4097,3.0823,6.2027,4051.1750,165.3814,9.00
192,5.22514341,1.0000,4097,6.4872,11.6895,3967.7750,297.5218,9.04
193,5.22514341,1.0000,4097,4.4982,9.4225,4014.1250,240.0297,9.09
194,5.22804298,1.3414,4097,5.0874,12.4308,4008.4250,281.4473,9.14
195,5.22804298,1.3414,4097,6.8226,11.3424,3970.2500,283.3847,9.19
196,5.22804298,1.3414,4097,6.8846,11.6688,3954.5750,305.7028,9.23
197,5.22804298,1.3414,4097,4.0853,6.8917,4025.3000,182.9604,9.28
198,5.22804298,1.3414,4097,4.9116,9.9754,4023.3500,229.1379,9.33
199,5.22848119,1.0000,4097,5.5624,8.7795,3980.9750,237.0137,9.38
200,5.22848119,1.0000,4097,3.1844,6.3915,4058.4500,168.7171,9.42
201,5.23772450,1.0000,4097,3.2783,6.2872,4050.4250,157.5086,9.47
202,5.23772450,1.0000,4097,4.8664,7.7327,4000.9250,209.9812,9.52
203,5.23772450,1.0000,4097,4.9595,10.0692,4001.5250,256.7077,9.56
204,5.23772450,1.0000,4097,10.0340,14.8145,3885.2750,384.7018,9.61
205,5.23772450,1.0000,4097,2.8934,5.2764,4059.7250,142.8247,9.66
206,5.23772450,1.0000,4097,5.7052,11.9179,3988.7750,298.8167,9.70
207,5.23772450,1.0000,4097,7.0139,14.0829,3949.6250,340.7894,9.75
208,5.23772450,1.0000,4097,5.0774,12.2098,4002.2750,272.5702,9.80
209,5.24059251,1.0000,4097,3.6236,6.4618,4042.4000,159.8612,9.85
210,5.24126222,1.0000,4097,3.1054,6.0327,4053.2000,154.3146,9.89
211,5.24126222,1.0000,4097,6.0938,11.8880,3975.5000,290.8747,9.94
212,5.24126222,1.0000,4097,6.5198,12.2841,3957.2000,319.7519,9.99
213,5.24126222,1.0000,4097,5.8815,8.5824,3994.1000,230.9583,10.03
214,5.24156365,1.0000,4097,4.3584,9.5611,4010.7500,247.4561,10.08
215,5.24156365,1.0000,4097,2.6207,5.5080,4060.1750,140.3346,10.13
216,5.24156365,1.0000,4097,7.7475,11.8535,3932.4500,308.4312,10.18
217,5.24156365,1.0000,4097,2.1603,4.0423,4071.5750,100.2938,10.22
218,5.24156365,1.0000,4097,4.0039,10.8265,4041.9500,236.8970,10.27
219,5.24316816,1.0000,4097,4.7851,9.5049,4018.3250,233.8206,10.32
220,5.24316816,1.0000,4097,8.2946,12.5475,3912.5750,324.2894,10.36
221,5.24474071,1.0000,4097,2.8425,4.9207,4058.5250,127.1941,10.41
222,5.24474071,1.0000,4097,5.4418,11.6757,3986.0000,286.4458,10.46
223,5.24474071,1.0000,4097,4.3674,9.3626,4019.6750,234.5719,10.50
224,5.24474071,1.0000,4097,4.4870,8.5488,4013.2250,226.9182,10.55
225,5.24474071,1.0000,4097,4.4966,8.1221,4022.8250,210.9855,10.60
226,5.24474071,1.0000,4097,4.2421,8.4929,4014.8750,222.1709,10.65
227,5.24474071,1.0000,4097,5.9331,10.9247,3981.7250,276.7505,10.69
228,5.24474071,1.0000,4097,7.5579,13.4163,3937.4750,340.7153,10.74
229,5.24474071,1.0000,4097,6.5227,15.8339,3991.1000,320.5274,10.79
230,5.24474071,1.0000,4097,3.8682,5.9892,4037.9750,151.6713,10.84
231,5.24474071,1.0000,4097,8.6050,14.0243,3901.1000,360.9283,10.89
232,5.24543823,1.0000,4097,7.8368,16.2242,3944.8250,370.0607,10.94
233,5.24543823,1.0000,4097,5.2446,13.2200,4011.2000,272.2943,10.99
234,5.24543823,1.0000,4097,6.7862,14.7779,3961.1750,338.5650,11.04
235,5.24543823,1.0000,4097,8.6632,12.0668,3913.8500,315.6486,11.08
236,5.24543823,1.0000,4097,8.1697,18.1682,3935.3000,372.3928,11.13
237,5.24543823,1.0000,4097,8.0120,13.1019,3923.6000,338.1834,11.18
238,5.24884306,1.0000,4097,5.0683,9.3565,4000.1000,245.9435,11.23
239,5.24884306,1.0000,4097,7.8876,11.9873,3931.6250,304.8708,11.28
240,5.24884306,1.0000,4097,6.2510,12.7437,3964.4750,325.6209,11.33
241,5.24884306,1.0000,4097,5.7306,8.3090,3986.1500,214.7861,11.38
242,5.24884306,1.0000,4097,3.7695,6.9047,4030.4000,186.9209,11.42
243,5.24884306,1.0000,4097,4.1824,10.6869,4033.8500,247.4981,11.47
244,5.24884306,1.0000,4097,6.1341,11.5582,3973.7000,288.0780,11.52
245,5.24884306,1.0000,4097,7.0203,10.6973,3957.9500,285.2861,11.57
246,5.24884306,1.0000,4097,6.0504,11.5939,3972.2000,293.9179,11.62
247,5.24899279,1.0000,4097,6.3844,11.3724,3960.5000,294.3702,11.66
248,5.24899279,1.0000,4097,5.8392,11.2477,3979.3250,292.6373,11.71
249,5.24899279,1.0000,4097,5.0745,9.0514,3996.9500,240.5193,11.76
250,5.25009599,1.0000,4097,5.1745,10.6026,3992.7500,276.3070,11.81
251,5.25009599,1.0000,4097,3.5112,7.2438,4034.7500,190.8690,11.86
252,5.25046758,1.0000,4097,5.1932,10.6723,4005.0500,257.3176,11.91
253,5.25063885,1.0000,4097,4.5779,11.8779,4016.2250,273.5059,11.96
254,5.25611432,1.0000,4097,3.7309,9.4728,4034.6000,220.3951,12.00
255,5.25611432,1.0000,4097,5.7638,9.1057,3992.1500,238.8704,12.05
256,5.25611432,1.0000,4097,3.0941,8.3283,4046.9750,206.3996,12.10
257,5.25623813,1.0000,4097,5.6939,11.0253,3983.9000,276.1770,12.14
258,5.25623813,1.0000,4097,5.5280,8.9366,3987.6500,238.3376,12.19
259,5.25623813,1.0000,4097,6.4680,11.6284,3968.5250,293.2144,12.24
260,5.25623813,1.0000,4097,9.6999,14.6660,3888.4250,361.3892,12.28
261,5.25623813,1.0000,4097,8.1821,11.9854,3925.0250,317.5783,12.33
262,5.25926967,1.0000,4097,7.5463,12.8075,3941.7500,322.1103,12.38
263,5.25926967,1.0000,4097,8.1551,12.7167,3919.4000,332.9021,12.42
264,5.25926967,1.0000,4097,6.0897,11.0764,3982.4750,276.7489,12.47
265,5.25926967,1.0000,4097,3.4773,7.0004,4036.9250,184.9245,12.52
266,5.25932065,1.0000,4097,5.1128,10.3511,3999.1250,264.6705,12.56
267,5.25932065,1.0000,4097,4.6492,10.4209,4023.6500,239.0606,12.61
268,5.25932065,1.0000,4097,2.9965,7.0957,4053.2000,181.7574,12.66
269,5.25932065,1.0000,4097,3.0431,6.0709,4055.9750,150.6756,12.70
270,5.26004012,1.0000,4097,7.3614,12.0285,3938.3750,315.7678,12.75
271,5.26053968,1.0000,4097,7.4224,17.1027,3948.3500,369.6810,12.80
272,5.26053968,1.0000,4097,7.8393,12.1591,3926.2250,318.8171,12.85
273,5.26053968,1.0000,4097,6.9923,13.4128,3957.9500,325.1622,12.89
274,5.26053968,1.0000,4097,3.3094,7.9448,4049.6000,204.7818,12.94
275,5.26596556,1.0000,4097,3.6990,6.6120,4042.8500,173.9146,12.99
276,5.26596556,1.0000,4097,5.0835,10.2527,4000.7750,263.2954,13.04
277,5.26596556,1.0000,4097,5.4731,10.7865,3991.1000,279.4812,13.09
278,5.26596556,1.0000,4097,6.7116,13.0248,3976.2500,310.1982,13.14
279,5.26596556,1.0000,4097,4.2743,8.4664,4019.2250,229.0637,13.18
280,5.26596556,1.0000,4097,5.1628,9.3908,3992.0000,249.6858,13.23
281,5.26596556,1.0000,4097,6.7895,12.2210,3967.5500,304.7286,13.28
282,5.26645328,1.0000,4097,5.3499,10.5806,3996.4250,259.2901,13.33
283,5.26645328,1.0000,4097,6.6758,12.1427,3952.1000,316.4269,13.37
284,5.26645328,1.0000,4097,8.4400,16.9407,3927.5750,388.9324,13.42
285,5.29290001,1.0000,4097,5.6747,10.7194,3982.7750,268.6017,13.47
286,5.29290001,1.0000,4097,3.3257,5.9483,4046.7500,159.5054,13.52
287,5.29290001,1.0000,4097,4.8807,9.4763,4005.3500,243.5826,13.56
288,5.29290001,1.0000,4097,4.2804,7.7470,4010.0000,212.1501,13.61
289,5.29290001,1.0000,4097,5.0611,9.7119,4013.0750,246.9307,13.66
290,5.29290001,1.0000,4097,5.0795,10.2430,4002.2750,262.4125,13.71
291,5.29290001,1.0000,4097,8.7220,13.7013,3904.8500,351.1205,13.75
292,5.29290001,1.0000,4097,3.4379,6.7566,4033.5500,184.7895,13.80
293,5.29292187,1.0000,4097,5.4504,10.0117,3994.3250,254.6252,13.85
294,5.29292187,1.0000,4097,8.2850,12.6801,3923.3750,330.2652,13.90
295,5.29729953,1.0000,4097,4.6326,7.2252,4012.0250,188.5929,13.95
296,5.29729953,1.0000,4097,6.6054,11.0535,3953.9000,291.0620,13.99
297,5.29729953,1.0000,4097,6.7042,12.1306,3972.3500,305.4126,14.04
298,5.29729953,1.0000,4097,4.6755,9.4685,4004.9000,244.2064,14.09
299,5.29729953,1.0000,4097,5.4701,8.4605,3985.9250,232.1848,14.13
300,5.29729953,1.0000,4097,6.6020,12.6216,3967.0250,307.8301,14.18
301,5.29729953,1.0000,4097,8.2065,12.1945,3910.7000,318.5138,14.23
302,5.29735980,1.0000,4097,5.6293,14.1812,4002.8000,307.9583,14.28
303,5.29735980,1.0000,4097,4.1939,9.1063,4020.4250,233.2594,14.32
304,5.29735980,1.0000,4097,5.8000,11.5238,3983.0000,289.0333,14.37
305,5.29735980,1.0000,4097,4.3116,8.1443,4017.5000,211.1987,14.42
306,5.29735980,1.0000,4097,7.4924,14.6512,3944.7500,346.5713,14.46
307,5.29735980,1.0000,4097,4.5164,8.0223,4013.6750,214.0290,14.51
308,5.29735980,1.0000,4097,8.2483,10.7335,3929.0000,278.1665,14.56
309,5.29735980,1.0000,4097,5.8596,11.8779,3975.8750,293.6146,14.61
310,5.29735980,1.0000,4097,8.7683,14.5966,3919.1000,356.9781,14.65
311,5.29987589,1.0000,4097,8.6656,13.5162,3911.2250,338.0412,14.70
312,5.29987589,1.0000,4097,5.3020,11.3919,3995.0000,281.4841,14.75
313,5.29987589,1.0000,4097,5.3197,11.0296,3998.0750,277.0322,14.79
314,5.30360405,1.0000,4097,2.6414,5.1735,4060.8500,134.4136,14.84
315,5.30360405,1.0000,4097,3.8821,8.9166,4033.6250,228.0554,14.88
316,5.30561229,1.0000,4097,4.7125,9.3979,4008.8000,233.7449,14.93
317,5.30561229,1.0000,4097,5.7560,14.8310,3990.2750,320.8828,14.98
318,5.30561229,1.0000,4097,3.9813,7.6386,4031.2250,197.2502,15.02
319,5.30561229,1.0000,4097,7.6164,15.1840,3942.9500,354.3993,15.07
320,5.30598226,1.0000,4097,3.9858,6.9730,4026.9500,187.2004,15.12
321,5.30656133,1.0000,4097,6.1756,10.7322,3973.7750,284.2620,15.16
322,5.30656133,1.0000,4097,8.1243,14.7129,3932.3750,346.6527,15.21
323,5.30656133,1.0000,4097,8.2095,15.7064,3930.2750,350.0949,15.26
324,5.30656133,1.0000,4097,4.6759,8.9858,4004.0750,241.8393,15.31
325,5.30656133,1.0000,4097,4.0612,7.8816,4020.3500,204.0849,15.35
326,5.30656133,1.0000,4097,5.5942,12.5713,3997.0250,294.2405,15.40
327,5.30656133,1.0000,4097,5.5517,8.8393,3988.4750,235.5152,15.45
328,5.30984448,1.0000,4097,6.5782,14.9484,3979.4000,333.4950,15.50
329,5.30984448,1.0000,4097,5.5149,10.8155,4000.1750,257.9171,15.55
330,5.30984448,1.0000,4097,3.5431,6.5856,4041.2000,165.8580,15.60
331,5.30984448,1.0000,4097,5.4370,11.6012,3996.1250,286.1721,15.65
332,5.31415458,1.0000,4097,7.0009,12.1463,3947.0000,316.7096,15.69
333,5.31415458,1.0000,4097,3.4911,6.7932,4049.4500,173.8765,15.74
334,5.31415458,1.0000,4097,3.1950,8.0201,4053.2000,185.4995,15.79
335,5.31415458,1.0000,4097,5.6854,9.7700,3984.8000,253.7119,15.84
336,5.31415458,1.0000,4097,4.8744,9.3526,3996.0500,250.9707,15.89
337,5.31415458,1.0000,4097,5.8835,12.1955,3982.6250,288.9486,15.93
338,5.31415458,1.0000,4097,3.9719,6.0728,4035.1250,151.5381,15.98
339,5.31415458,1.0000,4097,4.2285,9.6167,4027.4750,247.0941,16.03
340,5.31769207,1.0000,4097,7.6692,11.3789,3929.6000,292.8392,16.08
341,5.31769207,1.0000,4097,6.7497,11.0259,3947.6000,294.8110,16.13
342,5.31769207,1.0000,4097,5.1463,10.7378,3994.7750,273.8709,16.18
343,5.31769207,1.0000,4097,5.0257,12.5521,4017.0500,280.5077,16.23
344,5.31769207,1.0000,4097,4.1174,10.7320,4031.3000,241.9522,16.28
345,5.31769207,1.0000,4097,3.5094,6.4973,4047.2000,152.7362,16.32
346,5.31769207,1.0000,4097,5.6423,10.5321,3982.5500,267.7511,16.37
347,5.31769207,1.0000,4097,8.4100,13.1534,3920.7500,342.0321,16.42
348,5.31849202,1.0000,4097,5.5892,10.2516,3981.3500,263.2070,16.46
349,5.31849202,1.0000,4097,3.6485,6.8888,4044.4250,175.5513,16.51
350,5.31849202,1.0000,4097,5.8404,13.5765,3988.9250,308.6820,16.56
351,5.31849202,1.0000,4097,11.1347,18.0076,3859.1000,403.3852,16.61
352,5.31849202,1.0000,4097,6.6599,12.0322,3969.0500,298.6406,16.66
353,5.31956618,1.0000,4097,4.5360,8.2319,4021.9250,215.0243,16.71
354,5.32190588,1.0000,4097,1.9912,3.0561,4080.6500,71.2680,16.75
355,5.32190588,1.0000,4097,5.5658,10.3917,3985.8500,274.5827,16.80
356,5.32190588,1.0000,4097,7.5649,14.4808,3950.0000,335.5450,16.85
357,5.32190588,1.0000,4097,8.1124,14.6497,3933.9500,353.6640,16.89
358,5.32190588,1.0000,4097,3.1698,5.8191,4045.4000,155.5872,16.94
359,5.32190588,1.0000,4097,5.0744,8.6858,4012.5500,225.1675,16.99
360,5.32190588,1.0000,4097,7.1052,11.0044,3946.6250,291.0396,17.03
361,5.32190588,1.0000,4097,3.4387,7.9966,4040.4500,207.3177,17.08
362,5.32190588,1.0000,4097,5.2884,10.7537,3997.6250,250.9829,17.12
363,5.32190588,1.0000,4097,4.9713,9.6520,4004.0750,248.3789,17.17
364,5.32190588,1.0000,4097,3.7969,10.1470,4035.2750,235.1959,17.21
365,5.32337651,1.0000,4097,3.2067,6.1037,4052.3000,150.0807,17.26
366,5.32337651,1.0000,4097,7.9335,12.8907,3930.8750,320.1639,17.31
367,5.32337651,1.0000,4097,5.5259,10.3270,3977.6750,274.2905,17.36
368,5.32337651,1.0000,4097,5.5751,10.9332,3994.8500,256.1304,17.40
369,5.32337651,1.0000,4097,6.7886,11.9320,3959.5250,308.0197,17.45
370,5.32337651,1.0000,4097,4.4142,8.9505,4015.9250,237.7852,17.50
371,5.32337651,1.0000,4097,6.3992,11.8935,3971.0750,296.9004,17.54
372,5.32337651,1.0000,4097,5.4263,9.5806,3992.0750,248.9173,17.59
373,5.32337651,1.0000,4097,4.8479,9.0307,4007.0750,228.3259,17.64
374,5.32337651,1.0000,4097,3.9591,6.2340,4035.0500,160.9487,17.69
375,5.32422034,1.0000,4097,6.6663,13.7217,3970.6250,314.3022,17.73
376,5.32422034,1.0000,4097,2.7130,4.9103,4063.3250,120.1302,17.78
377,5.32422034,1.0000,4097,7.0309,13.3410,3963.9500,318.3688,17.83
378,5.32422034,1.0000,4097,2.7875,5.6886,4052.9750,144.8823,17.88
379,5.32429788,1.0000,4097,5.9888,9.2376,3993.8000,241.9782,17.93
380,5.32429788,1.0000,4097,4.3108,8.7520,4031.0750,220.5342,17.97
381,5.32442146,1.0000,4097,3.1576,7.1709,4047.2000,183.8192,18.02
382,5.32442146,1.0000,4097,5.6675,9.9356,3993.8000,248.9799,18.07
383,5.33077364,1.0000,4097,6.7981,14.1178,3958.4000,328.8055,18.12
384,5.33077364,1.0000,4097,7.5751,12.6070,3941.7500,313.4560,18.17
385,5.33165552,1.0000,4097,5.4402,11.1217,3988.7750,283.3201,18.22
386,5.33165552,1.0000,4097,5.1576,11.9307,4006.4750,276.1653,18.26
387,5.33165552,1.0000,4097,6.0101,13.3984,3990.3500,299.7711,18.31
388,5.33359149,1.0000,4097,4.6306,9.2170,4008.5750,238.4868,18.36
389,5.33359149,1.0000,4097,3.7491,7.0505,4031.5250,185.2556,18.41
390,5.33359149,1.0000,4097,3.8858,7.2630,4040.3750,192.4333,18.46
391,5.33361143,1.0000,4097,5.6806,10.1800,3977.9750,268.0483,18.50
392,5.33361143,1.0000,4097,3.3851,6.2550,4041.7250,163.5879,18.55
393,5.33361143,1.0000,4097,4.5588,8.9900,4014.2000,236.4209,18.60
394,5.33361143,1.0000,4097,5.0715,11.5115,3993.5750,289.9039,18.64
395,5.33377904,1.0000,4097,4.8495,7.9963,4007.0750,214.2875,18.69
396,5.33378569,1.0000,4097,3.8749,8.1278,4028.9750,212.4663,18.74
397,5.33443310,1.0000,4097,8.4342,16.8989,3933.5000,378.0179,18.78
398,5.33443310,1.0000,4097,4.4856,12.4948,4016.3000,270.7039,18.83
399,5.33443310,1.0000,4097,5.3217,11.7927,4009.4750,271.1890,18.88
400,5.33443310,1.0000,4097,5.8005,12.2054,3982.3250,299.8046,18.92
401,5.33443310,1.0000,4097,3.1478,6.3901,4051.7000,158.1142,18.97
402,5.33443310,1.0000,4097,6.2704,11.4718,3975.0500,286.1893,19.02
403,5.33443310,1.0000,4097,7.9109,17.4986,3942.0500,379.2358,19.06
404,5.33542246,1.0000,4097,4.3093,7.2804,4011.8000,195.1728,19.11
405,5.33542246,1.0000,4097,5.8001,9.7915,3987.5000,253.6730,19.16
406,5.33542246,1.0000,4097,6.0767,11.0112,3975.3500,288.5245,19.20
407,5.33542246,1.0000,4097,4.4984,9.2123,4021.1750,227.1576,19.25
408,5.33542246,1.0000,4097,10.1421,14.9329,3872.0000,363.5488,19.29
409,5.33542246,1.0000,4097,8.7316,16.2916,3909.6500,382.9761,19.34
410,5.33542246,1.0000,4097,6.6583,11.3094,3953.6750,293.8894,19.39
411,5.33542246,1.0000,4097,7.4903,14.2171,3938.2250,343.0670,19.43
412,5.33542246,1.0000,4097,7.0035,13.9280,3954.8750,335.5890,19.48
413,5.33542246,1.0000,4097,3.5247,8.2519,4039.5500,211.0096,19.52
414,5.33728704,1.0000,4097,5.8440,10.2334,3987.5000,256.0312,19.57
415,5.33738163,1.0000,4097,2.8833,5.9837,4052.3000,157.2839,19.62
416,5.33794393,1.0000,4097,6.5623,12.4903,3968.7500,305.6518,19.66
417,5.33794393,1.0000,4097,6.1213,13.8706,3984.5750,297.5941,19.71
418,5.33864387,1.0000,4097,3.0081,4.9122,4058.6750,120.5378,19.75
419,5.33864387,1.0000,4097,3.7482,8.3503,4036.8500,208.2159,19.80
420,5.33864387,1.0000,4097,5.8476,10.6211,3977.7500,280.7467,19.84
421,5.34050258,1.0000,4097,5.2474,10.6699,3989.6000,276.7402,19.89
422,5.34050258,1.0000,4097,6.5220,13.0572,3971.3000,327.0893,19.94
423,5.34050258,1.0000,4097,8.0736,12.3263,3919.7750,320.6272,19.99
424,5.34050258,1.0000,4097,5.6062,11.5277,3992.3000,274.3752,20.03
425,5.34050258,1.0000,4097,5.5702,13.9543,3991.2500,325.5309,20.08
426,5.34061869,1.0000,4097,3.1959,6.7034,4050.9500,172.1469,20.13
427,5.34061869,1.0000,4097,2.3916,5.3043,4064.3750,136.5184,20.18
428,5.34100922,1.0000,4097,4.6480,9.4990,4010.1500,234.9030,20.22
429,5.34100922,1.0000,4097,3.7844,7.4470,4028.0750,196.6871,20.27
430,5.34100922,1.0000,4097,6.1294,12.2649,3987.2000,285.6740,20.31
431,5.34100922,1.0000,4097,6.2364,13.0754,3989.4500,309.6362,20.36
432,5.34136046,1.0000,4097,4.0760,9.4524,4028.3000,223.4082,20.41
433,5.34136046,1.0000,4097,6.4023,11.1682,3975.9500,286.8920,20.46
434,5.34136046,1.0000,4097,4.4614,7.4388,4022.8250,199.0608,20.50
435,5.34388452,1.0000,4097,4.0387,6.3326,4041.5750,160.2811,20.55
436,5.34388452,1.0000,4097,6.6461,11.2634,3958.8500,292.6261,20.60
437,5.34388452,1.0000,4097,3.3670,8.1915,4048.0250,196.5714,20.64
438,5.34388452,1.0000,4097,7.0817,12.7691,3948.5000,321.3489,20.69
439,5.34388452,1.0000,4097,5.4734,11.2718,3986.0000,287.6443,20.74
440,5.34450089,1.0000,4097,5.4189,8.8060,3991.2500,237.8839,20.78
441,5.34450089,1.0000,4097,4.9804,10.1773,4000.1750,246.9621,20.83
442,5.34464849,1.0000,4097,5.3021,8.3409,3997.4000,221.7720,20.88
443,5.34464849,1.0000,4097,7.6553,14.1605,3935.5250,342.0624,20.92
444,5.34725996,1.0000,4097,7.8039,16.7048,3948.7250,372.7383,20.97
445,5.34725996,1.0000,4097,5.1163,8.6750,4002.2750,223.9163,21.02
446,5.34725996,1.0000,4097,5.8625,9.3507,3974.6000,252.9226,21.07
447,5.35113887,1.0000,4097,4.3423,9.5017,4011.2000,245.9120,21.11
448,5.35113887,1.0000,4097,3.0447,6.8368,4052.6000,175.3810,21.16
449,5.35113887,1.0000,4097,6.1696,9.7446,3973.1750,259.0635,21.20
450,5.35141315,1.0000,4097,3.2700,8.6212,4041.2750,212.2941,21.25
451,5.35174804,1.0000,4097,6.3718,11.3350,3968.7500,288.9498,21.30
452,5.35247167,1.0000,4097,4.9722,9.2366,4001.0750,239.1261,21.34
453,5.35264829,1.0000,4097,6.4679,12.6997,3977.6750,302.3760,21.39
454,5.35264829,1.0000,4097,8.0484,13.3452,3927.0500,320.7423,21.43
455,5.35314487,1.0000,4097,2.8794,7.7218,4054.3250,185.3584,21.48
456,5.35314487,1.0000,4097,4.8406,9.3654,4007.9000,238.4200,21.53
457,5.35314487,1.0000,4097,6.4912,11.4973,3964.1750,289.8223,21.58
458,5.35314487,1.0000,4097,6.5083,10.5708,3968.3750,279.9775,21.63
459,5.35342288,1.0000,4097,5.6039,10.0692,3994.4750,261.4478,21.67
460,5.35342288,1.0000,4097,2.8976,5.0489,4058.8250,128.8254,21.72
461,5.35344474,1.0000,4097,5.9009,10.1595,3981.2000,261.4322,21.77
462,5.35344474,1.0000,4097,4.9359,8.7600,4014.3500,224.6056,21.81
463,5.35344474,1.0000,4097,3.9464,9.8496,4033.6250,237.8152,21.86
464,5.35344474,1.0000,4097,5.2739,13.7182,4007.6750,295.3960,21.91
465,5.35344474,1.0000,4097,5.3994,10.7587,3988.9250,263.6030,21.95
466,5.35344474,1.0000,4097,4.9973,10.9492,4000.2500,275.4833,22.00
467,5.35344474,1.0000,4097,7.9571,13.5426,3930.3500,334.3930,22.05
468,5.35344474,1.0000,4097,5.1071,9.2329,4001.7500,244.8749,22.10
469,5.35344474,1.0000,4097,10.7598,16.4240,3861.8000,388.7222,22.14
470,5.35344474,1.0000,4097,3.0843,8.2986,4050.2000,207.5491,22.19
471,5.35431641,1.0000,4097,5.5922,13.0545,3992.3750,302.3415,22.24
472,5.36496486,1.0000,4097,3.1986,5.6938,4046.8250,147.4951,22.28
473,5.36496486,1.0000,4097,4.4178,8.7182,4032.5750,210.5062,22.33
474,5.36496486,1.0000,4097,5.6142,11.8133,3988.4000,277.7644,22.38
475,5.36496486,1.0000,4097,7.6597,10.9943,3934.9250,293.2195,22.43
476,5.36496486,1.0000,4097,2.8730,6.1972,4055.9000,157.5517,22.48
477,5.36496486,1.0000,4097,6.4048,13.1578,3975.4250,308.2965,22.52
478,5.36496486,1.0000,4097,3.4350,6.7055,4038.8750,179.4538,22.57
479,5.36496486,1.0000,4097,4.5267,9.3263,4019.7500,228.0846,22.62
480,5.36593882,1.0000,4097,4.9518,9.8122,4005.2000,250.1097,22.67
481,5.36739151,1.0000,4097,2.6581,5.6589,4061.6000,143.7845,22.72
482,5.36739151,1.0000,4097,6.6063,10.4269,3975.2750,273.7513,22.76
483,5.36739151,1.0000,4097,4.8151,8.6746,3997.9250,228.7847,22.81
484,5.36739151,1.0000,4097,6.0679,14.0086,3985.6250,296.4830,22.86
485,5.37373889,1.0000,4097,7.4872,15.8246,3948.2750,359.6041,22.90
486,5.37373889,1.0000,4097,4.5670,11.0060,4009.7750,272.7200,22.95
487,5.37373889,1.0000,4097,5.0617,11.1706,4011.8750,277.4414,23.00
488,5.37373889,1.0000,4097,6.5179,14.0746,3962.1500,339.8743,23.04
489,5.37373889,1.0000,4097,4.7857,8.9509,4012.6250,233.4004,23.09
490,5.37373889,1.0000,4097,5.2868,11.0560,3990.8000,278.2981,23.14
491,5.37428542,1.0000,4097,5.9870,10.4695,3981.9500,273.3546,23.19
492,5.37428542,1.0000,4097,7.3757,12.1404,3953.4500,291.3103,23.24
493,5.37457129,1.0000,4097,4.6877,9.3673,4010.6750,233.8620,23.28
494,5.37457129,1.0000,4097,3.1421,5.4536,4060.0250,131.6918,23.33
495,5.37490447,1.0000,4097,5.3077,10.9451,3996.2750,268.9311,23.38
496,5.37620117,1.0000,4097,4.6908,10.0287,4004.7500,261.6369,23.42
497,5.37718811,1.0000,4097,3.0366,4.8381,4069.7000,117.7797,23.47
498,5.37718811,1.0000,4097,6.3343,11.1905,3960.9500,292.9762,23.52
499,5.37718811,1.0000,4097,7.3571,12.8521,3949.7750,305.2494,23.57
500,5.37718811,1.0000,4097,4.1200,7.6577,4030.0250,192.1621,23.61
501,5.37718811,1.0000,4097,6.1035,11.0623,3968.6000,286.8400,23.66
502,5.37718811,1.0000,4097,7.0992,12.5108,3951.2750,319.9946,23.71
503,5.37718811,1.0000,4097,4.0304,6.7491,4034.9000,177.7145,23.76
504,5.37757058,1.0000,4097,3.9423,8.1610,4024.0250,216.4135,23.81
505,5.37757058,1.0000,4097,5.9173,11.6123,3990.2000,279.1498,23.85
506,5.37767652,1.0000,4097,5.4768,10.4880,3998.6750,262.3444,23.90
507,5.37862193,1.0000,4097,5.3896,11.8062,3993.6500,286.9825,23.95
508,5.37862193,1.0000,4097,4.9880,8.1460,4006.2500,213.8158,24.00
509,5.37862193,1.0000,4097,6.2105,10.8735,3971.2250,282.5439,24.05
510,5.37862193,1.0000,4097,7.5771,12.2997,3932.3000,316.0659,24.09
511,5.37862193,1.0000,4097,7.8969,14.0459,3938.1500,334.4300,24.14
512,5.37862193,1.0000,4097,3.7503,5.6736,4043.6750,138.3053,24.19
513,5.37862193,1.0000,4097,7.8413,11.6401,3922.3250,305.9879,24.23
514,5.37970807,1.0000,4097,4.0846,8.5913,4030.3250,212.7796,24.28
515,5.37970807,1.0000,4097,5.2412,11.3127,4001.3000,284.2647,24.33
516,5.37970807,1.0000,4097,5.8040,10.8549,3978.2750,279.7417,24.37
517,5.37970807,1.0000,4097,4.0606,7.0626,4038.1250,184.4069,24.42
518,5.37970807,1.0000,4097,6.4427,14.3261,3975.6500,334.8650,24.47
519,5.37970807,1.0000,4097,4.5500,10.4851,4009.1000,261.2363,24.52
520,5.38020112,1.0000,4097,6.9850,11.1667,3946.9250,297.2919,24.57
521,5.38020112,1.0000,4097,6.8907,11.9118,3957.4250,301.1983,24.61
522,5.38365154,1.0000,4097,6.7595,12.6848,3957.8750,330.3957,24.66
523,5.38365154,1.0000,4097,3.7529,8.0692,4025.3750,218.6249,24.71
524,5.38365154,1.0000,4097,8.9216,14.1072,3907.7750,344.4559,24.75
525,5.38365154,1.0000,4097,5.5931,11.0091,3986.8250,279.2869,24.80
526,5.38365154,1.0000,4097,6.0208,10.9056,3968.9000,288.5005,24.85
527,5.38365154,1.0000,4097,4.4205,10.4431,4020.9500,249.3120,24.90
528,5.38365154,1.0000,4097,6.0762,13.3220,3985.2500,312.7597,24.94
529,5.38365154,1.0000,4097,6.0162,10.3170,3980.4500,261.4819,25.00
530,5.38365154,1.0000,4097,4.2671,7.0376,4024.3250,192.2137,25.04
531,5.38365154,1.0000,4097,8.2092,16.3036,3933.1250,378.0986,25.09
532,5.38365154,1.0000,4097,4.8342,7.2722,4017.1250,186.5637,25.14
533,5.38776475,1.0000,4097,4.3356,7.7017,4024.7750,200.6139,25.19
534,5.38776475,1.0000,4097,5.7172,11.3595,3980.3000,291.9724,25.23
535,5.38776475,1.0000,4097,3.7944,7.5279,4032.2000,201.7194,25.28
536,5.38776475,1.0000,4097,6.6722,15.1514,3970.9250,348.5191,25.33
537,5.38813760,1.0000,4097,6.7193,14.4416,3956.8250,333.5583,25.38
538,5.38813760,1.0000,4097,3.0344,5.8538,4053.8750,152.1693,25.43
539,5.38824843,1.0000,4097,5.2500,8.8666,3993.2750,233.8922,25.47
540,5.39034720,1.0000,4097,3.5436,7.4489,4034.1500,196.1355,25.52
541,5.39034720,1.0000,4097,6.2909,10.7802,3964.7750,283.3741,25.57
542,5.39034720,1.0000,4097,7.1673,13.0867,3949.9250,334.8768,25.62
543,5.39045661,1.0000,4097,6.4961,9.9329,3961.5500,260.2062,25.66
544,5.40390294,1.0000,4097,7.1600,15.0915,3951.5750,357.7882,25.71
545,5.40390294,1.0000,4097,7.4250,13.7274,3947.9000,336.8695,25.76
546,5.40393756,1.0000,4097,2.8438,5.7653,4049.9000,152.6602,25.80
547,5.40393756,1.0000,4097,7.9155,12.2687,3936.7250,317.0028,25.85
548,5.40393756,1.0000,4097,2.1892,4.3560,4076.7500,110.9326,25.89
549,5.41595326,1.0000,4097,5.7352,12.4814,3980.3750,306.6018,25.94
550,5.41595326,1.0000,4097,6.2985,11.4145,3968.3000,289.5224,25.99
551,5.41595326,1.0000,4097,8.3187,13.5604,3929.0750,340.9857,26.03
552,5.41595326,1.0000,4097,1.7009,2.7976,4087.1750,58.5422,26.08
553,5.41595326,1.0000,4097,3.7136,7.5547,4031.0000,192.6435,26.13
554,5.41595946,1.0000,4097,2.9600,6.1493,4061.1500,154.2580,26.17
555,5.41595946,1.0000,4097,4.3167,8.9895,4018.2500,229.8935,26.22
556,5.41595946,1.0000,4097,6.1110,10.8139,3963.1250,284.3501,26.27
557,5.41595946,1.0000,4097,4.3803,8.2063,4011.5750,219.8429,26.32
558,5.41770634,1.0000,4097,5.2803,13.6568,4007.4500,294.7838,26.36
559,5.41770634,1.0000,4097,5.6028,9.3185,3991.4750,242.3230,26.41
560,5.41995794,1.0000,4097,5.6703,13.3783,3985.4750,328.2210,26.46
561,5.41995794,1.0000,4097,6.1044,10.2133,3981.4250,267.8103,26.51
562,5.41995794,1.0000,4097,4.7938,12.0367,4009.7000,280.2623,26.55
563,5.41995794,1.0000,4097,6.6507,11.2791,3963.5000,288.7677,26.60
564,5.42017472,1.0000,4097,2.8536,6.3952,4054.1000,167.1746,26.65
565,5.42263555,1.0000,4097,3.9159,8.7928,4020.0500,231.5832,26.70
566,5.42263555,1.0000,4097,4.4019,8.6189,4010.3000,226.7966,26.74
567,5.42263555,1.0000,4097,2.0746,4.3705,4071.5750,111.6749,26.79
568,5.42281934,1.0000,4097,4.5901,8.5347,4012.3250,226.8796,26.83
569,5.42281934,1.0000,4097,3.4159,5.8429,4040.4500,149.0423,26.88
570,5.42281934,1.0000,4097,6.1692,12.2432,3974.9000,308.7437,26.93
571,5.42281934,1.0000,4097,2.9988,6.4633,4049.8250,170.4372,26.98
572,5.42281934,1.0000,4097,3.6941,6.7194,4037.0000,178.5693,27.03
573,5.42383345,1.0000,4097,4.3367,7.6692,4013.3750,199.0384,27.08
574,5.42383345,1.0000,4097,7.0468,14.4448,3967.6250,312.4937,27.13
575,5.42383345,1.0000,4097,6.3733,12.1539,3969.2000,305.5318,27.17
576,5.42383345,1.0000,4097,5.2642,9.9485,3991.5500,246.6144,27.22
577,5.42383345,1.0000,4097,5.1678,11.1657,3993.8000,270.4020,27.27
578,5.42383345,1.0000,4097,5.6352,10.7383,3980.9000,279.7701,27.32
579,5.42383345,1.0000,4097,8.0175,12.0982,3917.3000,319.2632,27.37
580,5.42385393,1.0000,4097,3.5587,6.0150,4040.4500,156.8566,27.42
581,5.42435232,1.0000,4097,5.0233,8.9084,3995.6000,237.1748,27.47
582,5.42435232,1.0000,4097,5.5070,9.9772,3983.0750,261.6075,27.51
583,5.42435232,1.0000,4097,3.6046,6.8726,4046.5250,176.3631,27.56
584,5.42435232,1.0000,4097,6.4402,11.9476,3959.4500,305.2605,27.61
585,5.42435232,1.0000,4097,3.2973,5.9546,4046.8250,148.6923,27.66
586,5.42435232,1.0000,4097,3.3083,5.7660,4046.1500,147.0060,27.71
587,5.42578667,1.0000,4097,4.0158,9.2956,4029.7250,211.9271,27.76
588,5.42578667,1.0000,4097,4.1554,7.7085,4030.7000,194.3248,27.81
589,5.42578667,1.0000,4097,6.2013,12.2700,3971.0750,301.6063,27.85
590,5.42901537,1.0000,4097,5.7639,11.6029,3985.2500,294.1750,27.90
591,5.42901538,1.0000,4097,4.8424,10.0091,4006.7000,247.8659,27.95
592,5.42901538,1.0000,4097,3.8175,7.1666,4025.0750,196.8758,27.99
593,5.42901538,1.0000,4097,3.8247,7.5540,4030.4000,197.0833,28.04
594,5.42949523,1.0000,4097,4.2643,7.7062,4010.4500,213.4680,28.09
595,5.43002252,1.0000,4097,4.3225,6.9025,4022.5250,179.2044,28.14
596,5.43002252,1.0000,4097,6.9898,12.8307,3967.4750,321.5280,28.18
597,5.43101135,1.0000,4097,5.7738,11.3778,3989.0000,275.7300,28.23
598,5.43101135,1.0000,4097,5.9020,12.7586,3981.8750,294.4861,28.28
599,5.43101135,1.0000,4097,3.6080,6.6445,4032.1250,177.2867,28.33
600,5.43101135,1.0000,4097,7.9676,13.7316,3928.2500,352.7812,28.38
601,5.43539779,1.0000,4097,6.4609,10.7108,3954.8750,282.7480,28.43
602,5.43539779,1.0000,4097,6.7928,11.4321,3956.6750,297.7963,28.47
603,5.43539779,1.0000,4097,3.9155,9.6631,4027.2500,243.0201,28.52
604,5.43539779,1.0000,4097,8.2604,14.3902,3919.9250,353.1208,28.57
605,5.43539779,1.0000,4097,6.8459,13.1765,3951.3500,327.3095,28.61
606,5.43539779,1.0000,4097,9.0129,15.3912,3904.0250,362.7448,28.66
607,5.43539779,1.0000,4097,5.9356,10.0607,3985.4750,260.3880,28.71
608,5.43539779,1.0000,4097,7.7364,12.0365,3922.2500,321.9643,28.75
609,5.43539779,1.0000,4097,5.5305,10.9790,3985.9250,276.0126,28.80
610,5.43539779,1.0000,4097,4.1272,7.8686,4021.9250,213.2053,28.85
611,5.43539779,1.0000,4097,5.1379,8.1332,3998.7500,215.3237,28.89
612,5.43539779,1.0000,4097,6.0663,13.3376,3984.1250,311.1780,28.94
613,5.43539779,1.0000,4097,4.0122,9.0705,4019.6750,238.5467,28.99
614,5.43539779,1.0000,4097,8.5826,14.5986,3914.4500,357.6313,29.04
615,5.43539779,1.0000,4097,3.1551,6.0339,4058.9000,149.4623,29.08
616,5.43597911,1.0000,4097,7.4620,14.4529,3933.0500,362.9402,29.13
617,5.43597911,1.0000,4097,6.6212,10.1132,3967.1000,261.1631,29.18
618,5.43597911,1.0000,4097,3.8843,8.0450,4036.8500,208.8040,29.22
619,5.43664251,1.0000,4097,4.1936,8.8952,4023.8750,228.6698,29.27
620,5.44268560,1.0000,4097,7.1722,12.8207,3946.8500,318.1110,29.32
621,5.44268560,1.0000,4097,5.0915,10.8248,4009.6250,264.4642,29.37
622,5.44268560,1.0000,4097,9.9051,13.1914,3872.9750,349.9654,29.42
623,5.44268560,1.0000,4097,7.1829,14.0855,3942.6500,336.3741,29.47
624,5.44268560,1.0000,4097,3.0882,6.3352,4051.1750,162.0777,29.52
625,5.44268560,1.0000,4097,5.6566,10.8307,3983.7500,271.7632,29.57
626,5.44268560,1.0000,4097,6.1461,12.8940,3986.5250,310.4898,29.62
627,5.44268560,1.0000,4097,7.2945,14.8531,3966.2750,320.7545,29.66
628,5.44268560,1.0000,4097,6.6532,12.1165,3958.1000,315.1273,29.71
629,5.44284819,1.0000,4097,4.9414,8.0166,4003.5500,224.1008,29.76
630,5.44284819,1.0000,4097,5.6666,9.4982,3995.0750,236.0663,29.81
631,5.44284819,1.0000,4097,8.6602,17.4415,3926.4500,378.7846,29.86
632,5.44284819,1.0000,4097,5.1385,9.6132,3995.5250,255.2239,29.90
633,5.44284819,1.0000,4097,5.6509,13.8608,3999.9500,306.9848,29.95
634,5.44284819,1.0000,4097,5.5522,8.8839,3989.0750,242.5408,30.00
635,5.44284819,1.0000,4097,4.9775,9.7016,4004.9000,253.4496,30.05
636,5.44284819,1.0000,4097,5.5450,11.0452,3983.9000,272.2045,30.10
637,5.44284819,1.0000,4097,6.7106,11.3017,3951.8000,298.7327,30.15
638,5.44284819,1.0000,4097,6.0490,11.8904,3976.9250,289.9283,30.19
639,5.44529731,1.0000,4097,6.4374,11.4228,3970.2500,296.3202,30.24
640,5.44529731,1.0000,4097,4.8403,9.7206,4005.7250,242.4725,30.29
641,5.44529731,1.0000,4097,3.2963,6.9926,4046.0750,182.8087,30.34
642,5.44529731,1.0000,4097,4.7795,9.9873,4007.2250,249.2081,30.38
643,5.44529731,1.0000,4097,4.2663,7.4687,4020.6500,197.3363,30.43
644,5.44530008,1.0000,4097,6.1961,10.1602,3968.3000,263.3539,30.48
645,5.44726687,1.3369,4097,7.3268,11.5095,3939.1250,298.4357,30.53
646,5.44726687,1.3369,4097,2.1896,3.3321,4080.0500,64.1907,30.57
647,5.44726687,1.3369,4097,5.6538,13.6119,3995.9750,314.1942,30.62
648,5.44726687,1.3369,4097,6.1690,9.6226,3974.5250,256.6542,30.67
649,5.44792708,1.0000,4097,4.3819,7.8293,4016.2250,206.9928,30.72
650,5.44792708,1.0000,4097,4.0736,8.3301,4023.9500,215.9558,30.76
651,5.44792708,1.0000,4097,8.6598,17.8732,3928.9250,391.2652,30.81
652,5.44792708,1.0000,4097,4.8939,12.7561,4020.5000,284.6082,30.86
653,5.44792708,1.0000,4097,6.8073,12.5768,3956.5250,316.8466,30.90
654,5.44792708,1.0000,4097,4.8347,10.7572,4003.7000,269.7714,30.95
655,5.44792708,1.0000,4097,3.5828,7.5692,4033.4750,202.4977,31.00
656,5.44830504,1.0000,4097,2.3577,4.8080,4074.2000,121.8122,31.05
657,5.44984605,1.0000,4097,7.4563,11.7432,3935.6000,295.8084,31.09
658,5.44984605,1.0000,4097,2.8337,5.9663,4059.7250,152.8100,31.14
659,5.44984605,1.0000,4097,8.0840,15.4049,3935.0000,355.6841,31.19
660,5.44984605,1.0000,4097,7.6162,12.9302,3928.4750,330.7661,31.23
661,5.44984605,1.0000,4097,3.2930,7.5671,4040.0000,191.4567,31.28
662,5.44984605,1.0000,4097,5.2116,9.1694,4002.2750,249.5325,31.33
663,5.45050358,1.0000,4097,7.0896,14.5873,3969.5000,317.9434,31.38
664,5.45322606,1.0000,4097,6.1848,12.5076,3974.7500,303.0897,31.42
665,5.45322606,1.0000,4097,5.4071,10.4593,3993.7250,266.5149,31.47
666,5.45370914,1.0000,4097,2.7506,6.0391,4057.3250,153.9975,31.52
667,5.45884823,1.0000,4097,3.5016,5.5666,4043.9750,142.6411,31.57
668,5.45884823,1.0000,4097,4.1084,7.6160,4028.0750,197.3609,31.61
669,5.45884823,1.0000,4097,4.8885,8.8449,4003.8500,230.0327,31.66
670,5.45884823,1.0000,4097,6.3335,12.8574,3977.9750,305.0827,31.71
671,5.45884823,1.0000,4097,3.9144,6.7646,4029.8750,183.2994,31.76
672,5.45884823,1.0000,4097,4.3709,7.0184,4036.0250,175.5620,31.81
673,5.45884823,1.0000,4097,6.2843,12.2367,3972.0500,308.3816,31.85
674,5.45884823,1.0000,4097,3.0858,8.8640,4049.2250,214.4763,31.90
675,5.45884823,1.0000,4097,4.6748,10.6615,4021.2500,253.2005,31.95
676,5.46281250,1.0000,4097,9.0200,14.2745,3913.9250,353.9876,32.00
677,5.46281250,1.0000,4097,2.8815,6.8775,4060.4750,171.4322,32.05
678,5.46281250,1.0000,4097,7.9921,12.0480,3929.5250,311.2635,32.10
679,5.46281250,1.0000,4097,5.2176,11.7397,3996.3500,280.6243,32.15
680,5.46325474,1.0000,4097,3.9800,7.0402,4024.1000,193.5060,32.19
681,5.46325474,1.0000,4097,3.6586,6.7654,4039.9250,171.9271,32.24
682,5.46411543,1.0000,4097,4.9578,9.5227,4003.3250,240.5548,32.29
683,5.46411543,1.0000,4097,3.1902,7.1997,4043.9000,183.4227,32.34
684,5.46411543,1.0000,4097,4.3153,7.5357,4027.1750,195.6083,32.39
685,5.46411543,1.0000,4097,8.7048,14.4335,3919.4750,353.8613,32.43
686,5.46411543,1.0000,4097,5.5027,11.2180,3995.2250,265.2095,32.48
687,5.46411543,1.0000,4097,3.0590,6.4812,4051.1000,167.8783,32.53
688,5.46411543,1.0000,4097,6.2871,12.1789,3971.4500,304.6142,32.58
689,5.46411543,1.0000,4097,3.6412,8.0471,4033.1000,210.1930,32.62
690,5.46411543,1.0000,4097,5.5945,14.5859,4010.6000,311.8833,32.67
691,5.46411543,1.0000,4097,5.4678,11.0470,3986.3750,275.7473,32.72
692,5.46411543,1.0000,4097,3.5093,6.7687,4049.3750,172.8898,32.77
693,5.46717347,1.0000,4097,6.7773,11.9109,3954.9500,304.1300,32.81
694,5.46717347,1.0000,4097,5.6336,10.2373,3985.7750,267.5399,32.86
695,5.46717347,1.0000,4097,6.5043,8.7928,3968.1500,232.0999,32.91
696,5.46717347,1.0000,4097,7.3187,15.2820,3951.7250,347.4836,32.95
697,5.46717347,1.0000,4097,8.1695,13.5644,3930.3500,336.6863,33.00
698,5.46717347,1.0000,4097,6.2641,12.3825,3962.7500,311.7682,33.05
699,5.46717347,1.0000,4097,7.9691,12.3588,3926.0750,320.4398,33.10
700,5.46717347,1.0000,4097,5.1412,9.7768,4005.8750,251.1859,33.15
701,5.46717347,1.0000,4097,5.6798,11.3931,3977.5250,287.7389,33.19
702,5.46717347,1.0000,4097,7.9630,13.3112,3926.3000,336.3987,33.24
703,5.46717347,1.0000,4097,2.6221,7.0879,4056.7250,183.2824,33.29
704,5.46717347,1.0000,4097,4.5113,9.1268,4017.2000,233.9892,33.34
705,5.46717347,1.0000,4097,8.2507,14.0491,3915.1250,358.7514,33.38
706,5.46717347,1.0000,4097,5.1442,11.2082,4004.0000,270.9708,33.43
707,5.46738810,1.0000,4097,3.7586,8.1782,4040.6750,193.3435,33.48
708,5.46738810,1.0000,4097,4.3102,8.0704,4015.7000,214.0830,33.53
709,5.46738810,1.0000,4097,5.0544,9.9356,3996.7250,258.7740,33.58
710,5.46750326,1.0000,4097,7.3570,12.2857,3940.7750,316.1140,33.62
711,5.46755681,1.0000,4097,5.1693,9.5600,3987.7250,251.9329,33.67
712,5.46755681,1.0000,4097,2.9048,5.2313,4056.2000,133.0032,33.72
713,5.46755681,1.0000,4097,8.7165,17.4723,3922.0250,383.9205,33.77
714,5.46765832,1.0000,4097,7.0966,12.0786,3950.8250,310.4195,33.82
715,5.46801517,1.0000,4097,6.2093,10.2180,3970.7750,271.2516,33.87
716,5.46843726,1.0000,4097,7.4593,13.5732,3939.4250,344.1727,33.91
717,5.46843726,1.0000,4097,5.0703,9.6622,3993.5000,255.5474,33.96
718,5.46843726,1.0000,4097,6.8211,12.1563,3961.0250,307.5413,34.01
719,5.46843726,1.0000,4097,5.2596,11.3881,4012.1750,264.8611,34.05
720,5.46955009,1.0000,4097,9.8551,17.3289,3894.2750,397.8236,34.10
721,5.46955009,1.0000,4097,7.6420,12.0946,3932.4500,314.0310,34.15
722,5.46955009,1.0000,4097,7.0582,13.0778,3959.3750,319.7367,34.20
723,5.46955009,1.0000,4097,3.6275,6.2241,4043.7500,159.5294,34.25
724,5.46955009,1.0000,4097,4.9444,9.4965,4005.2750,246.8308,34.30
725,5.46955009,1.0000,4097,5.0550,10.2739,4007.3000,252.1516,34.35
726,5.46955009,1.0000,4097,4.9795,9.6520,4000.1750,251.4718,34.40
727,5.46955009,1.0000,4097,5.5628,10.7554,3996.5750,259.4818,34.44
728,5.47015038,1.0000,4097,6.5036,11.4515,3968.9750,297.7607,34.49
729,5.47015038,1.0000,4097,4.3346,7.8261,4022.2250,199.1076,34.54
730,5.47015038,1.0000,4097,8.4093,13.6167,3915.4250,345.9164,34.59
731,5.47015038,1.0000,4097,6.5085,14.2595,3976.1750,326.3698,34.64
732,5.47058353,1.0000,4097,4.6999,7.9287,4017.4250,209.6944,34.69
733,5.47058353,1.0000,4097,6.4340,12.4412,3963.5750,311.8817,34.74
734,5.47092450,1.0000,4097,4.0793,8.9977,4021.7750,233.1450,34.78
735,5.47092450,1.0000,4097,5.3913,9.4343,3992.1500,243.7266,34.83
736,5.47092450,1.0000,4097,3.7808,6.7582,4032.7250,178.4318,34.88
737,5.47092450,1.0000,4097,3.3308,6.9427,4047.7250,176.0464,34.93
738,5.47092450,1.0000,4097,3.3414,6.6643,4038.8000,174.4453,34.98
739,5.47092450,1.0000,4097,4.5718,8.8363,4010.4500,236.6851,35.02
740,5.47092450,1.0000,4097,4.6210,9.3546,4006.4750,246.0475,35.07
741,5.47092450,1.0000,4097,6.3757,12.7962,3965.4500,311.3760,35.12
742,5.47092450,1.0000,4097,5.8669,13.2793,3976.2500,308.8199,35.16
743,5.47092450,1.0000,4097,4.9470,8.5183,4000.4750,227.8489,35.21
744,5.47092450,1.0000,4097,4.2525,8.7352,4018.8500,229.5666,35.25
745,5.47092450,1.0000,4097,5.9750,11.7695,3980.3000,293.8850,35.30
746,5.47092450,1.0000,4097,4.9569,10.3017,4002.6500,264.8831,35.35
747,5.47092450,1.0000,4097,7.2389,12.5355,3941.7500,315.2169,35.40
748,5.47092450,1.0000,4097,2.6937,5.5936,4054.1750,152.4888,35.45
749,5.47169928,1.0000,4097,7.8504,11.7387,3930.8750,310.4483,35.49
750,5.47169928,1.0000,4097,5.1357,9.4926,3999.2750,249.0631,35.54
751,5.47247843,1.0000,4097,3.0335,5.7780,4053.2000,145.6913,35.59
752,5.47270195,1.0000,4097,2.0910,3.6497,4074.2750,84.6348,35.63
753,5.47502864,1.0000,4097,4.0481,6.5500,4027.2500,176.5835,35.68
754,5.47502864,1.0000,4097,7.5683,14.0180,3936.8000,347.7787,35.73
755,5.47502864,1.0000,4097,5.9476,11.2807,3968.3750,293.0719,35.77
756,5.47816436,1.0000,4097,4.8427,10.4094,4000.7750,268.9039,35.82
757,5.47851784,1.0000,4097,4.8301,9.3218,4013.3000,245.7134,35.87
758,5.47851784,1.0000,4097,4.3180,9.5721,4016.4500,242.2020,35.92
759,5.47855215,1.0000,4097,6.6170,10.9239,3965.7500,285.2018,35.97
760,5.47855215,1.0000,4097,4.8511,10.8256,4003.5500,260.7771,36.02
761,5.47855215,1.0000,4097,6.9783,13.9440,3953.8250,339.3045,36.06
762,5.47911789,1.0000,4097,7.4778,13.2062,3944.4500,327.2693,36.11
763,5.47911789,1.0000,4097,5.7452,10.6680,3978.6500,275.9086,36.16
764,5.47960813,1.0000,4097,6.3605,13.6586,3974.6000,304.8745,36.21
765,5.47960813,1.0000,4097,5.2551,12.8750,4004.0000,292.6915,36.25
766,5.47960813,1.0000,4097,8.2347,15.0464,3941.2250,358.1141,36.30
767,5.47960813,1.0000,4097,6.1905,14.5746,3998.0000,301.9862,36.35
768,5.48078775,1.0000,4097,4.5302,8.5011,4016.7500,220.0329,36.40
769,5.48078775,1.0000,4097,5.4492,11.2860,3991.7750,279.6174,36.45
770,5.48078775,1.0000,4097,4.2849,10.8139,4027.1000,250.9910,36.50
771,5.48186904,1.0000,4097,4.2574,10.3176,4014.1250,257.6751,36.54
772,5.48186904,1.0000,4097,3.3826,6.7286,4040.5250,171.3521,36.59
773,5.48192634,1.0000,4097,6.5957,11.7500,3959.7500,297.8494,36.64
774,5.48196659,1.0000,4097,8.8182,17.4359,3914.3750,385.7288,36.69
775,5.48196659,1.0000,4097,8.7677,15.5319,3906.2000,368.8358,36.74
776,5.48196659,1.0000,4097,5.7947,12.1889,3989.6750,290.6638,36.79
777,5.48196659,1.0000,4097,6.5920,10.5918,3958.1000,281.3907,36.83
778,5.48196659,1.0000,4097,4.0665,8.3660,4027.4750,220.8578,36.88
779,5.48196659,1.0000,4097,5.5550,10.5248,3999.9500,258.2376,36.93
780,5.48244650,1.0000,4097,3.7625,7.4886,4041.0500,190.9760,36.98
781,5.48244650,1.0000,4097,4.1236,10.3515,4024.5500,248.1460,37.03
782,5.48244650,1.0000,4097,4.3469,11.5803,4035.7250,239.5645,37.08
783,5.48361581,1.0000,4097,7.0129,11.5449,3947.6000,290.8764,37.13
784,5.48361581,1.0000,4097,3.7862,6.8673,4039.0250,173.8867,37.17
785,5.48361581,1.0000,4097,7.9394,11.6886,3936.6500,308.5715,37.22
786,5.48361581,1.0000,4097,3.6203,6.0819,4044.6500,161.6440,37.27
787,5.48361581,1.0000,4097,4.3250,8.2116,4022.1500,219.1715,37.32
788,5.48361581,1.0000,4097,6.2258,12.6025,3973.1000,310.6248,37.37
789,5.48361581,1.0000,4097,6.6682,9.2179,3957.7250,249.2212,37.41
790,5.50351642,1.0000,4097,6.0305,13.3995,3990.2000,313.7366,37.46
791,5.50351642,1.0000,4097,4.1627,8.0399,4026.6500,214.3341,37.51
792,5.50351642,1.0000,4097,4.2073,6.2406,4025.1500,154.0858,37.55
793,5.50351642,1.0000,4097,6.6037,13.6666,3955.7000,341.4916,37.60
794,5.50351642,1.0000,4097,6.3677,10.9534,3964.6250,272.7553,37.65
795,5.50351642,1.0000,4097,6.2736,11.5888,3975.1250,278.3167,37.69
796,5.50351642,1.0000,4097,4.9196,10.2432,4012.4000,245.5663,37.74
797,5.50351642,1.0000,4097,6.4898,13.0418,3971.2250,311.2985,37.79
798,5.50414518,1.0000,4097,6.9945,13.0236,3946.9250,337.7769,37.84
799,5.50414518,1.0000,4097,3.6624,8.4323,4044.6500,203.1412,37.89
800,5.50414518,1.0000,4097,5.8854,11.6232,3990.2000,275.4172,37.93
801,5.50478094,1.0000,4097,3.6305,7.8093,4035.7250,201.6793,37.98
802,5.50478094,1.0000,4097,4.2269,8.3743,4034.7500,206.9410,38.02
803,5.50478094,1.0000,4097,6.8243,13.6533,3958.4750,326.0725,38.07
804,5.50500108,1.0000,4097,5.5264,10.4669,3995.3000,270.6657,38.12
805,5.50777765,1.0000,4097,5.4901,10.5715,3991.9250,267.6014,38.17
806,5.50777765,1.0000,4097,9.4281,16.1090,3904.3250,394.4130,38.22
807,5.50777765,1.0000,4097,5.6953,9.1541,3979.1000,241.0731,38.26
808,5.50777765,1.0000,4097,3.6069,8.7991,4031.7500,230.0530,38.31
809,5.50777765,1.0000,4097,5.9423,13.0904,3980.3750,300.7223,38.36
810,5.50777765,1.0000,4097,3.7573,9.1370,4043.6750,202.9323,38.41
811,5.50830199,1.0000,4097,4.1533,9.3656,4020.5000,241.5484,38.46
812,5.50830199,1.0000,4097,3.6795,6.8805,4037.4500,179.7705,38.51
813,5.51035556,1.0000,4097,2.8925,7.3065,4057.1750,176.2599,38.55
814,5.51035556,1.0000,4097,8.3211,15.7624,3932.9750,363.5898,38.60
815,5.51035556,1.0000,4097,4.6962,7.2939,4010.9750,192.5049,38.65
816,5.51035556,1.0000,4097,4.2893,7.2009,4019.8250,187.4220,38.70
817,5.51283975,1.0000,4097,5.8901,10.2648,3981.6500,251.8169,38.75
818,5.51283975,1.0000,4097,8.4438,15.9381,3927.9500,372.2960,38.79
819,5.51283975,1.0000,4097,5.8728,13.4820,3992.2250,302.7217,38.84
820,5.51283975,1.0000,4097,2.3420,4.1576,4072.4750,104.2017,38.89
821,5.51283975,1.0000,4097,6.0620,8.0615,3985.6250,209.5315,38.94
822,5.51283975,1.0000,4097,6.8595,13.1421,3966.2000,307.0649,38.99
823,5.51283975,1.0000,4097,5.7478,9.6927,3987.4250,255.7119,39.04
824,5.51537437,1.0000,4097,5.8888,10.9902,3986.9000,280.5427,39.09
825,5.51537437,1.0000,4097,6.3663,11.6032,3977.2250,295.3792,39.14
826,5.51537437,1.0000,4097,4.3580,10.0345,4029.8750,230.9831,39.19
827,5.51537437,1.0000,4097,9.8624,17.1156,3890.9750,394.8144,39.24
828,5.51537437,1.0000,4097,3.6809,7.3006,4035.3500,185.9467,39.29
829,5.51537437,1.0000,4097,3.2024,5.4076,4050.8750,136.0074,39.33
830,5.51537437,1.0000,4097,6.4589,13.3530,3965.9000,315.3143,39.38
831,5.51537437,1.0000,4097,6.9454,11.4237,3950.5250,294.4114,39.43
832,5.51537437,1.0000,4097,7.5985,13.0629,3945.1250,325.4701,39.48
833,5.51537437,1.0000,4097,3.5932,9.5432,4037.3000,235.2264,39.52
834,5.51537437,1.0000,4097,4.6560,7.9062,4008.6500,210.8575,39.57
835,5.51599904,1.0000,4097,7.1405,12.1662,3942.1250,312.0466,39.62
836,5.51599904,1.0000,4097,2.3553,6.0135,4067.0000,149.8214,39.67
837,5.51599904,1.0000,4097,5.1728,7.4561,3997.3250,201.9888,39.71
838,5.51599904,1.0000,4097,5.5911,14.0123,3993.5750,301.8170,39.76
839,5.51599904,1.0000,4097,7.5844,14.3949,3960.2750,327.4881,39.81
840,5.51599904,1.0000,4097,7.6957,17.7784,3956.9000,378.5610,39.85
841,5.51599904,1.0000,4097,6.8129,12.0942,3948.5000,309.3668,39.90
842,5.51605324,1.0000,4097,7.2049,12.5390,3940.8500,320.4970,39.95
843,5.51605324,1.0000,4097,9.3788,15.2789,3902.6750,377.1153,40.00
844,5.51649111,1.0000,4097,3.6941,11.2536,4038.2000,251.6934,40.05
845,5.51689450,1.0000,4097,4.1056,6.6241,4036.0250,165.4418,40.10
846,5.51725034,1.0000,4097,4.1403,11.4215,4025.5250,262.8228,40.15
847,5.51823838,1.0000,4097,6.3079,11.7862,3968.2250,281.2957,40.19
848,5.51823838,1.0000,4097,5.5832,9.6032,3987.5750,253.0745,40.24
849,5.51823838,1.0000,4097,6.2067,14.9124,3985.9250,333.1152,40.29
850,5.51922391,1.0000,4097,3.8501,7.4315,4027.4000,196.1220,40.34
851,5.51922391,1.0000,4097,4.9735,8.7660,4003.4000,226.1741,40.39
852,5.51922391,1.0000,4097,4.2718,8.6552,4021.1750,223.6650,40.44
853,5.52051561,1.0000,4097,4.1084,8.3415,4021.4000,224.1124,40.49
854,5.52052427,1.0000,4097,4.9973,9.7469,4013.3000,222.6445,40.54
855,5.52052427,1.0000,4097,6.2116,10.5766,3965.3000,280.5600,40.58
856,5.52052427,1.0000,4097,5.0593,9.1765,4006.6250,235.7456,40.63
857,5.52052427,1.0000,4097,4.0463,9.6867,4025.2250,240.1363,40.68
858,5.52113415,1.0000,4097,3.6635,7.0457,4037.2250,191.3584,40.73
859,5.52113415,1.0000,4097,6.2262,12.1514,3971.7500,304.7066,40.78
860,5.52113415,1.0000,4097,8.6535,17.7041,3927.8750,389.4161,40.83
861,5.52364662,1.0000,4097,5.0479,12.1326,4009.9250,284.5959,40.88
862,5.52364662,1.0000,4097,7.3222,12.1162,3944.3000,301.7363,40.94
863,5.52364662,1.0000,4097,5.8321,10.3194,3970.3250,273.3924,40.99
864,5.52364662,1.0000,4097,2.2548,4.4873,4068.7250,124.0127,41.04
865,5.52364662,1.0000,4097,4.4974,10.3347,4020.6500,249.4946,41.08
866,5.52364662,1.0000,4097,7.0247,13.3539,3963.0500,323.2377,41.13
867,5.52364662,1.0000,4097,10.1928,17.2953,3880.8500,402.9811,41.18
868,5.52364662,1.0000,4097,4.2581,8.1294,4029.2000,188.2997,41.23
869,5.52364662,1.0000,4097,7.9190,13.9957,3919.4750,355.0978,41.28
870,5.52364662,1.0000,4097,4.7698,8.5199,4007.7500,226.3030,41.33
871,5.52364662,1.0000,4097,3.5544,7.6331,4037.1500,199.6285,41.37
872,5.52364662,1.0000,4097,5.3105,9.3047,3996.6500,243.6786,41.42
873,5.52364662,1.0000,4097,8.7719,17.2451,3916.7000,378.8002,41.47
874,5.52423156,1.0000,4097,4.9033,10.4167,4000.4000,269.6174,41.52
875,5.52423156,1.0000,4097,2.0532,4.5301,4075.7750,119.8187,41.57
876,5.52423156,1.0000,4097,4.6946,9.9075,4020.3500,243.5770,41.62
877,5.52423156,1.0000,4097,7.2010,11.7916,3947.3000,309.9015,41.67
878,5.52423156,1.0000,4097,8.6721,14.2804,3911.8250,357.8945,41.72
879,5.52423156,1.0000,4097,6.4819,10.3352,3958.1750,272.1101,41.77
880,5.52423156,1.0000,4097,5.4061,10.7696,3992.9750,274.8468,41.81
881,5.52426394,1.0000,4097,8.4605,14.4019,3919.5500,363.3869,41.86
882,5.52426394,1.0000,4097,6.0812,12.5076,3977.3750,292.7562,41.91
883,5.52426394,1.0000,4097,5.3424,10.8908,4014.3500,245.0772,41.96
884,5.52426394,1.0000,4097,6.3084,11.8868,3964.1000,302.8196,42.01
885,5.52426394,1.0000,4097,5.9124,10.4636,3984.5750,272.3299,42.06
886,5.52426394,1.0000,4097,4.8185,8.0291,4018.1000,201.6451,42.11
887,5.52426394,1.0000,4097,4.4516,8.9480,4013.7500,234.0334,42.16
888,5.52426394,1.0000,4097,7.5470,17.3447,3951.7250,388.3128,42.20
889,5.52426394,1.0000,4097,6.3860,12.1259,3972.7250,309.7969,42.25
890,5.52426394,1.0000,4097,6.6704,14.0550,3962.3000,340.9087,42.30
891,5.52426394,1.0000,4097,5.5002,10.9068,3986.7500,278.3022,42.35
892,5.52426394,1.0000,4097,9.1857,16.1097,3913.0250,375.5153,42.40
893,5.52440168,1.0000,4097,5.3111,9.7114,3993.3500,258.5784,42.45
894,5.52938119,1.0000,4097,6.6899,11.3980,3967.6250,288.6510,42.50
895,5.52948404,1.0000,4097,2.9706,5.3642,4059.5000,139.4242,42.55
896,5.52948404,1.0000,4097,8.2884,16.0109,3939.3500,350.9634,42.59
897,5.53246812,1.0000,4097,5.2159,8.2089,3998.5250,217.3188,42.64
898,5.53784836,1.0000,4097,5.4279,11.3601,3998.0000,272.8846,42.69
899,5.53809821,1.0000,4097,4.7297,8.6043,4005.5000,224.9020,42.74
900,5.53809821,1.0000,4097,8.7915,14.1756,3915.5750,349.5148,42.78
901,5.53809821,1.0000,4097,9.1107,14.4727,3906.6500,351.0891,42.83
902,5.53888504,1.0000,4097,2.4125,5.6525,4068.3500,144.3760,42.88
903,5.53888504,1.0000,4097,5.5069,10.2052,3988.4750,264.9391,42.93
904,5.53888504,1.0000,4097,5.7768,11.5288,3981.4250,290.4482,42.97
905,5.53888504,1.0000,4097,3.0369,4.8767,4055.3000,115.2910,43.02
906,5.53888504,1.0000,4097,6.1270,11.2390,3976.1000,287.8134,43.07
907,5.53888504,1.0000,4097,4.5460,9.7939,4017.3500,242.8981,43.12
908,5.54010076,1.0000,4097,2.8067,5.9331,4061.0000,146.9464,43.17
909,5.54010076,1.0000,4097,4.6588,8.2923,4019.8250,223.1685,43.22
910,5.54010076,1.0000,4097,4.1354,8.8683,4022.1500,225.8224,43.26
911,5.54010076,1.0000,4097,5.5716,10.3853,3975.3500,275.5627,43.31
912,5.54010076,1.0000,4097,4.4864,8.6340,4028.6750,221.7845,43.36
913,5.54010076,1.0000,4097,7.3862,15.7140,3962.5250,352.9579,43.41
914,5.54010076,1.0000,4097,6.1554,11.7009,3982.0250,272.1294,43.45
915,5.54010076,1.0000,4097,3.6584,8.0930,4037.9000,210.1962,43.50
916,5.54010076,1.0000,4097,3.9867,9.4672,4021.4750,240.7403,43.55
917,5.54010076,1.0000,4097,6.8225,15.0036,3970.3250,339.7846,43.60
918,5.54010076,1.0000,4097,6.9801,12.5414,3959.0000,301.8886,43.65
919,5.54010076,1.0000,4097,5.3875,13.6811,3996.8000,298.2329,43.70
920,5.54010076,1.0000,4097,3.8679,8.7477,4039.7750,207.0385,43.75
921,5.54010076,1.0000,4097,5.3018,9.5382,3995.0750,250.1031,43.80
922,5.54012242,1.0000,4097,3.9332,7.3957,4020.7250,200.4675,43.84
923,5.54012242,1.0000,4097,5.7813,8.7504,4004.0750,228.2086,43.89
924,5.54012242,1.0000,4097,5.1830,8.6846,3986.0000,235.8132,43.94
925,5.54115855,1.0000,4097,4.6310,10.1218,4006.8500,258.0418,43.99
926,5.54115855,1.0000,4097,3.8472,10.7881,4032.8750,238.6195,44.04
927,5.54115855,1.0000,4097,6.5303,11.6216,3967.0250,290.4322,44.09
928,5.54115855,1.0000,4097,5.6129,11.7830,3987.5000,286.8932,44.14
929,5.54115855,1.0000,4097,3.6209,7.8360,4032.1250,204.8483,44.19
930,5.54172785,1.0000,4097,8.8599,14.2544,3889.7000,370.6092,44.24
931,5.54172785,1.0000,4097,6.5399,10.8954,3965.6000,278.9324,44.29
932,5.54213776,1.0000,4097,5.0591,8.7390,3996.6500,231.5856,44.34
933,5.54268645,1.0000,4097,7.5546,15.7421,3968.0000,343.1087,44.39
934,5.54268645,1.0000,4097,5.3428,10.2656,3992.1500,265.9022,44.43
935,5.54268645,1.0000,4097,4.1131,8.4247,4028.3000,215.1492,44.48
936,5.54354987,1.0000,4097,3.4632,8.8297,4038.8750,212.5746,44.53
937,5.54364344,1.0000,4097,5.0281,8.8786,4000.3250,235.6027,44.58
938,5.54364344,1.0000,4097,3.0754,5.6325,4044.5000,144.8056,44.63
939,5.54364344,1.0000,4097,2.6866,5.0049,4063.4000,128.8118,44.68
940,5.54364344,1.0000,4097,5.9228,11.1448,3979.6250,281.7503,44.73
941,5.54364344,1.0000,4097,3.4286,6.7096,4042.1750,166.9346,44.78
942,5.54668952,1.0000,4097,3.9781,8.3059,4036.0250,209.1942,44.83
943,5.54668952,1.0000,4097,5.2324,11.0134,4008.0500,261.1117,44.87
944,5.54735274,1.0000,4097,2.5386,6.1111,4059.5000,158.1800,44.92
945,5.54735274,1.0000,4097,5.3179,11.3920,3992.3750,282.0999,44.97
946,5.54735274,1.0000,4097,5.9151,10.7175,3983.4500,270.7727,45.02
947,5.54735274,1.0000,4097,2.8090,5.6381,4067.0000,137.4953,45.07
948,5.54735274,1.0000,4097,5.2129,9.3294,3997.4750,245.8261,45.12
949,5.54735274,1.0000,4097,6.1640,10.1584,3971.0750,269.2051,45.17
950,5.54735274,1.0000,4097,7.6617,12.7560,3949.0250,317.2253,45.21
951,5.54735274,1.0000,4097,4.9174,10.1582,4006.6250,256.9436,45.26
952,5.54735274,1.0000,4097,4.9706,8.3407,3994.1750,224.2176,45.31
953,5.54735274,1.0000,4097,2.8779,4.7358,4062.5000,114.8632,45.36
954,5.55003473,1.0000,4097,5.4025,11.3175,3999.8750,275.1531,45.41
955,5.55003473,1.0000,4097,7.1603,12.4612,3943.4750,313.0007,45.46
956,5.55003473,1.0000,4097,5.0295,11.1942,4003.2500,267.2853,45.51
957,5.55003473,1.0000,4097,6.9553,13.8106,3972.2750,318.5697,45.56
958,5.55003473,1.0000,4097,10.1855,15.4967,3874.9250,375.7945,45.61
959,5.55003473,1.0000,4097,5.6440,11.2449,3986.3000,285.8229,45.66
960,5.55003473,1.0000,4097,4.6063,8.7050,4006.3250,234.5489,45.71
961,5.55003473,1.0000,4097,3.9909,9.8679,4024.4750,255.7506,45.75
962,5.55003473,1.0000,4097,6.1824,12.1409,3971.0750,305.5751,45.80
963,5.55003473,1.0000,4097,3.9174,7.7781,4031.2250,205.8669,45.85
964,5.55007213,1.0000,4097,5.7113,10.1375,3987.5750,258.3521,45.90
965,5.55008107,1.0000,4097,5.2318,9.9843,3987.5750,261.0646,45.95
966,5.55008107,1.0000,4097,3.3654,6.1544,4045.0250,162.4416,45.99
967,5.55008107,1.0000,4097,4.4231,10.4658,4020.5750,238.3131,46.04
968,5.55114346,1.0000,4097,4.0554,9.6043,4024.0250,244.1891,46.09
969,5.55114346,1.0000,4097,5.1359,9.5166,3995.9750,245.1308,46.14
970,5.55114346,1.0000,4097,5.1515,8.7269,4007.0750,233.7138,46.19
971,5.55114346,1.0000,4097,5.1737,11.2065,3996.7250,283.5269,46.24
972,5.55147761,1.0000,4097,5.0402,9.6522,3993.8000,257.4900,46.29
973,5.55147761,1.0000,4097,2.3714,4.2274,4065.7250,100.1117,46.33
974,5.55147761,1.0000,4097,4.7911,11.0584,4014.6500,264.3917,46.38
975,5.55147761,1.0000,4097,3.4886,10.4566,4047.3500,230.6724,46.43
976,5.55147761,1.0000,4097,3.3884,7.2225,4041.2750,184.4608,46.48
977,5.55147761,1.0000,4097,4.1384,7.8072,4020.3500,209.2465,46.53
978,5.55199387,1.0000,4097,3.7424,6.3369,4039.9250,160.8955,46.58
979,5.55199387,1.0000,4097,5.4361,11.9070,3998.4500,279.3502,46.63
980,5.55199387,1.0000,4097,6.4689,12.2149,3970.0250,302.7232,46.67
981,5.55214175,1.0000,4097,4.0371,8.4997,4022.0000,221.4093,46.72
982,5.55214175,1.0000,4097,6.0402,12.2662,3981.2750,296.1738,46.77
983,5.55247236,1.0000,4097,3.1036,7.3004,4046.1500,187.0169,46.82
984,5.55247236,1.0000,4097,5.6026,10.0233,3980.6750,273.4039,46.87
985,5.55352528,1.0000,4097,6.3647,11.1692,3961.5500,282.1663,46.92
986,5.55352528,1.0000,4097,4.0078,7.1638,4027.3250,180.3278,46.97
987,5.55352528,1.0000,4097,6.7968,13.3807,3963.8750,327.6576,47.02
988,5.55409725,1.0000,4097,5.2968,9.1933,4003.4000,235.2861,47.07
989,5.55525423,1.0000,4097,3.9587,7.9612,4016.7500,216.7827,47.12
990,5.55525423,1.0000,4097,3.3879,5.8911,4046.6750,154.9544,47.17
991,5.55525423,1.0000,4097,8.4952,15.1467,3921.3500,356.5976,47.23
992,5.55525423,1.0000,4097,6.6793,13.8419,3966.2750,319.1293,47.28
993,5.55525423,1.0000,4097,5.1973,10.3446,4001.8250,265.8574,47.33
994,5.55525423,1.0000,4097,4.2698,8.0833,4020.3500,213.9927,47.38
995,5.55525423,1.0000,4097,3.7519,7.6903,4025.7500,201.4325,47.43
996,5.55525423,1.0000,4097,4.0412,8.5822,4023.9500,222.7059,47.48
997,5.55770903,1.0000,4097,5.7164,12.7438,3991.3250,306.6526,47.53
998,5.55770903,1.0000,4097,4.1670,7.8082,4017.1250,213.0250,47.58
999,5.55770903,1.0000,4097,5.9418,11.2792,3970.4000,292.0375,47.63
1000,5.55770903,1.0000,4097,4.4441,8.3793,4015.1750,213.4242,47.68
1001,5.55770903,1.0000,4097,5.8506,9.5300,3980.4500,255.5690,47.73
1002,5.55770903,1.0000,4097,5.9324,11.5983,3979.7000,290.4589,47.78
1003,5.55805579,1.0000,4097,5.2873,10.6661,4002.0500,266.5450,47.83
1004,5.55805579,1.0000,4097,5.7946,9.9997,3992.3000,252.4057,47.88
1005,5.55805579,1.0000,4097,8.7051,13.2202,3917.7500,325.9951,47.93
1006,5.55805579,1.0000,4097,7.6123,13.7960,3940.5500,334.7256,47.98
1007,5.55819405,1.0000,4097,4.2284,7.5459,4029.5750,200.0721,48.03
1008,5.55819405,1.0000,4097,6.7085,13.4023,3962.0750,328.3140,48.08
1009,5.55836941,1.0000,4097,6.2070,16.7385,3983.8250,357.0227,48.13
1010,5.55836941,1.0000,4097,6.5336,15.6047,3981.8000,333.5980,48.17
1011,5.55850232,1.0000,4097,6.5849,13.9418,3977.2250,331.7106,48.22
1012,5.55850232,1.0000,4097,4.6473,9.6690,4001.7500,259.4070,48.27
1013,5.55850232,1.0000,4097,3.9302,8.3112,4031.7500,208.8168,48.32
1014,5.55850232,1.0000,4097,3.0715,8.0296,4055.0000,191.3767,48.37
1015,5.55850232,1.0000,4097,4.8693,10.9445,4013.1500,246.8509,48.42
1016,5.55850232,1.0000,4097,4.6556,8.7504,4008.9500,224.2543,48.47
1017,5.55850232,1.0000,4097,7.1902,13.8601,3944.1500,346.7434,48.52
1018,5.55850232,1.0000,4097,5.2349,10.3787,3993.2750,258.8870,48.57
1019,5.55850232,1.0000,4097,5.4933,13.1256,4002.0500,291.0901,48.62
1020,5.55879101,1.0000,4097,5.1997,9.2622,3992.5250,243.9859,48.67
1021,5.55879101,1.0000,4097,5.7374,11.0695,3992.7500,268.3363,48.72
1022,5.55931683,1.0000,4097,7.6097,14.1632,3938.1500,347.9773,48.77
1023,5.55992714,1.0000,4097,6.0703,11.7794,3977.2250,295.5178,48.81
1024,5.56048187,1.0000,4097,3.9815,7.3368,4022.8250,193.1636,48.86
1025,5.56048187,1.0000,4097,7.5092,12.7560,3930.0500,332.5981,48.91
1026,5.56048429,1.0000,4097,3.9531,8.8258,4030.4750,219.3561,48.96
1027,5.56048429,1.0000,4097,4.4479,8.1154,4013.1500,208.9042,49.01
1028,5.56087148,1.0000,4097,7.7454,17.6343,3951.1250,380.0277,49.06
1029,5.56087148,1.0000,4097,7.9786,16.0571,3937.1000,367.4922,49.11
1030,5.56087148,1.0000,4097,3.4930,7.4732,4047.1250,179.9546,49.16
1031,5.56378800,1.0000,4097,6.3202,10.5557,3977.7500,272.9339,49.21
1032,5.56378800,1.0000,4097,5.6274,9.2374,3991.9250,239.5660,49.26
1033,5.56378800,1.0000,4097,3.7507,5.6648,4042.6250,131.8605,49.31
1034,5.56378800,1.0000,4097,3.7527,7.2211,4040.3000,183.8976,49.36
1035,5.56378800,1.0000,4097,3.8311,6.7483,4037.9000,168.1944,49.41
1036,5.56378800,1.0000,4097,4.4113,6.8395,4024.7000,183.9856,49.46
1037,5.56378800,1.0000,4097,5.5590,11.3305,3995.4500,263.6576,49.51
1038,5.56378800,1.0000,4097,3.4749,6.4154,4035.2000,171.1760,49.55
1039,5.56378800,1.0000,4097,5.2439,8.9124,3990.5000,230.7252,49.60
1040,5.56378800,1.0000,4097,4.0914,8.8309,4018.7000,229.2232,49.65
1041,5.56378800,1.0000,4097,4.9714,9.5637,4007.3000,240.6327,49.70
1042,5.56378800,1.0000,4097,4.7035,12.3707,4008.2750,284.6705,49.75
1043,5.56378800,1.0000,4097,3.9537,6.3953,4040.0750,158.1309,49.80
1044,5.56378800,1.0000,4097,2.1685,4.0418,4074.5000,105.7601,49.85
1045,5.56697186,1.0000,4097,6.9882,13.0936,3961.4000,321.0415,49.90
1046,5.56697186,1.0000,4097,3.7384,8.0116,4027.4750,204.2259,49.95
1047,5.56697186,1.0000,4097,7.3628,11.2081,3941.9750,300.4125,50.00
1048,5.56697186,1.0000,4097,5.4746,9.9334,3989.6000,265.2645,50.05
1049,5.56736707,1.0000,4097,6.2937,9.6075,3970.1750,253.7404,50.10
1050,5.56736707,1.0000,4097,4.8739,9.8938,4000.1750,255.5544,50.17
1051,5.56736707,1.0000,4097,2.9538,6.3748,4049.1500,164.0454,50.24
1052,5.56736707,1.0000,4097,3.3503,7.3246,4036.8500,196.5927,50.29
1053,5.56736707,1.0000,4097,5.5645,13.2191,4001.9750,305.4166,50.36
1054,5.56736707,1.0000,4097,3.3954,8.8778,4045.6250,223.9588,50.44
1055,5.56760855,1.0000,4097,5.4548,11.6242,3994.4750,286.8711,50.51
1056,5.56760855,1.0000,4097,7.5620,14.6548,3945.9500,339.0548,50.56
1057,5.56760855,1.0000,4097,6.8355,14.0268,3954.3500,337.7312,50.64
1058,5.56760855,1.0000,4097,5.7332,13.5256,3986.5250,301.9034,50.72
1059,5.56907357,1.0000,4097,2.2902,4.2856,4073.6750,104.3023,50.78
1060,5.56907357,1.0000,4097,3.1138,7.1855,4057.7000,175.8916,50.85
1061,5.56907357,1.0000,4097,4.0800,6.9312,4022.3000,185.2167,50.93
1062,5.56907357,1.0000,4097,5.8798,9.6421,3971.5250,261.1309,51.00
1063,5.56907357,1.0000,4097,4.6436,9.7169,4012.9250,245.0428,51.06
1064,5.56907357,1.0000,4097,7.7273,13.0676,3928.6250,329.1543,51.13
1065,5.56907357,1.0000,4097,4.7386,9.4890,4009.4750,245.8480,51.20
1066,5.56907357,1.0000,4097,2.8729,6.7792,4064.6000,168.2251,51.26
1067,5.57062126,1.0000,4097,7.7809,13.5491,3937.4750,307.2532,51.33
1068,5.57062126,1.0000,4097,3.1399,8.2663,4047.8000,215.3384,51.39
1069,5.57062126,1.0000,4097,5.8396,12.8823,4003.1750,297.8042,51.47
1070,5.57062126,1.0000,4097,5.8588,12.3225,3994.8500,284.4151,51.54
1071,5.57062126,1.0000,4097,6.2112,10.2441,3986.7500,271.0436,51.61
1072,5.57062126,1.0000,4097,5.8588,10.3104,3984.5000,271.0031,51.67
1073,5.57062126,1.0000,4097,5.4530,11.9047,3996.0500,288.9691,51.73
1074,5.57062126,1.0000,4097,4.8653,9.2509,4011.8750,233.1636,51.80
1075,5.57062126,1.0000,4097,7.6215,11.9157,3949.2500,295.4198,51.86
1076,5.57062126,1.0000,4097,4.2408,8.0104,4018.4750,211.2977,51.92
1077,5.57090928,1.0000,4097,4.9593,9.6736,4001.6000,250.4184,51.98
1078,5.57192511,1.0000,4097,6.2710,12.4054,3969.8750,314.7025,52.04
1079,5.57192511,1.0000,4097,3.5862,8.5001,4041.6500,210.9119,52.12
1080,5.57280166,1.0000,4097,6.0021,11.0370,3980.6000,281.8286,52.19
1081,5.57280166,1.0000,4097,5.6268,9.2520,3981.7250,252.6277,52.28
1082,5.57280166,1.0000,4097,9.3305,18.0271,3908.8250,400.5045,52.36
1083,5.57280166,1.0000,4097,8.7986,15.6774,3920.6000,358.9417,52.43
1084,5.57280166,1.0000,4097,3.9477,9.3095,4032.8750,232.7618,52.50
1085,5.57287291,1.0000,4097,3.3527,7.5146,4040.0000,196.5458,52.56
1086,5.57287291,1.0000,4097,3.2863,7.0616,4045.4750,174.7096,52.65
1087,5.57287291,1.0000,4097,6.4307,11.0349,3964.6250,293.0773,52.72
1088,5.57325899,1.0000,4097,8.8489,16.9206,3918.8750,381.1457,52.78
1089,5.57325899,1.0000,4097,3.8333,7.8416,4025.8250,214.8396,52.84
1090,5.57325899,1.0000,4097,3.6179,7.9468,4028.6750,210.8591,52.91
1091,5.57325899,1.0000,4097,8.3683,14.4966,3926.0750,343.4230,52.98
1092,5.57325899,1.0000,4097,3.9452,8.6389,4032.5750,210.8159,53.05
1093,5.57325899,1.0000,4097,2.3303,4.7001,4062.5750,122.1464,53.11
1094,5.57325899,1.0000,4097,4.5416,8.8646,4007.9750,232.3000,53.18
1095,5.57325899,1.0000,4097,9.1711,15.6188,3897.5000,383.2070,53.27
1096,5.57325899,1.0000,4097,6.6725,13.6737,3968.6000,317.6235,53.36
1097,5.57325899,1.0000,4097,6.3274,14.4319,3972.8750,337.9235,53.43
1098,5.57325899,1.0000,4097,6.4667,15.2409,3977.5250,323.2379,53.49
1099,5.57325899,1.0000,4097,5.0338,9.5181,4000.4000,255.8573,53.55
1100,5.57325899,1.0000,4097,8.6437,16.3902,3917.6750,383.7459,53.62
1101,5.57339915,1.0000,4097,5.0398,9.8978,4001.9000,234.1790,53.69
1102,5.57339915,1.0000,4097,6.4638,13.0184,3972.2000,300.8776,53.75
1103,5.57339915,1.0000,4097,5.1847,10.9816,3997.4750,267.8094,53.82
1104,5.57339915,1.0000,4097,6.1954,12.4025,3981.5750,299.2957,53.88
1105,5.57527539,1.0000,4097,7.7922,13.7123,3950.5250,332.2430,53.95
1106,5.57527539,1.0000,4097,5.3200,10.6495,4000.7750,266.0075,54.01
1107,5.57527539,1.0000,4097,4.6224,9.9570,4022.9000,235.8057,54.08
1108,5.57527539,1.0000,4097,3.0212,6.6966,4049.5250,176.6499,54.14
1109,5.57527539,1.0000,4097,5.2328,10.0861,3988.7000,264.3780,54.21
1110,5.57527539,1.0000,4097,8.4551,14.6387,3908.7500,370.2009,54.27
1111,5.57527539,1.0000,4097,6.4202,11.5215,3971.4500,294.4929,54.35
1112,5.57553177,1.0000,4097,6.1825,11.9038,3960.2000,313.2011,54.41
1113,5.57553177,1.0000,4097,6.1131,11.5940,3974.0750,291.4246,54.48
1114,5.57553177,1.0000,4097,6.0131,12.6465,3977.3000,313.2507,54.55
1115,5.57553177,1.0000,4097,4.1808,9.1628,4024.1000,238.5945,54.62
1116,5.57605683,1.0000,4097,4.6655,10.4778,4012.7000,253.9220,54.69
1117,5.58034614,1.0000,4097,3.0456,7.7553,4051.7000,199.7522,54.77
1118,5.58098260,1.0000,4097,3.9427,7.9721,4023.9500,209.2331,54.85
1119,5.58959176,1.0000,4097,5.5911,12.8567,3989.0000,307.5468,54.92
1120,5.58959176,1.0000,4097,2.8341,5.5249,4055.6750,146.7050,54.98
1121,5.58959176,1.0000,4097,7.1248,12.4230,3946.7750,311.2465,55.04
1122,5.58959176,1.0000,4097,8.2734,16.1864,3932.7500,356.4435,55.10
1123,5.58959176,1.0000,4097,6.1148,9.7458,3974.0750,256.1326,55.16
1124,5.58959176,1.0000,4097,3.8317,7.7717,4023.2750,209.2442,55.21
1125,5.58959176,1.0000,4097,4.9226,10.7446,4008.5000,260.1633,55.26
1126,5.58959176,1.0000,4097,5.6997,12.0498,3994.1000,285.2858,55.31
1127,5.58997464,1.0000,4097,4.7468,9.1724,4010.6750,236.2978,55.36
1128,5.59331802,1.0000,4097,3.8113,10.3243,4033.1750,242.2906,55.41
1129,5.59331802,1.0000,4097,5.6215,11.2077,3989.0750,258.4169,55.45
1130,5.59331802,1.0000,4097,3.8920,7.8538,4026.3500,203.5406,55.50
1131,5.59331802,1.0000,4097,3.2030,6.4409,4052.6750,160.2678,55.55
1132,5.59331802,1.0000,4097,5.3293,9.7999,3995.1500,248.5323,55.60
1133,5.59331802,1.0000,4097,5.7744,12.9905,3989.0000,302.5266,55.65
1134,5.59331802,1.0000,4097,5.3937,10.2149,3993.9500,265.4776,55.69
1135,5.59331802,1.0000,4097,6.0271,11.1267,3974.3000,288.6210,55.74
1136,5.59356443,1.0000,4097,3.8825,7.7414,4027.7000,202.8761,55.79
1137,5.59356443,1.0000,4097,3.6059,6.3177,4041.8750,158.7049,55.84
1138,5.59494026,1.0000,4097,4.6551,9.6381,4023.6500,227.5456,55.89
1139,5.59494026,1.0000,4097,3.5441,8.3740,4036.0250,219.3966,55.94
1140,5.59494026,1.0000,4097,7.2593,11.7722,3947.6000,279.0292,55.99
1141,5.59494026,1.0000,4097,5.7911,8.8144,3983.5250,235.8445,56.05
1142,5.59494026,1.0000,4097,3.2587,7.0663,4056.4250,173.1587,56.09
1143,5.59494026,1.0000,4097,9.3903,15.2584,3902.3000,371.1024,56.15
1144,5.59494026,1.0000,4097,5.0862,10.2632,4014.5750,251.2739,56.20
1145,5.59494026,1.0000,4097,4.1910,6.6664,4021.8500,175.0056,56.25
1146,5.59494026,1.0000,4097,3.3232,8.6518,4043.7500,210.3338,56.29
1147,5.59494026,1.0000,4097,5.2242,9.1013,3992.6750,237.2576,56.34
1148,5.59494026,1.0000,4097,5.4914,12.0670,3998.9000,284.0718,56.39
1149,5.59494026,1.0000,4097,7.0855,11.5889,3950.0750,295.6344,56.44
1150,5.59494026,1.0000,4097,4.4236,8.1383,4016.5250,210.6749,56.49
1151,5.59494026,1.0000,4097,7.9692,11.7737,3936.3500,304.3470,56.53
1152,5.59629066,1.0000,4097,4.3766,7.1689,4018.4750,188.8129,56.58
1153,5.59629066,1.0000,4097,3.2992,7.1207,4046.7500,187.0973,56.63
1154,5.59810055,1.0000,4097,6.3776,10.7707,3973.1000,272.2954,56.68
1155,5.59821092,1.0000,4097,3.2775,8.3464,4048.1750,200.1294,56.72
1156,5.59821092,1.0000,4097,5.0269,7.9583,4006.7000,204.9856,56.77
1157,5.59821092,1.0000,4097,2.8744,5.3616,4052.9750,136.8250,56.82
1158,5.59821092,1.0000,4097,5.8585,9.9600,3989.1500,259.4037,56.87
1159,5.59920509,1.0000,4097,3.5780,8.6200,4033.3250,226.5144,56.92
1160,5.59920509,1.0000,4097,5.3491,9.4316,3991.9250,250.3207,56.97
1161,5.59920509,1.0000,4097,7.4729,13.9346,3953.4500,325.0383,57.02
1162,5.59920509,1.0000,4097,4.4552,10.9081,4025.1500,253.3357,57.07
1163,5.59920509,1.0000,4097,4.5423,8.6966,4023.6500,223.9113,57.13
1164,5.59920509,1.0000,4097,4.4623,8.3196,4023.7250,207.1553,57.18
1165,5.59920509,1.0000,4097,3.9354,11.8937,4040.3000,253.5912,57.23
1166,5.59920509,1.0000,4097,4.2476,8.3747,4026.2000,214.5071,57.28
1167,5.59920509,1.0000,4097,3.3104,5.4783,4057.3250,141.1730,57.33
1168,5.59921273,1.0000,4097,9.5682,14.7604,3890.9000,370.1252,57.38
1169,5.59921273,1.0000,4097,8.4954,12.9550,3915.8000,332.2226,57.43
1170,5.59921273,1.0000,4097,6.4823,10.3363,3960.3500,269.0424,57.47
1171,5.59921273,1.0000,4097,4.2088,8.6402,4029.3500,220.0434,57.52
1172,5.60036862,1.0000,4097,9.5973,15.9098,3905.3750,364.2352,57.57
1173,5.60036862,1.0000,4097,6.8130,11.8262,3954.1250,289.2634,57.62
1174,5.60036862,1.0000,4097,4.2361,8.4041,4022.4500,210.5431,57.67
1175,5.60036862,1.0000,4097,6.9811,12.4520,3960.2000,314.2561,57.72
1176,5.60052195,1.0000,4097,4.9547,9.9350,4005.4250,250.0487,57.77
1177,5.60052195,1.0000,4097,4.5498,8.5839,4008.6500,224.8579,57.81
1178,5.60052195,1.0000,4097,6.7894,11.3731,3949.1000,299.5776,57.86
1179,5.60052195,1.0000,4097,5.7131,12.6949,3995.3750,289.6400,57.91
1180,5.60052195,1.0000,4097,4.4914,8.7709,4020.1250,224.4861,57.96
1181,5.60069452,1.0000,4097,2.9975,5.8182,4054.6250,151.0600,58.02
1182,5.60069452,1.0000,4097,2.7706,5.6341,4056.3500,142.2550,58.09
1183,5.60069452,1.0000,4097,5.1366,12.0384,4004.2250,284.3601,58.17
1184,5.60069452,1.0000,4097,6.0876,11.7184,3973.4750,303.6957,58.22
1185,5.60069452,1.0000,4097,6.5543,12.5418,3960.0500,311.8208,58.29
1186,5.60069452,1.0000,4097,8.0777,12.7525,3930.2750,318.7497,58.36
1187,5.60069452,1.0000,4097,7.4452,13.8632,3934.4000,350.9232,58.42
1188,5.60069452,1.0000,4097,3.8064,7.9514,4033.6250,204.2868,58.48
1189,5.60069452,1.0000,4097,4.6166,9.2586,4016.3750,224.2299,58.54
1190,5.60069452,1.0000,4097,4.6910,9.1107,4016.2250,234.6332,58.62
1191,5.60069452,1.0000,4097,2.6095,4.5321,4065.1250,110.5973,58.70
1192,5.60087483,1.0000,4097,4.0088,9.4963,4031.7500,227.8043,58.77
1193,5.60087483,1.0000,4097,6.1959,12.6275,3970.7750,304.8658,58.83
1194,5.60087483,1.0000,4097,2.9200,5.4293,4057.6250,136.1289,58.89
1195,5.60087483,1.0000,4097,8.7546,14.1378,3904.0250,347.1633,58.95
1196,5.60087483,1.0000,4097,7.5735,15.5051,3950.7500,366.8307,59.02
1197,5.60087483,1.0000,4097,4.8570,12.0407,4008.0500,282.2397,59.10
1198,5.60087483,1.0000,4097,6.1311,14.6587,3986.2250,317.4429,59.16
1199,5.60096400,1.0000,4097,3.2190,5.1728,4056.0500,127.3562,59.22
1200,5.60164634,1.0000,4097,6.3764,9.6643,3959.3750,260.8182,59.29
1201,5.60164634,1.0000,4097,2.2633,3.8817,4075.1000,98.6339,59.37
1202,5.60164634,1.0000,4097,8.3780,12.5787,3908.3750,329.4112,59.45
1203,5.60306415,1.0000,4097,5.8856,9.9544,3992.7500,247.1586,59.52
1204,5.60306415,1.0000,4097,7.7880,14.5940,3935.0750,357.7860,59.60
1205,5.60306415,1.0000,4097,4.2760,7.8076,4023.5000,200.4990,59.66
1206,5.60306415,1.0000,4097,8.5975,14.3497,3911.5250,346.4467,59.73
1207,5.60306415,1.0000,4097,3.5768,6.7435,4043.0000,174.9826,59.79
1208,5.60306415,1.0000,4097,2.6143,4.1261,4070.1500,93.8260,59.85
1209,5.60306415,1.0000,4097,2.7974,5.0708,4055.8250,125.4093,59.91
1210,5.60306415,1.0000,4097,3.7184,7.4871,4028.0000,195.4552,59.97
1211,5.60306415,1.0000,4097,6.1510,11.8917,3982.3250,286.0705,60.04
1212,5.60306415,1.0000,4097,6.8124,14.2468,3976.8500,330.4646,60.10
1213,5.60306415,1.0000,4097,2.6540,5.2071,4066.0250,130.6592,60.16
1214,5.60306415,1.0000,4097,5.6837,9.8898,3980.2250,265.4919,60.24
1215,5.60306415,1.0000,4097,6.4263,13.7001,3977.7500,312.9064,60.31
1216,5.60306415,1.0000,4097,4.4161,11.9176,4036.4750,244.5993,60.37
1217,5.60306415,1.0000,4097,5.6192,9.7760,3977.2250,260.6967,60.43
1218,5.60306415,1.0000,4097,3.3224,6.1998,4043.3750,163.4424,60.51
1219,5.60306415,1.0000,4097,5.4710,10.0460,3983.0000,264.7447,60.58
1220,5.60316160,1.0000,4097,6.2103,9.2513,3972.8750,240.6233,60.64
1221,5.60316160,1.0000,4097,5.5917,9.8669,3993.5000,261.9655,60.71
1222,5.60316160,1.0000,4097,4.2177,10.3187,4021.3250,253.3886,60.78
1223,5.60324014,1.0000,4097,3.7549,7.2898,4033.7750,194.0265,60.84
1224,5.60324014,1.0000,4097,2.2183,3.9293,4073.9000,96.0216,60.91
1225,5.60324014,1.0000,4097,8.4514,13.4262,3910.4000,345.5573,60.98
1226,5.60324014,1.0000,4097,5.6356,10.5407,3983.4500,278.1605,61.04
1227,5.60324014,1.0000,4097,4.7796,9.2965,4020.1250,221.6223,61.10
1228,5.60324014,1.0000,4097,4.7495,9.0828,4015.0250,233.3716,61.18
1229,5.60335958,1.0000,4097,6.8573,11.7372,3948.8000,297.5138,61.24
1230,5.60335958,1.0000,4097,4.3929,8.2022,4018.1000,213.2747,61.33
1231,5.60335958,1.0000,4097,7.0233,12.0320,3959.4500,296.4408,61.40
1232,5.60346143,1.0000,4097,3.6729,8.4910,4034.4500,213.8808,61.49
1233,5.60346143,1.0000,4097,7.0443,16.1371,3962.3750,352.8147,61.57
1234,5.60346762,1.0000,4097,3.3847,6.5853,4050.8000,171.2496,61.63
1235,5.60346762,1.0000,4097,3.5324,7.6006,4034.6000,200.3342,61.70
1236,5.60346762,1.0000,4097,4.7966,8.6286,4003.9250,231.3217,61.77
1237,5.60346762,1.0000,4097,4.0716,7.8652,4028.2250,208.6870,61.84
1238,5.60346762,1.0000,4097,2.2409,4.8796,4066.5500,133.4048,61.92
1239,5.60346762,1.0000,4097,2.0960,3.7148,4076.6000,89.2272,62.00
1240,5.60346762,1.0000,4097,5.5500,9.3162,3976.4000,252.2251,62.07
1241,5.60346762,1.0000,4097,3.9603,7.0726,4023.6500,189.9997,62.13
1242,5.60346762,1.0000,4097,7.7467,18.2899,3957.6500,375.5552,62.20
1243,5.60346762,1.0000,4097,5.4550,8.5819,3993.8750,225.5331,62.26
1244,5.60346762,1.0000,4097,4.4183,7.2992,4014.3500,187.5803,62.33
1245,5.60346762,1.0000,4097,5.6455,10.0803,3978.5000,271.7377,62.40
1246,5.60404926,1.0000,4097,4.8880,9.6023,4003.3250,250.1184,62.47
1247,5.60713643,1.0590,4097,6.5307,10.9925,3973.6250,283.2342,62.56
1248,5.60713643,1.0590,4097,7.0989,12.7790,3955.1750,319.0349,62.64
1249,5.60713643,1.0590,4097,6.9428,13.7506,3961.6250,310.5059,62.71
1250,5.60713643,1.0590,4097,5.6799,11.4242,3989.0000,290.1420,62.78
1251,5.60713643,1.0590,4097,3.3717,9.2121,4056.7250,199.3250,62.85
1252,5.60713643,1.0590,4097,2.7067,6.6383,4054.3250,177.8971,62.93
1253,5.60713643,1.0590,4097,5.9555,9.5156,3979.3250,245.8650,62.99
1254,5.60713643,1.0590,4097,10.1927,15.2990,3881.1500,377.0040,63.04
1255,5.60713643,1.0590,4097,3.3307,8.7084,4060.9250,190.9453,63.09
1256,5.60713643,1.0590,4097,6.0248,14.5117,3991.1000,321.2916,63.14
1257,5.60713643,1.0590,4097,3.0514,6.1606,4050.7250,161.6425,63.19
1258,5.60721360,1.0000,4097,5.8597,11.0166,3977.6750,283.4575,63.25
1259,5.60721855,1.0000,4097,4.3621,7.8468,4014.5000,200.4463,63.30
1260,5.60721855,1.0000,4097,8.7581,15.2014,3918.5750,366.9749,63.34
1261,5.60721855,1.0000,4097,3.7760,7.6089,4036.1000,194.5000,63.39
1262,5.60726670,1.0000,4097,4.4055,8.1136,4016.8250,213.4369,63.44
1263,5.60776964,1.0000,4097,7.8194,15.4903,3935.8250,364.9923,63.49
1264,5.60821217,1.0000,4097,8.0090,10.9375,3915.2750,291.6302,63.54
1265,5.60828782,1.0000,4097,5.8927,10.2966,3971.8250,272.0778,63.59
1266,5.60828782,1.0000,4097,7.3820,11.7768,3935.5250,307.0591,63.64
1267,5.60828782,1.0000,4097,7.0985,14.1688,3953.6750,343.8113,63.69
1268,5.60828782,1.0000,4097,5.1573,11.0438,4003.3250,271.1853,63.74
1269,5.60828782,1.0000,4097,3.4934,8.6970,4042.9250,213.4089,63.79
1270,5.60828782,1.0000,4097,6.8877,10.3336,3958.3250,273.9507,63.84
1271,5.60828782,1.0000,4097,5.3319,10.0895,3993.0500,254.5837,63.89
1272,5.60828782,1.0000,4097,6.9935,11.5173,3961.5500,297.5907,63.94
1273,5.60828782,1.0000,4097,2.6716,6.9053,4066.3250,170.4141,63.99
1274,5.60863201,1.0000,4097,7.4841,15.0975,3952.3250,347.5177,64.05
1275,5.60863201,1.0000,4097,5.5034,10.5845,3993.6500,264.4921,64.09
1276,5.60863201,1.0000,4097,3.5311,7.9495,4044.0500,203.9874,64.14
1277,5.61289778,1.0000,4097,8.7782,16.3516,3917.9750,385.1014,64.19
1278,5.61289778,1.0000,4097,2.8406,5.5405,4054.4000,151.6176,64.24
1279,5.61289778,1.0000,4097,6.6157,12.7132,3956.7500,319.0615,64.30
1280,5.61289778,1.0000,4097,6.6573,9.8919,3958.9250,268.2984,64.35
1281,5.61320712,1.1116,4097,6.1336,14.0302,3995.6750,287.4005,64.40
1282,5.61320712,1.1116,4097,6.6075,15.0918,3975.6500,331.9869,64.45
1283,5.61320712,1.1116,4097,4.1716,6.6275,4030.6250,174.9044,64.50
1284,5.61320712,1.1116,4097,5.3399,9.2543,3986.6000,250.3744,64.55
1285,5.61320712,1.1116,4097,6.9022,13.4385,3967.9250,313.2864,64.60
1286,5.61320712,1.1116,4097,3.8019,6.3316,4037.6750,169.2230,64.65
1287,5.61332772,1.0000,4097,2.6544,4.8790,4065.2750,129.6817,64.70
1288,5.61332772,1.0000,4097,9.3172,18.5058,3907.7000,392.9369,64.75
1289,5.61332772,1.0000,4097,5.8191,10.0026,3978.5750,265.3169,64.80
1290,5.61332772,1.0000,4097,5.2017,10.5443,3990.0500,274.0706,64.85
1291,5.61332772,1.0000,4097,7.1647,12.1953,3950.0000,310.8527,64.90
1292,5.61332772,1.0000,4097,5.5931,10.4741,3980.4500,275.9841,64.95
1293,5.61332772,1.0000,4097,6.5567,11.2878,3967.9250,285.6242,65.00
1294,5.61332772,1.0000,4097,6.7230,11.4500,3961.4000,282.3112,65.05
1295,5.61332772,1.0000,4097,4.6810,10.4360,4001.5250,264.5006,65.09
1296,5.61332772,1.0000,4097,8.5797,14.8261,3913.4750,360.1043,65.14
1297,5.61503744,1.0000,4097,4.9335,8.8444,4010.3000,224.4271,65.19
1298,5.61503744,1.0000,4097,9.7959,15.2872,3887.9750,370.6071,65.24
1299,5.61527800,1.1116,4097,5.0030,9.5708,4013.6000,244.0221,65.30
1300,5.61527800,1.1116,4097,5.2376,10.4109,3993.8750,274.5883,65.34
1301,5.61527800,1.1116,4097,3.8945,7.6771,4038.2000,200.1877,65.39
1302,5.61527800,1.1116,4097,3.9913,8.4311,4032.6500,220.0791,65.44
1303,5.61527800,1.1116,4097,3.7166,10.5047,4033.6250,248.6638,65.49
1304,5.61551062,1.1116,4097,7.4451,14.9743,3954.1250,355.9735,65.54
1305,5.61551062,1.1116,4097,5.9872,12.7275,3970.8500,318.1004,65.58
1306,5.61551062,1.1116,4097,3.4785,5.4177,4047.3500,132.8579,65.63
1307,5.61551062,1.1116,4097,4.6856,9.5851,4018.4750,236.6465,65.68
1308,5.61551062,1.1116,4097,4.7746,7.7706,4008.5000,206.7956,65.73
1309,5.61551062,1.1116,4097,5.4093,10.3195,3992.6000,258.2408,65.78
1310,5.61551062,1.1116,4097,3.6015,5.1671,4046.4500,121.4177,65.83
1311,5.61551062,1.1116,4097,6.4501,10.5428,3966.8000,274.1307,65.88
1312,5.61551062,1.1116,4097,2.6696,6.0200,4067.4500,149.7967,65.93
1313,5.61792270,1.1116,4097,6.5583,13.5288,3970.8500,314.6133,65.98
1314,5.61792270,1.1116,4097,5.7607,10.9686,3990.3500,276.3657,66.03
1315,5.61792270,1.1116,4097,10.1779,17.0109,3867.8750,415.3005,66.09
1316,5.61792270,1.1116,4097,6.6784,11.4647,3956.0000,303.9705,66.14
1317,5.61792270,1.1116,4097,5.0095,9.5318,4005.5000,239.4735,66.19
1318,5.61792270,1.1116,4097,2.6061,3.5416,4080.4250,60.2955,66.24
1319,5.61792270,1.1116,4097,6.7983,11.6252,3940.4000,315.3064,66.29
1320,5.61792270,1.1116,4097,9.0563,16.3151,3903.6500,386.5782,66.34
1321,5.61792270,1.1116,4097,4.6350,7.9196,4009.1000,210.7926,66.39
1322,5.61792270,1.1116,4097,3.1110,7.8216,4051.3250,188.1714,66.43
1323,5.61813109,1.0000,4097,3.8444,9.4043,4031.3000,235.7557,66.48
1324,5.61813109,1.0000,4097,7.8894,14.7323,3927.3500,350.1252,66.53
1325,5.61813109,1.0000,4097,4.6643,9.2126,4008.9500,236.9008,66.58
1326,5.61813109,1.0000,4097,7.9447,12.2836,3922.4000,318.4378,66.64
1327,5.61959705,1.0000,4097,7.5527,17.8052,3959.5250,368.2834,66.69
1328,5.61959705,1.0000,4097,4.6127,9.3028,4015.7000,236.6464,66.74
1329,5.61959705,1.0000,4097,4.8541,9.5602,3999.5750,252.1794,66.79
1330,5.61959705,1.0000,4097,4.4519,8.7649,4027.1750,211.1177,66.84
1331,5.61959705,1.0000,4097,4.1398,8.9698,4025.0000,234.4582,66.88
1332,5.61959705,1.0000,4097,4.7587,8.3346,4016.2250,212.8947,66.93
1333,5.61959705,1.0000,4097,4.8248,9.2070,4008.5000,233.7614,66.99
1334,5.61959705,1.0000,4097,4.8968,9.0708,4002.7250,235.9847,67.03
1335,5.61963997,1.0000,4097,4.1514,8.3896,4019.9000,220.4931,67.08
1336,5.61963997,1.0000,4097,7.7051,11.8397,3934.7750,302.9149,67.13
1337,5.61963997,1.0000,4097,1.8382,3.2052,4084.4000,78.6870,67.18
1338,5.62027576,1.0000,4097,5.4433,9.2135,3985.4000,247.2774,67.24
1339,5.62027576,1.0000,4097,9.3440,12.6581,3894.8750,333.6262,67.28
1340,5.62027576,1.0000,4097,8.3601,17.1839,3927.5000,385.2454,67.33
1341,5.62027576,1.0000,4097,4.2939,8.7085,4023.7250,218.4567,67.38
1342,5.62027576,1.0000,4097,5.8727,10.2719,3966.9500,273.3612,67.43
1343,5.62027576,1.0000,4097,3.4983,7.4591,4043.9750,184.4395,67.48
1344,5.62759957,1.0000,4097,5.2963,9.1847,3993.4250,244.5754,67.53
1345,5.62759957,1.0000,4097,6.3132,13.7641,3980.9000,317.3102,67.58
1346,5.62759957,1.0000,4097,3.9803,10.0979,4037.0000,234.1797,67.63
1347,5.62765224,1.0000,4097,6.2409,9.9593,3976.2500,253.5974,67.68
1348,5.62765224,1.0000,4097,5.0249,11.3481,4001.9750,272.6622,67.73
1349,5.62769792,1.0000,4097,8.1010,12.9167,3934.1000,322.7101,67.78
1350,5.62769792,1.0000,4097,4.6891,9.2018,4019.5250,218.0949,67.83
1351,5.62769792,1.0000,4097,5.8003,9.6677,3972.7250,258.1638,67.88
1352,5.62769792,1.0000,4097,6.4308,12.1269,3966.3500,283.1871,67.93
1353,5.62769792,1.0000,4097,8.9360,15.5573,3917.4500,369.2972,67.98
1354,5.62769792,1.0000,4097,4.8459,9.0841,4009.4750,226.4949,68.03
1355,5.62830623,1.0000,4097,4.7509,11.2939,4010.0000,275.0977,68.08
1356,5.62830623,1.0000,4097,4.7128,7.8550,4002.8750,211.2719,68.13
1357,5.62830623,1.0000,4097,6.5661,11.5669,3973.8500,297.3891,68.18
1358,5.62830623,1.0000,4097,9.0649,16.3861,3921.4250,367.1214,68.23
1359,5.62830623,1.0000,4097,2.8293,5.0450,4066.1000,126.9769,68.28
1360,5.62830623,1.0000,4097,8.3131,13.6226,3913.9250,350.8355,68.33
1361,5.62830623,1.0000,4097,3.6645,6.3415,4042.1750,165.7619,68.38
1362,5.62830623,1.0000,4097,5.8181,10.2728,3977.2250,267.1242,68.43
1363,5.62912842,1.0000,4097,3.7228,10.3391,4032.6500,246.0118,68.48
1364,5.62912842,1.0000,4097,8.2223,16.0002,3937.1000,361.5941,68.53
1365,5.63047363,1.0000,4097,5.2667,11.4316,4006.4000,252.2527,68.58
1366,5.63047363,1.0000,4097,7.4890,11.4211,3929.9750,299.3621,68.63
1367,5.63047363,1.0000,4097,4.6859,8.5958,4009.7000,229.2575,68.68
1368,5.63047363,1.0000,4097,5.7526,13.2052,3993.5000,296.6847,68.74
1369,5.63047363,1.0000,4097,3.9670,9.0343,4031.5250,226.9078,68.79
1370,5.63047363,1.0000,4097,6.5839,13.2175,3962.9000,323.4559,68.84
1371,5.63132284,1.4078,4097,5.6642,12.4782,3984.2000,303.0756,68.89
1372,5.63132284,1.4078,4097,6.8875,15.2365,3975.2750,335.5449,68.94
1373,5.63132284,1.4078,4097,5.5819,9.5059,3988.7750,249.3642,68.99
1374,5.63132284,1.4078,4097,5.9345,12.7677,3981.7250,305.7263,69.04
1375,5.63132284,1.4078,4097,4.6517,10.7934,4014.0500,260.2209,69.09
1376,5.63156968,1.0000,4097,7.8236,16.1327,3933.2750,378.2481,69.14
1377,5.63156968,1.0000,4097,5.2602,10.3613,3985.0250,274.0163,69.20
1378,5.63156968,1.0000,4097,6.4197,12.0702,3967.4750,299.7733,69.25
1379,5.63156968,1.0000,4097,6.3382,9.9904,3966.6500,256.0091,69.30
1380,5.63156968,1.0000,4097,4.8524,9.4600,4002.6500,244.7841,69.35
1381,5.63156968,1.0000,4097,3.5781,7.2439,4038.9500,184.6128,69.40
1382,5.63156968,1.0000,4097,8.3072,15.0818,3919.4000,364.9542,69.44
1383,5.63156968,1.0000,4097,1.6878,3.0056,4085.8250,69.7879,69.49
1384,5.63156968,1.0000,4097,8.7988,13.4789,3903.5750,343.8705,69.54
1385,5.63156968,1.0000,4097,5.9478,9.2162,3973.8500,239.6509,69.59
1386,5.63156968,1.0000,4097,6.3599,12.8416,3971.0000,304.5879,69.65
1387,5.63331120,1.0000,4097,5.9830,10.2518,3969.7250,271.5977,69.70
1388,5.63331120,1.0000,4097,8.7862,16.7226,3915.0500,392.8778,69.75
1389,5.63331120,1.0000,4097,5.7050,11.0963,3977.7500,292.1242,69.80
1390,5.63331120,1.0000,4097,5.9697,16.0719,4005.3500,321.6435,69.85
1391,5.63331120,1.0000,4097,7.5042,10.5698,3941.3000,286.1234,69.90
1392,5.63331120,1.0000,4097,4.7595,11.7779,4010.1500,275.1418,69.95
1393,5.63331120,1.0000,4097,2.7222,4.5881,4069.2500,107.5444,70.00
1394,5.63331120,1.0000,4097,6.0651,12.4927,3976.1000,308.7875,70.05
1395,5.63331120,1.0000,4097,5.6845,12.4279,3986.6000,298.5197,70.10
1396,5.63331120,1.0000,4097,7.4852,13.0807,3952.8500,317.8152,70.15
1397,5.63331120,1.0000,4097,4.0146,8.1954,4027.7000,212.0385,70.20
1398,5.63412632,1.0000,4097,5.2695,11.4480,4005.5750,279.4247,70.25
1399,5.63414854,1.0000,4097,2.5578,5.7390,4061.8250,154.0654,70.31
1400,5.63414854,1.0000,4097,7.3543,14.3482,3951.8750,347.4252,70.36
1401,5.63592931,1.0000,4097,6.7606,13.6893,3969.1250,299.2105,70.41
1402,5.63592931,1.0000,4097,7.2642,12.7258,3955.8500,311.7186,70.46
1403,5.63592931,1.0000,4097,3.7815,10.0469,4038.2750,227.9811,70.51
1404,5.63592931,1.0000,4097,5.8503,10.4131,3975.0500,271.3322,70.56
1405,5.63592931,1.0000,4097,5.2753,10.9971,4009.7000,268.1032,70.62
1406,5.63688810,1.0000,4097,6.6219,11.4133,3955.8500,298.6891,70.67
1407,5.63688810,1.0000,4097,7.5635,11.1935,3951.3500,298.5731,70.72
1408,5.63688810,1.0000,4097,4.9141,8.6382,3999.3500,233.0538,70.77
1409,5.63738895,1.0000,4097,3.5165,10.0197,4045.1750,230.3933,70.83
1410,5.63738895,1.0000,4097,4.5434,10.7572,4025.0750,238.8003,70.88
1411,5.63738895,1.0000,4097,5.0747,8.4583,4001.6750,224.5330,70.93
1412,5.63738895,1.0000,4097,5.8494,11.2813,3981.8750,284.3445,70.98
1413,5.63738895,1.0000,4097,3.7506,8.7522,4035.8750,223.1642,71.03
1414,5.63800203,1.0000,4097,3.6276,9.4900,4043.1500,212.1055,71.08
1415,5.63800203,1.0000,4097,5.1121,8.9257,4006.2500,229.9542,71.13
1416,5.63800203,1.0000,4097,7.3360,13.5758,3952.7750,317.2373,71.18
1417,5.63800203,1.0000,4097,6.1823,12.4188,3973.4750,305.1001,71.23
1418,5.63800203,1.0000,4097,3.1684,6.7397,4041.2750,176.9706,71.28
1419,5.63800203,1.0000,4097,4.4319,11.9768,4023.7250,268.0915,71.33
1420,5.63800203,1.0000,4097,9.6961,18.1164,3897.2000,414.9830,71.38
1421,5.63800203,1.0000,4097,4.5162,8.7988,4013.9750,234.3530,71.43
1422,5.63800203,1.0000,4097,3.0128,10.8499,4061.2250,220.5504,71.48
1423,5.63800203,1.0000,4097,5.7503,12.5013,3993.4250,294.8887,71.53
1424,5.63800203,1.0000,4097,6.4954,14.3317,3968.3000,329.0843,71.58
1425,5.63800203,1.0000,4097,6.3623,13.9541,3966.2750,331.2888,71.63
1426,5.63800203,1.0000,4097,7.8777,14.6587,3932.5250,344.7598,71.68
1427,5.63800203,1.0000,4097,6.3751,11.8127,3980.3750,293.5797,71.73
1428,5.63843722,1.0000,4097,4.1097,7.1388,4017.4250,190.9624,71.79
1429,5.63843722,1.0000,4097,3.1932,5.4495,4052.3000,139.8235,71.84
1430,5.63843722,1.0000,4097,5.7491,9.7366,3981.3500,252.4950,71.89
1431,5.63843722,1.0000,4097,2.6184,5.3783,4070.1500,130.8374,71.94
1432,5.63843722,1.0000,4097,6.3926,11.8246,3975.9500,298.7310,71.99
1433,5.63843722,1.0000,4097,3.7631,6.5384,4038.2750,179.1277,72.04
1434,5.63843722,1.0000,4097,1.7309,3.3315,4080.8750,81.1629,72.09
1435,5.63843722,1.0000,4097,2.9830,5.8851,4050.9500,152.3317,72.14
1436,5.63949157,1.0000,4097,4.8836,9.4897,4007.1500,247.9831,72.19
1437,5.63949157,1.0000,4097,5.7498,11.3732,3988.9250,280.8074,72.24
1438,5.63949157,1.0000,4097,6.0601,10.3697,3987.5750,271.4503,72.29
1439,5.63949157,1.0000,4097,5.4820,11.9479,3993.7250,294.3640,72.35
1440,5.63949157,1.0000,4097,5.1129,10.3013,4002.2750,255.8623,72.39
1441,5.63949157,1.0000,4097,3.7097,7.6318,4043.3750,197.7501,72.45
1442,5.63949157,1.0000,4097,5.8173,9.1125,3989.5250,245.7913,72.50
1443,5.63949157,1.0000,4097,6.8643,15.2715,3963.2000,340.9060,72.55
1444,5.64021772,1.0000,4097,6.5235,12.0215,3963.9500,309.7037,72.60
1445,5.64021772,1.0000,4097,9.9453,15.2979,3885.6500,369.5240,72.65
1446,5.64034122,1.0000,4097,3.6145,8.3979,4041.8000,208.9127,72.70
1447,5.64034122,1.0000,4097,3.5831,7.2725,4039.8500,190.3842,72.75
1448,5.64034122,1.0000,4097,3.4587,7.4242,4039.2500,192.1157,72.80
1449,5.64034122,1.0000,4097,5.0337,10.8139,4007.2250,254.8927,72.85
1450,5.64034122,1.0000,4097,4.4082,9.0598,4028.0750,228.4264,72.90
1451,5.64034122,1.0000,4097,4.5132,9.4330,4027.1000,232.5321,72.96
1452,5.64034122,1.0000,4097,6.3347,12.2780,3980.4500,298.7152,73.01
1453,5.64034122,1.0000,4097,3.7661,7.9441,4034.3000,202.7407,73.06
1454,5.64034122,1.0000,4097,8.1654,15.7068,3938.9750,348.9997,73.11
1455,5.64034122,1.0000,4097,7.1199,12.8550,3945.4250,326.2484,73.16
1456,5.64034122,1.0000,4097,7.5928,12.4264,3932.3000,324.4655,73.21
1457,5.64034122,1.0000,4097,7.5561,12.1151,3931.9250,310.8777,73.26
1458,5.64034122,1.0000,4097,7.1694,13.8199,3947.8250,338.0396,73.31
1459,5.64041654,1.0000,4097,3.8340,6.2007,4039.2500,153.1701,73.36
1460,5.64041654,1.0000,4097,4.6596,8.2039,4015.1750,210.2002,73.42
1461,5.64041654,1.0000,4097,5.7897,10.8299,3985.3250,276.0607,73.47
1462,5.64041654,1.0000,4097,4.1445,8.4221,4031.9750,207.2177,73.52
1463,5.64041654,1.0000,4097,4.5556,7.8901,4020.8000,203.0878,73.57
1464,5.64128760,1.0000,4097,5.9635,9.0786,3973.1000,242.5961,73.62
1465,5.64128760,1.0000,4097,4.4334,10.2598,4014.9500,255.3955,73.67
1466,5.64227970,1.0000,4097,8.6494,12.9736,3912.0500,332.9091,73.73
1467,5.64227970,1.0000,4097,6.6897,10.4295,3961.9250,252.8864,73.78
1468,5.64227970,1.0000,4097,5.9072,11.2560,3983.3750,280.8841,73.83
1469,5.64331666,1.0000,4097,6.6332,10.9780,3962.7500,286.0353,73.88
1470,5.64372323,1.0000,4097,6.9196,13.7425,3963.5750,311.1052,73.93
1471,5.64372323,1.0000,4097,7.2316,12.0474,3947.8250,295.1419,73.98
1472,5.64372323,1.0000,4097,5.4980,11.7427,3994.4000,280.5667,74.03
1473,5.64372323,1.0000,4097,3.4319,8.2992,4055.8250,190.9648,74.08
1474,5.64372323,1.0000,4097,3.0878,6.1947,4047.1250,168.8585,74.14
1475,5.64394244,1.0000,4097,3.2087,5.5646,4046.4500,142.9706,74.19
1476,5.64394244,1.0000,4097,3.1388,7.5729,4040.1500,200.5169,74.24
1477,5.64394244,1.0000,4097,4.8594,8.6319,4013.4500,217.7394,74.29
1478,5.64394244,1.0000,4097,5.6850,10.0898,3983.0750,261.6745,74.34
1479,5.64394244,1.0000,4097,5.4151,9.0730,3989.2250,238.8652,74.39
1480,5.64394244,1.0000,4097,6.0351,13.6433,3986.3000,294.4059,74.44
1481,5.64394244,1.0000,4097,4.6988,10.9633,4007.0000,269.0483,74.49
1482,5.64394244,1.0000,4097,4.1937,7.3543,4019.4500,191.5055,74.54
1483,5.64394244,1.0000,4097,5.9443,12.1305,3985.3250,299.3006,74.59
1484,5.64401637,1.0000,4097,4.7686,9.7179,4007.4500,249.5304,74.64
1485,5.64401637,1.0000,4097,2.9529,5.4443,4060.6250,143.1132,74.69
1486,5.64416146,1.0000,4097,5.6287,9.7191,3979.3250,263.6038,74.74
1487,5.64416146,1.0000,4097,2.2841,4.8593,4071.0500,125.7794,74.78
1488,5.64416146,1.0000,4097,5.5394,12.5480,4000.5500,287.0998,74.83
1489,5.64416146,1.0000,4097,6.5064,11.4938,3969.2000,300.2847,74.88
1490,5.64417008,1.0000,4097,5.0552,10.2827,3999.0500,245.3879,74.93
1491,5.64417008,1.0000,4097,8.3540,12.4388,3922.3250,321.6634,74.98
1492,5.64435514,1.0000,4097,6.4299,12.8984,3974.6000,304.0831,75.03
1493,5.64435514,1.0000,4097,6.2621,10.9828,3965.3750,286.2723,75.08
1494,5.64435514,1.0000,4097,4.0533,8.9286,4030.7750,216.9774,75.13
1495,5.64435514,1.0000,4097,6.0373,13.2085,3981.5000,314.1997,75.18
1496,5.64435514,1.0000,4097,4.7482,9.6752,4005.9500,245.5840,75.23
1497,5.64435514,1.0000,4097,5.9609,10.5671,3973.9250,264.1793,75.28
1498,5.64445755,1.0000,4097,7.0082,11.6594,3952.7000,303.0964,75.34
1499,5.64445755,1.0000,4097,4.3076,11.1943,4027.1000,245.3160,75.39
1500,5.64549373,1.0000,4097,5.2071,10.7654,3999.0500,268.4485,75.44
1501,5.64549373,1.0000,4097,7.4976,11.8413,3928.4750,311.7236,75.49
1502,5.64549373,1.0000,4097,4.9046,9.7600,4012.7750,253.2570,75.55
1503,5.64549470,1.0000,4097,5.7574,11.1437,3977.9750,269.3512,75.60
1504,5.64549470,1.0000,4097,4.2881,8.9373,4023.5000,228.5480,75.65
1505,5.64559454,1.0000,4097,5.5524,12.2151,4003.0250,278.3989,75.70
1506,5.64559454,1.0000,4097,5.6142,9.8078,3992.6750,250.6845,75.75
1507,5.64559454,1.0000,4097,6.5809,13.0885,3962.3000,327.2784,75.80
1508,5.64583554,1.0000,4097,5.0186,8.6903,4010.0000,228.6681,75.85
1509,5.64583554,1.0000,4097,5.9303,11.9759,3974.0750,307.0991,75.90
1510,5.64583554,1.0000,4097,4.0116,8.6207,4033.1000,215.2019,75.95
1511,5.64583554,1.0000,4097,5.0932,11.6318,3999.1250,285.6921,76.00
1512,5.64583554,1.0000,4097,2.9793,5.6965,4062.3500,149.3837,76.05
1513,5.64583554,1.0000,4097,7.1001,12.8828,3948.2750,313.1624,76.10
1514,5.64583554,1.0000,4097,7.9212,13.6807,3929.9000,338.8488,76.16
1515,5.64583554,1.0000,4097,6.1095,10.1828,3988.1000,253.7734,76.21
1516,5.64583554,1.0000,4097,3.4021,9.3110,4043.5250,218.8478,76.26
1517,5.64640769,1.0000,4097,3.6069,7.8353,4034.2250,195.4488,76.31
1518,5.64640769,1.0000,4097,6.9061,11.5762,3952.7000,304.6314,76.36
1519,5.64640769,1.0000,4097,7.8678,14.2402,3936.8750,332.5495,76.41
1520,5.64640769,1.0000,4097,7.5613,16.8881,3947.6750,372.4875,76.46
1521,5.64640769,1.0000,4097,6.5305,11.0106,3961.8500,283.8299,76.51
1522,5.64640769,1.0000,4097,5.4633,11.3210,3991.1000,285.8373,76.56
1523,5.64665511,1.0000,4097,5.1235,11.9695,4003.6250,283.5882,76.61
1524,5.64665511,1.0000,4097,9.7094,15.1209,3890.3750,372.8773,76.66
1525,5.64665511,1.0000,4097,3.2887,6.4108,4045.8500,173.6129,76.71
1526,5.64665511,1.0000,4097,7.5247,14.2784,3939.5000,347.4273,76.76
1527,5.64665511,1.0000,4097,9.2744,16.0337,3899.4500,382.2573,76.80
1528,5.64676253,1.0000,4097,8.1525,14.3571,3931.7000,324.5244,76.85
1529,5.64676253,1.0000,4097,5.8256,12.6458,3993.8750,277.7842,76.90
1530,5.64733970,1.0000,4097,7.5080,11.9264,3951.5750,310.1251,76.95
1531,5.64733970,1.0000,4097,4.8563,12.0549,4007.3750,283.9672,76.99
1532,5.64733970,1.0000,4097,4.6914,9.1404,4010.0750,235.9605,77.04
1533,5.64733970,1.0000,4097,4.3084,7.8814,4013.9000,214.0403,77.08
1534,5.64733970,1.0000,4097,5.3471,11.3077,3986.9000,290.3383,77.14
1535,5.64733970,1.0000,4097,8.2935,13.0665,3927.9500,316.0914,77.19
1536,5.64733970,1.0000,4097,5.6101,8.7885,3991.9250,230.5266,77.24
1537,5.64733970,1.0000,4097,7.1706,13.8232,3953.9000,335.0734,77.28
1538,5.64733970,1.0000,4097,6.9279,12.5969,3948.2750,323.6699,77.33
1539,5.64733970,1.0000,4097,4.7079,9.7273,4008.5750,249.5154,77.37
1540,5.64733970,1.0000,4097,6.3273,15.1443,3995.8250,309.9517,77.42
1541,5.64733970,1.0000,4097,4.0869,8.3238,4021.5500,213.4027,77.47
1542,5.64839722,1.0000,4097,3.8473,7.0428,4034.0000,183.5524,77.52
1543,5.64839722,1.0000,4097,9.7810,14.9408,3879.4250,386.9459,77.56
1544,5.64839722,1.0000,4097,3.9383,7.1094,4028.2250,182.5536,77.61
1545,5.64839722,1.0000,4097,4.4258,9.3400,4016.0750,244.5271,77.66
1546,5.64839722,1.0000,4097,5.5269,8.8999,3998.6750,230.2483,77.71
1547,5.64839722,1.0000,4097,6.7540,12.3290,3961.3250,314.7545,77.76
1548,5.64839722,1.0000,4097,8.8586,12.5461,3912.6500,313.2005,77.81
1549,5.64839722,1.0000,4097,7.0120,13.4683,3958.1000,330.6540,77.86
1550,5.64839722,1.0000,4097,6.8401,15.2205,3971.6750,341.5039,77.91
1551,5.64839722,1.0000,4097,5.5434,10.3094,3989.9000,264.9156,77.96
1552,5.64839722,1.0000,4097,5.6863,9.2312,3984.2000,246.2768,78.01
1553,5.64926589,1.0000,4097,7.8993,13.3789,3922.3250,343.7315,78.06
1554,5.64926589,1.0000,4097,5.4750,9.2474,3995.9750,238.6965,78.11
1555,5.64926589,1.0000,4097,5.4158,13.2429,3991.2500,319.8327,78.16
1556,5.64926589,1.0000,4097,3.9886,7.6359,4032.5000,201.7330,78.21
1557,5.65115304,1.0000,4097,4.5298,8.6380,4020.6500,207.7215,78.26
1558,5.65115304,1.0000,4097,3.9233,9.9138,4032.5750,227.0150,78.31
1559,5.65232486,1.0000,4097,6.8629,14.8789,3970.1000,333.1244,78.36
1560,5.65232486,1.0000,4097,6.8978,10.9838,3954.5750,287.0084,78.41
1561,5.65232486,1.0000,4097,6.4352,12.9528,3974.4500,307.0318,78.46
1562,5.65232486,1.0000,4097,4.0309,7.3784,4031.2250,189.4072,78.51
1563,5.65232486,1.0000,4097,9.8472,14.7978,3890.5250,360.7891,78.56
1564,5.65232486,1.0000,4097,7.7180,14.4079,3946.6250,326.5808,78.61
1565,5.65232486,1.0000,4097,4.8441,9.4681,4012.4750,239.6922,78.66
1566,5.65232486,1.0000,4097,4.0907,7.7416,4037.9750,196.0442,78.71
1567,5.65232486,1.0000,4097,8.0799,15.1183,3934.1000,354.3318,78.76
1568,5.65232486,1.0000,4097,6.2889,12.0543,3970.8500,294.4725,78.81
1569,5.65232486,1.0000,4097,5.1211,10.6266,3997.6250,268.8854,78.85
1570,5.65232486,1.0000,4097,8.8375,14.8243,3903.7250,360.5926,78.90
1571,5.65232486,1.0000,4097,6.6152,11.2549,3955.8500,298.7290,78.95
1572,5.65232486,1.0000,4097,5.3729,9.9582,3991.6250,263.6403,79.01
1573,5.65232486,1.0000,4097,6.5046,11.9208,3963.9500,290.2053,79.05
1574,5.65232486,1.0000,4097,3.7740,7.8055,4034.1500,201.9202,79.10
1575,5.65232486,1.0000,4097,6.6467,11.9741,3974.6750,305.8680,79.16
1576,5.65358275,1.0000,4097,8.6372,13.8978,3901.0250,354.7666,79.21
1577,5.65358275,1.0000,4097,9.4145,13.9944,3895.6250,358.5215,79.26
1578,5.65358275,1.0000,4097,7.4019,13.0452,3938.5250,335.9718,79.30
1579,5.65358275,1.0000,4097,5.0882,9.6875,4007.3750,243.9852,79.35
1580,5.65358275,1.0000,4097,6.1975,12.0969,3975.3500,302.9925,79.40
1581,5.65358275,1.0000,4097,4.9727,8.4084,4009.7750,217.8012,79.44
1582,5.65358275,1.0000,4097,4.9460,7.5373,4000.4000,200.1128,79.49
1583,5.65369863,1.0000,4097,9.3055,14.9258,3891.1250,378.9848,79.54
1584,5.65369863,1.0000,4097,6.2649,11.0234,3971.0000,282.5062,79.59
1585,5.65369863,1.0000,4097,6.9506,10.9781,3956.0750,276.8420,79.64
1586,5.65369863,1.0000,4097,8.5973,15.7048,3926.9750,354.9999,79.68
1587,5.65369863,1.0000,4097,7.2671,13.7764,3958.7000,324.4759,79.73
1588,5.65369863,1.0000,4097,5.0760,11.1141,4008.3500,259.1277,79.78
1589,5.65369863,1.0000,4097,4.9454,10.6605,4001.0000,271.3085,79.83
1590,5.65369863,1.0000,4097,2.4303,4.4088,4066.2500,109.8360,79.88
1591,5.65369863,1.0000,4097,6.8953,11.9900,3949.0250,308.8983,79.93
1592,5.65369863,1.0000,4097,5.3057,9.2945,3987.9500,250.5930,79.98
1593,5.65369863,1.0000,4097,3.3439,6.9877,4042.2500,182.6810,80.03
1594,5.65369863,1.0000,4097,6.8535,11.8412,3966.7250,286.9660,80.08
1595,5.65371428,1.0000,4097,6.5627,12.1668,3957.4250,313.0626,80.13
1596,5.65371428,1.0000,4097,4.0016,9.5419,4031.9000,222.1491,80.18
1597,5.65371428,1.0000,4097,8.0696,11.6043,3926.4500,302.9395,80.23
1598,5.65371428,1.0000,4097,5.0917,10.0334,4001.6750,262.3967,80.28
1599,5.65409598,1.0000,4097,6.2935,11.9809,3971.9750,306.5351,80.33
1600,5.65409598,1.0000,4097,5.5547,10.2328,3992.4500,271.0119,80.38
1601,5.65409598,1.0000,4097,5.0826,8.1043,4008.4250,215.1243,80.43
1602,5.65409598,1.0000,4097,5.3925,9.5846,3986.8250,249.7498,80.48
1603,5.65409598,1.0000,4097,2.6183,5.8081,4062.6500,150.4807,80.53
1604,5.65409598,1.0000,4097,5.4055,10.6889,3993.8000,270.7388,80.59
1605,5.65409598,1.0000,4097,8.0584,13.7464,3924.9500,333.5863,80.64
1606,5.65437546,1.0000,4097,9.5843,13.8000,3878.9000,358.8815,80.69
1607,5.65437546,1.0000,4097,3.8235,8.4506,4026.6500,224.9249,80.74
1608,5.65437546,1.0000,4097,6.1200,10.1015,3970.0250,266.5997,80.79
1609,5.65437546,1.0000,4097,5.8542,10.6937,3983.6000,275.6927,80.84
1610,5.65437546,1.0000,4097,6.3051,11.1137,3972.2750,282.1594,80.89
1611,5.65437546,1.0000,4097,6.2849,11.5013,3962.0000,291.8809,80.94
1612,5.65437546,1.0000,4097,4.6915,9.2796,4007.5250,241.5437,80.99
1613,5.65437546,1.0000,4097,6.9894,12.1101,3950.8250,308.9738,81.05
1614,5.65437546,1.0000,4097,3.3839,7.0245,4039.3250,181.6902,81.10
1615,5.65437546,1.0000,4097,2.0373,4.8817,4075.0250,124.4754,81.15
1616,5.65437546,1.0000,4097,3.5664,7.5104,4034.3000,199.7635,81.20
1617,5.65437546,1.0000,4097,5.5709,12.0999,3991.2500,295.0701,81.25
1618,5.65437546,1.0000,4097,6.4758,15.1977,3973.9250,332.7435,81.30
1619,5.65437546,1.0000,4097,3.4564,9.7430,4037.5250,226.5029,81.35
1620,5.65662587,1.0000,4097,5.2184,9.9608,3990.5750,257.6693,81.40
1621,5.65737324,1.0000,4097,5.9977,9.1545,3975.3500,247.3099,81.45
1622,5.65737324,1.0000,4097,6.5167,13.2218,3964.2500,326.6453,81.50
1623,5.65737324,1.0000,4097,4.2829,9.1358,4020.0500,228.5614,81.55
1624,5.65737324,1.0000,4097,7.2873,14.0395,3959.3750,321.9282,81.60
1625,5.65737324,1.0000,4097,4.0148,8.6288,4024.5500,223.7189,81.65
1626,5.65737324,1.0000,4097,3.5959,8.0588,4047.2000,189.5264,81.70
1627,5.65737324,1.0000,4097,6.0860,12.0599,3979.2500,296.7012,81.75
1628,5.65737324,1.0000,4097,7.8946,11.0886,3921.8750,300.8004,81.81
1629,5.65737324,1.0000,4097,5.1159,10.1587,4000.2500,257.8192,81.86
1630,5.65743595,1.0000,4097,9.4211,15.5530,3896.5250,365.5810,81.90
1631,5.65743595,1.0000,4097,3.4725,7.7521,4039.7000,199.6666,81.95
1632,5.65743595,1.0000,4097,6.4873,10.1947,3959.6000,268.0229,82.01
1633,5.65743595,1.0000,4097,4.2461,8.6946,4018.1750,227.5090,82.06
1634,5.65743595,1.0000,4097,2.4715,5.0568,4060.7000,134.6609,82.11
1635,5.65743595,1.0000,4097,4.8692,9.3005,4005.7250,242.5365,82.16
1636,5.65743595,1.0000,4097,5.4765,13.8626,3997.4750,303.9896,82.21
1637,5.65743595,1.0000,4097,7.8402,10.4610,3928.4750,275.2178,82.26
1638,5.65795888,1.0000,4097,5.1869,10.9073,3997.0250,256.1949,82.31
1639,5.65795888,1.0000,4097,4.3516,11.4095,4025.5250,261.2842,82.36
1640,5.65809399,1.0000,4097,8.1432,13.5703,3924.0500,333.4501,82.41
1641,5.65809399,1.0000,4097,8.9233,14.2372,3902.0750,367.7506,82.46
1642,5.65809744,1.0000,4097,4.1200,6.5548,4021.7750,168.9248,82.51
1643,5.65809744,1.0000,4097,4.5643,11.0983,4014.6500,265.9013,82.56
1644,5.65809744,1.0000,4097,6.1457,11.7287,3970.2500,302.4699,82.61
1645,5.65809744,1.0000,4097,4.6576,8.3874,4015.7750,220.3657,82.66
1646,5.65809744,1.0000,4097,5.0698,9.2629,3999.2750,232.2026,82.71
1647,5.65809744,1.0000,4097,4.2196,8.0488,4026.4250,208.3586,82.76
1648,5.65809744,1.0000,4097,9.3296,17.3858,3914.0000,382.6911,82.81
1649,5.66011148,1.0000,4097,5.9420,11.4967,3981.7250,285.8757,82.86
1650,5.66011148,1.0000,4097,2.9703,4.9959,4062.7250,121.3886,82.92
1651,5.66011148,1.0000,4097,6.3269,12.0963,3964.1000,300.7185,82.97
1652,5.66215243,1.0000,4097,2.4304,4.6031,4068.2750,114.2639,83.02
1653,5.66215243,1.0000,4097,4.6313,9.7568,4011.5000,251.4378,83.07
1654,5.66215243,1.0000,4097,5.2101,9.6536,4004.3750,245.5360,83.12
1655,5.66271481,1.0000,4097,5.1674,9.0718,4011.5750,238.7536,83.17
1656,5.66271481,1.0000,4097,5.5530,12.0899,3993.3500,279.3465,83.23
1657,5.66271481,1.0000,4097,3.5502,7.7491,4048.3250,195.5743,83.28
1658,5.66271481,1.0000,4097,5.2531,11.3527,4005.5000,264.4241,83.33
1659,5.66271481,1.0000,4097,5.1720,11.4599,4008.3500,276.2265,83.38
1660,5.66271481,1.0000,4097,6.9481,13.1050,3961.5500,324.7370,83.43
1661,5.66271481,1.0000,4097,4.3591,11.0242,4029.1250,245.1990,83.48
1662,5.66271481,1.0000,4097,6.9655,13.4394,3956.3000,326.6543,83.53
1663,5.66271481,1.0000,4097,8.0657,13.7918,3923.9000,343.9963,83.58
1664,5.66271481,1.0000,4097,6.7720,13.5379,3968.6000,324.3167,83.63
1665,5.66271481,1.0000,4097,6.9752,11.4437,3946.4750,304.2123,83.69
1666,5.66797673,1.0000,4097,9.0480,15.7171,3911.3000,379.5248,83.74
1667,5.66797673,1.0000,4097,2.4306,3.5280,4080.8000,60.4029,83.79
1668,5.66797673,1.0000,4097,4.3447,10.5459,4012.7750,264.9914,83.84
1669,5.66797673,1.0000,4097,5.9552,12.7008,3978.8000,298.0827,83.89
1670,5.66797673,1.0000,4097,2.3667,5.4153,4062.5750,150.1184,83.94
1671,5.66797673,1.0000,4097,3.2566,8.0766,4051.4750,202.4132,83.99
1672,5.66813038,1.0000,4097,6.4522,9.8920,3972.8000,259.3793,84.04
1673,5.66813038,1.0000,4097,4.1418,9.5274,4037.2250,236.4177,84.09
1674,5.66813038,1.0000,4097,4.1542,9.8627,4015.0250,253.4276,84.14
1675,5.67304888,1.0000,4097,4.0162,9.0064,4035.5000,228.4318,84.19
1676,5.67304888,1.0000,4097,5.3874,8.9479,3997.7750,233.2077,84.24
1677,5.67304888,1.0000,4097,8.4083,14.4387,3910.7750,364.0642,84.29
1678,5.67304888,1.0000,4097,5.2900,11.5567,3997.4000,283.2048,84.34
1679,5.67304888,1.0000,4097,5.2394,9.2979,4003.1750,238.9326,84.39
1680,5.67304888,1.0000,4097,4.7147,8.3460,4003.4750,228.0650,84.44
1681,5.67304888,1.0000,4097,5.8221,10.3128,3981.4250,266.9671,84.50
1682,5.67304888,1.0000,4097,8.3882,14.3029,3911.6000,368.9989,84.55
1683,5.67324591,1.0000,4097,6.6133,11.0843,3956.1500,289.3491,84.60
1684,5.67324881,1.0000,4097,6.2992,12.2713,3971.8250,300.7176,84.65
1685,5.67324881,1.0000,4097,2.9186,8.5600,4058.0000,193.2487,84.70
1686,5.67344751,1.0000,4097,11.2838,19.3878,3864.0500,427.0479,84.76
1687,5.67455311,1.0000,4097,5.7419,8.9384,3978.5000,239.7580,84.81
1688,5.67455311,1.0000,4097,7.9137,15.4050,3941.6000,346.3079,84.87
1689,5.67455311,1.0000,4097,4.1488,12.3248,4035.8000,250.6480,84.92
1690,5.67455311,1.0000,4097,5.8027,11.6034,3988.5500,291.8574,84.98
1691,5.67455311,1.0000,4097,8.0591,12.7794,3920.0000,332.6329,85.03
1692,5.67455311,1.0000,4097,8.8008,14.2067,3909.2000,361.0839,85.08
1693,5.67455311,1.0000,4097,3.9810,8.2373,4028.8250,213.3072,85.13
1694,5.67471940,1.0000,4097,10.9539,16.8639,3852.6500,405.3248,85.18
1695,5.67471940,1.0000,4097,1.8846,3.0435,4083.3500,59.4990,85.23
1696,5.67471940,1.0000,4097,8.3508,14.0682,3922.0250,342.5203,85.28
1697,5.67471940,1.0000,4097,4.5527,8.9320,4019.0750,225.1265,85.33
1698,5.67471940,1.0000,4097,4.3982,8.9356,4014.1250,239.7859,85.38
1699,5.67471940,1.0000,4097,3.7823,7.6542,4043.4500,186.8082,85.43
1700,5.67500192,1.0000,4097,5.3599,8.3991,4001.5250,220.0668,85.49
1701,5.67500192,1.0000,4097,4.6140,11.0238,4010.5250,259.4782,85.54
1702,5.67577722,1.0000,4097,9.6886,18.6225,3901.6250,416.0315,85.59
1703,5.67578511,1.0000,4097,4.8229,8.2477,4001.2250,215.0724,85.64
1704,5.67578511,1.0000,4097,5.5658,10.6437,3990.4250,279.1185,85.69
1705,5.67587570,1.0000,4097,2.3592,3.7978,4076.6000,89.2272,85.74
1706,5.67587570,1.0000,4097,9.3225,13.5963,3897.9500,343.8807,85.79
1707,5.67597486,1.0000,4097,2.6467,5.8652,4054.2500,156.3368,85.85
1708,5.67597486,1.0000,4097,7.2888,11.7726,3944.7500,301.9905,85.90
1709,5.67597486,1.0000,4097,4.2748,8.3525,4024.7000,211.7518,85.95
1710,5.67613637,1.0000,4097,8.2247,14.7945,3935.4500,343.4473,86.00
1711,5.67613637,1.0000,4097,3.5228,7.7791,4038.2750,206.8433,86.05
1712,5.67613637,1.0000,4097,9.1764,16.9381,3901.1000,389.9263,86.11
1713,5.67673229,1.0000,4097,2.5309,8.4307,4066.5500,190.1602,86.16
1714,5.67673229,1.0000,4097,4.2076,6.1409,4028.1500,153.0249,86.21
1715,5.67673229,1.0000,4097,8.0405,12.3531,3919.1000,317.5498,86.27
1716,5.67673229,1.0000,4097,3.4816,6.5205,4042.1750,165.4834,86.32
1717,5.67673229,1.0000,4097,7.6176,12.2333,3937.8500,304.7474,86.37
1718,5.67673229,1.0000,4097,3.1377,6.4475,4044.8000,169.5024,86.42
1719,5.67692909,1.0000,4097,5.8075,10.4115,3976.3250,274.5315,86.47
1720,5.67692909,1.0000,4097,3.8389,9.6633,4036.7000,224.6495,86.52
1721,5.67692909,1.0000,4097,6.1642,11.4964,3977.3750,297.1698,86.57
1722,5.67692909,1.0000,4097,4.6733,8.4217,4014.5750,224.9380,86.63
1723,5.67692909,1.0000,4097,8.8304,12.3722,3913.4750,320.4520,86.68
1724,5.67692909,1.0000,4097,6.2574,11.7245,3972.5750,301.4351,86.73
1725,5.67692909,1.0000,4097,6.7601,11.0062,3971.3750,275.3063,86.79
1726,5.67692909,1.0000,4097,4.8548,9.5464,3999.6500,249.2384,86.84
1727,5.67692909,1.0000,4097,3.3312,7.5757,4045.7750,195.6674,86.90
1728,5.67692909,1.0000,4097,4.5163,9.6883,4012.7750,253.2135,86.95
1729,5.67692909,1.0000,4097,7.4422,12.9913,3942.9500,318.9781,87.00
1730,5.67692909,1.0000,4097,8.0885,14.1831,3925.9250,347.9331,87.05
1731,5.67692909,1.0000,4097,10.5040,17.2119,3877.4000,402.3542,87.10
1732,5.67692909,1.0000,4097,5.5257,10.6074,3995.6750,274.6749,87.16
1733,5.67692909,1.0000,4097,5.8971,11.7853,3976.4750,288.2959,87.21
1734,5.67692909,1.0000,4097,6.2598,11.1416,3968.4500,284.3776,87.26
1735,5.67692909,1.0000,4097,5.4120,13.2718,4003.3250,278.7487,87.31
1736,5.67692909,1.0000,4097,5.1124,10.1891,4005.2750,243.8484,87.36
1737,5.67692909,1.0000,4097,8.2986,17.5215,3937.4750,381.9525,87.41
1738,5.67692909,1.0000,4097,5.2491,9.3069,3994.0250,242.1219,87.46
1739,5.67692909,1.0000,4097,6.2529,13.6162,3982.4000,320.1614,87.51
1740,5.67692909,1.0000,4097,6.9708,12.4707,3947.2250,305.7804,87.56
1741,5.67692909,1.0000,4097,6.4964,11.1270,3972.3500,287.9062,87.61
1742,5.67692909,1.0000,4097,7.1858,12.2999,3934.1750,323.9430,87.66
1743,5.67692909,1.0000,4097,4.8870,9.2298,3998.8250,243.8190,87.71
1744,5.67728114,1.0000,4097,4.3456,9.8559,4013.1500,258.0235,87.77
1745,5.67728114,1.0000,4097,8.3445,15.3292,3928.7750,375.5279,87.82
1746,5.67728114,1.0000,4097,10.2359,16.5006,3883.3250,391.8358,87.87
1747,5.67728114,1.0000,4097,7.3727,14.1781,3944.2250,334.9681,87.92
1748,5.67728114,1.0000,4097,6.0947,8.4114,3983.6000,218.6403,87.97
1749,5.67728114,1.0000,4097,6.1357,10.9517,3979.7750,276.7802,88.02
1750,5.67728114,1.0000,4097,7.7694,14.4250,3930.3500,355.9604,88.07
1751,5.67728114,1.0000,4097,6.2744,11.3218,3969.9500,284.3713,88.13
1752,5.67728114,1.0000,4097,5.2704,11.2677,4004.0750,267.7544,88.18
1753,5.67728114,1.0000,4097,6.2167,9.7516,3974.1500,258.1604,88.23
1754,5.67728114,1.0000,4097,3.4379,7.4759,4033.7750,199.2488,88.28
1755,5.67728114,1.0000,4097,7.5664,13.8731,3935.9750,349.3109,88.33
1756,5.67728114,1.0000,4097,4.9298,8.3990,3999.5000,226.8752,88.38
1757,5.67728114,1.0000,4097,3.5172,7.5509,4043.3750,190.6820,88.43
1758,5.67764717,1.0000,4097,5.8907,12.4396,3979.7750,316.1738,88.48
1759,5.67764717,1.0000,4097,3.7396,6.3754,4037.5250,167.0085,88.53
1760,5.67764717,1.0000,4097,5.9287,11.0074,3974.6000,279.3338,88.58
1761,5.67764717,1.0000,4097,4.6883,9.7731,4002.7250,259.9564,88.63
1762,5.67764717,1.0000,4097,7.9564,14.1366,3938.9750,338.3625,88.68
1763,5.67764717,1.0000,4097,6.1157,11.9765,3996.5750,273.1351,88.73
1764,5.67796391,1.0000,4097,7.7445,14.3869,3943.4750,352.0784,88.79
1765,5.67796391,1.0000,4097,2.7499,4.8597,4057.4750,120.1403,88.84
1766,5.67796391,1.0000,4097,6.1673,11.6383,3970.2500,297.0210,88.89
1767,5.67824520,1.0000,4097,2.9670,4.8109,4058.6750,112.6289,88.94
1768,5.67824520,1.0000,4097,8.0603,12.3914,3937.7000,324.8086,88.99
1769,5.67898705,1.0000,4097,6.8271,12.4312,3957.2000,311.5380,89.04
1770,5.67898705,1.0000,4097,5.7156,11.6662,3989.9000,281.2908,89.09
1771,5.67898705,1.0000,4097,6.4318,11.8738,3971.0750,305.0194,89.14
1772,5.67898705,1.0000,4097,9.8767,15.8733,3887.9750,398.9929,89.20
1773,5.67898705,1.0000,4097,9.2669,16.1247,3912.9500,385.5429,89.25
1774,5.67987516,1.0000,4097,4.2052,9.1299,4018.4000,241.2783,89.30
1775,5.67987516,1.0000,4097,6.7051,14.9856,3970.1750,345.5350,89.36
1776,5.67987516,1.0000,4097,5.9269,12.2488,3983.9750,299.1967,89.41
1777,5.67987516,1.0000,4097,4.9452,9.0943,4007.6000,233.3493,89.46
1778,5.67987516,1.0000,4097,6.8125,15.6754,3973.9250,333.4230,89.51
1779,5.67987516,1.0000,4097,4.2591,10.2408,4022.6000,256.7360,89.56
1780,5.67987516,1.0000,4097,5.3738,8.9703,3996.9500,240.4258,89.61
1781,5.67987516,1.0000,4097,2.7414,5.9199,4055.8250,158.9292,89.66
1782,5.67987516,1.0000,4097,4.5232,8.9578,4005.5000,241.7598,89.71
1783,5.68172141,1.0000,4097,3.0033,5.9463,4051.5500,153.0699,89.76
1784,5.68172141,1.0000,4097,5.6924,11.9144,3976.0250,301.0851,89.81
1785,5.68172141,1.0000,4097,3.2509,6.7599,4054.6250,168.3708,89.87
1786,5.68172141,1.0000,4097,7.3013,13.7618,3943.3250,334.3301,89.92
1787,5.68172141,1.0000,4097,3.8903,8.9777,4030.1750,234.2825,89.97
1788,5.68172141,1.0000,4097,8.2150,17.2436,3929.1500,393.0921,90.02
1789,5.68172141,1.0000,4097,5.6064,12.1266,3988.8500,294.8658,90.07
1790,5.68172141,1.0000,4097,5.1205,10.0324,4000.5500,256.6066,90.13
1791,5.68172141,1.0000,4097,5.5531,11.1673,4003.5500,280.4932,90.18
1792,5.68172141,1.0000,4097,8.3723,13.0576,3923.6750,325.5231,90.23
1793,5.68172141,1.0000,4097,4.5001,9.2968,4022.5250,240.6571,90.28
1794,5.68172141,1.0000,4097,4.8579,8.3860,4007.6000,213.1776,90.33
1795,5.68172141,1.0000,4097,4.7525,11.4278,4006.1000,283.5986,90.39
1796,5.68263942,1.0000,4097,3.4832,6.1518,4045.0250,164.9487,90.44
1797,5.68299603,1.0000,4097,3.1452,6.7305,4045.4750,171.7142,90.50
1798,5.68299603,1.0000,4097,4.1802,7.7477,4027.8500,197.1070,90.55
1799,5.68299603,1.0000,4097,5.3635,9.8248,3989.5250,252.9997,90.60
1800,5.68299603,1.0000,4097,4.0802,8.3197,4020.5750,217.7388,90.66
1801,5.68299603,1.0000,4097,5.6803,11.3169,4004.0750,258.2820,90.71
1802,5.68448288,1.0000,4097,3.7163,6.2194,4036.6250,160.3726,90.76
1803,5.68448288,1.0000,4097,5.2027,12.8817,3997.4000,296.9206,90.81
1804,5.68448288,1.0000,4097,7.7113,12.5197,3942.2000,312.2003,90.87
1805,5.68448288,1.0000,4097,5.9687,11.2131,3991.7750,270.6412,90.92
1806,5.68448288,1.0000,4097,2.9905,6.1781,4044.8750,163.5862,90.98
1807,5.68448288,1.0000,4097,5.9080,11.2441,3991.3250,275.2159,91.04
1808,5.68448288,1.0000,4097,7.3959,14.8908,3955.7000,351.1159,91.09
1809,5.68448288,1.0000,4097,7.9542,11.8498,3919.1000,311.8364,91.14
1810,5.68448288,1.0000,4097,6.9547,13.2329,3972.3500,314.5811,91.20
1811,5.68448288,1.0000,4097,5.5018,8.4899,3992.9000,220.2930,91.25
1812,5.68448288,1.0000,4097,2.8757,5.3891,4061.5250,137.7730,91.30
1813,5.68596688,1.0000,4097,2.8839,5.1765,4053.2750,129.9694,91.36
1814,5.68596688,1.0000,4097,6.0414,10.1556,3970.9250,264.0933,91.41
1815,5.68596688,1.0000,4097,3.1708,6.7226,4048.2500,177.8316,91.46
1816,5.68596688,1.0000,4097,5.7037,12.1343,3982.3250,294.2283,91.51
1817,5.68596688,1.0000,4097,7.7612,12.0460,3927.5000,308.4972,91.57
1818,5.68596688,1.0000,4097,5.3794,10.0017,3993.2000,261.5536,91.62
1819,5.68596688,1.0000,4097,4.4644,9.3978,4010.7500,247.3870,91.67
1820,5.68596688,1.0000,4097,7.9390,14.7029,3920.3000,364.6622,91.72
1821,5.68596688,1.0000,4097,4.4825,7.6787,4011.3500,207.9640,91.77
1822,5.68596688,1.0000,4097,6.1180,12.1835,3973.7000,302.7554,91.82
1823,5.68596688,1.0000,4097,4.1477,8.5670,4018.3250,224.9345,91.87
1824,5.68596688,1.0000,4097,7.0723,13.1089,3955.5500,319.2489,91.92
1825,5.68596688,1.0000,4097,4.7245,7.6432,4003.8500,206.1165,91.98
1826,5.68646107,1.0000,4097,4.6442,9.9811,4014.2750,244.6774,92.03
1827,5.68646107,1.0000,4097,5.9834,9.9756,3987.2750,255.3922,92.09
1828,5.68646107,1.0000,4097,4.7170,9.1484,4014.2000,238.3620,92.14
1829,5.68646107,1.0000,4097,6.7942,14.3611,3974.7500,323.3986,92.19
1830,5.68646107,1.0000,4097,4.5671,10.6881,4022.9000,260.3779,92.24
1831,5.68646107,1.0000,4097,8.1434,14.0830,3937.5500,338.6909,92.29
1832,5.68646107,1.0000,4097,5.0273,9.8761,4000.1000,247.3219,92.35
1833,5.68646107,1.0000,4097,7.2613,10.1135,3944.5250,268.9077,92.40
1834,5.68646107,1.0000,4097,7.1971,12.9673,3940.8500,324.2318,92.45
1835,5.68646107,1.0000,4097,7.0397,10.7336,3945.3500,284.4721,92.50
1836,5.68646107,1.0000,4097,4.5118,8.5822,4016.3750,217.4423,92.55
1837,5.68646107,1.0000,4097,4.5413,9.1044,4017.6500,230.9727,92.61
1838,5.68646107,1.0000,4097,6.5959,13.4527,3967.1750,321.6582,92.66
1839,5.68646107,1.0000,4097,4.4368,7.1425,4020.1250,186.9456,92.71
1840,5.68646107,1.0000,4097,8.0141,14.9490,3937.6250,365.8396,92.76
1841,5.68646107,1.0000,4097,4.2557,7.8366,4020.3500,205.8883,92.81
1842,5.68646107,1.0000,4097,2.4076,4.5896,4069.5500,117.5804,92.86
1843,5.68646107,1.0000,4097,3.0005,5.8898,4059.8000,146.1216,92.91
1844,5.68646107,1.0000,4097,6.9946,13.0580,3944.5250,333.2228,92.96
1845,5.68646107,1.0000,4097,6.1458,10.4392,3980.0000,270.6484,93.01
1846,5.68646107,1.0000,4097,7.2324,12.9359,3939.7250,333.9317,93.07
1847,5.68646120,1.0000,4097,6.5384,9.1542,3960.5000,252.3168,93.12
1848,5.68661968,1.0000,4097,5.9334,10.7743,3991.7000,266.0484,93.18
1849,5.68661968,1.0000,4097,6.9169,12.6943,3961.3250,310.2677,93.23
1850,5.68661968,1.0000,4097,5.2003,9.7719,3989.6000,259.1158,93.28
1851,5.68661968,1.0000,4097,4.8468,10.8838,4004.2250,271.5492,93.33
1852,5.68662398,1.0000,4097,6.2413,10.0884,3975.7250,266.7900,93.38
1853,5.68662398,1.0000,4097,9.0198,16.9653,3915.0500,394.7649,93.43
1854,5.68663908,1.0000,4097,3.3362,7.0680,4056.5000,171.9448,93.48
1855,5.68663908,1.0000,4097,5.4004,8.4112,3995.1500,224.2637,93.53
1856,5.68663908,1.0000,4097,7.4442,13.8550,3937.8500,339.1121,93.59
1857,5.68697207,1.0000,4097,5.1814,11.1438,4028.7500,249.6270,93.64
1858,5.68702756,1.0000,4097,3.0645,6.0458,4052.5250,159.9494,93.69
1859,5.68702756,1.0000,4097,3.0441,6.4337,4048.5500,172.6793,93.74
1860,5.68702756,1.0000,4097,3.2592,8.4029,4039.4000,214.5306,93.79
1861,5.68702756,1.0000,4097,5.2404,8.7480,4001.0750,227.8682,93.84
1862,5.68702756,1.0000,4097,6.0825,10.9614,3974.0000,286.3610,93.90
1863,5.68702756,1.0000,4097,5.5474,10.0639,3994.5500,267.3112,93.95
1864,5.68702756,1.0000,4097,5.1805,10.7705,4004.4500,273.2937,94.00
1865,5.68740490,1.0000,4097,5.2875,11.0383,4000.1750,270.5719,94.05
1866,5.68740490,1.0000,4097,5.1034,10.1666,3995.6750,263.4868,94.10
1867,5.68740490,1.0000,4097,7.5894,13.0189,3929.0750,330.0896,94.15
1868,5.68740490,1.0000,4097,8.3912,16.3778,3926.7500,378.4252,94.21
1869,5.68740490,1.0000,4097,8.6212,15.0187,3917.6750,360.2284,94.26
1870,5.68740490,1.0000,4097,3.4320,6.0009,4042.6250,158.1475,94.31
1871,5.68740490,1.0000,4097,9.5961,17.2495,3905.6750,394.8247,94.36
1872,5.68740490,1.0000,4097,5.9091,11.9452,3986.2250,283.3979,94.41
1873,5.68740490,1.0000,4097,4.0266,7.6862,4020.4250,201.6103,94.47
1874,5.68740490,1.0000,4097,4.1279,11.2740,4031.8250,243.6159,94.52
1875,5.68740490,1.0000,4097,6.6667,14.2216,3960.4250,340.1509,94.57
1876,5.68740490,1.0000,4097,2.8895,6.0132,4052.8250,161.3166,94.62
1877,5.68740490,1.0000,4097,4.9044,10.4466,4007.3000,244.9117,94.67
1878,5.68740490,1.0000,4097,5.4087,11.7693,4001.4500,275.4366,94.73
1879,5.68740490,1.0000,4097,3.5051,8.5350,4040.9000,209.4627,94.78
1880,5.68740490,1.0000,4097,4.7707,8.5503,4006.9250,230.3909,94.83
1881,5.68740490,1.0000,4097,4.8530,8.8482,4004.2250,228.4903,94.88
1882,5.68740490,1.0000,4097,6.8431,12.5084,3965.9000,302.6487,94.93
1883,5.68740490,1.0000,4097,8.4928,14.8646,3925.7000,363.2316,94.98
1884,5.68740490,1.0000,4097,4.7264,8.4152,4010.6750,214.4942,95.04
1885,5.68740490,1.0000,4097,5.2030,10.1225,3998.6750,248.6804,95.09
1886,5.68740490,1.0000,4097,4.3308,7.8902,4014.7250,208.9268,95.14
1887,5.68740490,1.0000,4097,7.6086,14.0846,3940.6250,336.9043,95.19
1888,5.68740490,1.0000,4097,5.5807,9.6502,3976.3250,256.4083,95.24
1889,5.68740490,1.0000,4097,5.6075,9.0605,3985.5500,239.8430,95.29
1890,5.68740490,1.0000,4097,4.4476,9.6552,4015.9250,240.7736,95.34
1891,5.68740490,1.0000,4097,8.7177,13.6354,3919.7750,333.6301,95.40
1892,5.68757679,1.0000,4097,3.6368,7.2341,4043.2250,176.3701,95.45
1893,5.68757679,1.0000,4097,4.9826,8.3576,4001.5250,225.1438,95.50
1894,5.68757679,1.0000,4097,6.4788,11.1963,3961.8500,294.8093,95.56
1895,5.68757679,1.0000,4097,7.2905,11.2859,3955.8500,293.9862,95.61
1896,5.68757679,1.0000,4097,5.0888,8.6251,3991.1000,230.6834,95.66
1897,5.68757679,1.0000,4097,2.6219,6.7045,4059.2000,174.1355,95.71
1898,5.68757679,1.0000,4097,6.7892,11.5673,3951.9500,302.4846,95.76
1899,5.68801523,1.0000,4097,4.5664,12.0987,4016.6750,284.8883,95.81
1900,5.68801523,1.0000,4097,4.2522,7.8206,4021.3250,200.9916,95.87
1901,5.68801523,1.0000,4097,4.4187,11.1820,4015.6250,264.8188,95.92
1902,5.68801523,1.0000,4097,3.6451,7.9627,4042.7750,206.3777,95.97
1903,5.68801523,1.0000,4097,6.8618,11.5473,3963.8000,285.9567,96.02
1904,5.68906679,1.0000,4097,3.6104,6.8331,4037.7500,171.4596,96.07
1905,5.68906679,1.0000,4097,6.2134,10.4816,3973.0250,277.2326,96.12
1906,5.68906679,1.0000,4097,5.4504,11.0657,4001.6000,269.1731,96.17
1907,5.68906679,1.0000,4097,5.8354,8.6497,3979.4750,231.1567,96.23
1908,5.68906679,1.0000,4097,5.4359,8.3961,4006.5500,217.2615,96.28
1909,5.68906679,1.0000,4097,5.8908,12.4756,3983.7500,299.5172,96.33
1910,5.68906679,1.0000,4097,2.9091,4.1003,4065.7250,80.6852,96.38
1911,5.68906679,1.0000,4097,4.2254,7.8489,4019.6750,206.2088,96.43
1912,5.68906679,1.0000,4097,6.2364,11.7654,3972.1250,301.3393,96.49
1913,5.68906679,1.0000,4097,3.6230,5.6270,4049.7500,140.3518,96.54
1914,5.68906679,1.0000,4097,8.2728,12.6213,3924.0500,324.0344,96.59
1915,5.68906679,1.0000,4097,4.4167,10.3274,4028.2250,243.5045,96.65
1916,5.68906679,1.0000,4097,5.9922,13.2666,3981.0500,307.0017,96.70
1917,5.68906679,1.0000,4097,6.0275,11.6602,3964.6250,298.5861,96.75
1918,5.68906679,1.0000,4097,3.7059,8.4478,4035.2000,219.0183,96.80
1919,5.68906679,1.0000,4097,5.3265,10.6115,3991.4000,272.8559,96.85
1920,5.68906679,1.0000,4097,3.6886,6.3018,4038.5000,164.1291,96.90
1921,5.68906679,1.0000,4097,4.7367,9.0738,4004.4500,240.6409,96.96
1922,5.68906679,1.0000,4097,4.4910,8.5215,4021.7000,217.5339,97.01
1923,5.68906679,1.0000,4097,7.1657,11.1232,3958.1000,284.3346,97.06
1924,5.68906679,1.0000,4097,5.0158,10.0183,3999.7250,254.2214,97.11
1925,5.68969550,1.0000,4097,4.2797,9.1139,4017.8750,233.3546,97.16
1926,5.68969550,1.0000,4097,5.2923,10.8571,3987.5000,276.3658,97.21
1927,5.68969550,1.0000,4097,5.7670,10.7136,3995.3000,265.9029,97.27
1928,5.68969550,1.0000,4097,5.7462,9.0459,3987.0500,243.4270,97.32
1929,5.68969550,1.0000,4097,7.7778,13.6484,3924.5750,344.0982,97.37
1930,5.68969550,1.0000,4097,2.4087,3.8654,4070.3000,82.6003,97.42
1931,5.68969550,1.0000,4097,7.2498,15.2382,3947.0750,354.1973,97.48
1932,5.68969550,1.0000,4097,5.3811,11.3111,3995.2250,284.0316,97.53
1933,5.68969550,1.0000,4097,5.2566,12.8525,4002.9500,278.9690,97.58
1934,5.68969550,1.0000,4097,5.2067,9.8121,3992.9000,259.7420,97.63
1935,5.68969550,1.0000,4097,3.9757,9.8476,4025.2250,251.3504,97.68
1936,5.68969550,1.0000,4097,5.7194,7.8013,3996.3500,202.7720,97.73
1937,5.68969550,1.0000,4097,6.2547,12.6734,3979.9250,292.8563,97.78
1938,5.68969550,1.0000,4097,8.1373,15.0832,3934.4750,342.2932,97.84
1939,5.68969550,1.0000,4097,6.0255,11.2823,3973.4000,283.2079,97.89
1940,5.68969550,1.0000,4097,8.8556,14.6317,3912.0500,353.2999,97.94
1941,5.68969550,1.0000,4097,7.9529,13.4491,3937.3250,336.7515,97.99
1942,5.68969550,1.0000,4097,5.2320,8.9097,4001.6000,227.8432,98.04
1943,5.68969550,1.0000,4097,5.5863,9.6891,3983.1500,262.0702,98.09
1944,5.68969550,1.0000,4097,5.5184,11.9250,3992.8250,285.7159,98.15
1945,5.68969550,1.0000,4097,6.1495,10.5541,3977.5250,275.8621,98.20
1946,5.68969550,1.0000,4097,5.8469,13.0206,3980.9750,313.0672,98.26
1947,5.68969550,1.0000,4097,5.1927,11.1322,4003.6250,273.5370,98.31
1948,5.68971968,1.0000,4097,4.9191,10.8940,4010.5250,265.0665,98.36
1949,5.68971968,1.0000,4097,5.0944,8.6812,3991.3250,235.2911,98.42
1950,5.68971968,1.0000,4097,3.4092,6.8563,4045.9250,182.8075,98.47
1951,5.68971968,1.0000,4097,3.1262,5.0285,4056.0500,124.3346,98.53
1952,5.68971968,1.0000,4097,4.4319,8.2310,4012.7000,225.0378,98.58
1953,5.68971968,1.0000,4097,3.2914,7.7388,4041.0500,197.7846,98.63
1954,5.69051319,1.0000,4097,3.9756,8.6231,4033.7000,226.5793,98.68
1955,5.69051319,1.0000,4097,9.7799,15.8071,3884.8250,393.7258,98.74
1956,5.69051319,1.0000,4097,6.1318,12.1836,3974.8250,294.0520,98.80
1957,5.69051319,1.0000,4097,4.8519,11.2996,4004.0750,284.5801,98.85
1958,5.69051319,1.0000,4097,8.3108,12.1624,3910.4000,316.0349,98.90
1959,5.69051319,1.0000,4097,5.0880,10.7162,3998.5250,276.4145,98.95
1960,5.69051319,1.0000,4097,5.9439,12.2128,3981.8000,306.6103,99.00
1961,5.69068287,1.0000,4097,3.7395,7.4721,4037.4500,184.7809,99.06
1962,5.69068287,1.0000,4097,4.1538,11.1948,4042.1750,231.2229,99.11
1963,5.69068287,1.0000,4097,2.7370,4.5858,4065.2000,113.4655,99.16
1964,5.69068287,1.0000,4097,9.7799,15.7801,3894.3500,357.8366,99.22
1965,5.69068287,1.0000,4097,3.5446,7.0028,4045.6250,176.6006,99.27
1966,5.69068287,1.0000,4097,6.7034,12.9021,3958.1750,312.8419,99.32
1967,5.69068287,1.0000,4097,6.0216,12.1526,3982.6250,292.0598,99.37
1968,5.69068287,1.0000,4097,3.9338,6.9466,4035.2750,183.1854,99.42
1969,5.69068287,1.0000,4097,4.3794,7.9561,4022.0750,203.6705,99.47
1970,5.69068287,1.0000,4097,7.3435,13.9454,3938.6000,337.0759,99.53
1971,5.69068287,1.0000,4097,4.3491,8.4152,4025.8250,218.3023,99.58
1972,5.69068287,1.0000,4097,3.2746,5.3965,4048.2500,132.2550,99.63
1973,5.69075511,1.0000,4097,8.4919,14.6111,3924.8750,355.6156,99.69
1974,5.69075511,1.0000,4097,5.4070,9.8731,3994.4750,251.9070,99.74
1975,5.69075511,1.0000,4097,7.1598,14.3297,3956.2250,343.6280,99.79
1976,5.69075511,1.0000,4097,3.9430,7.6711,4036.2500,195.8655,99.84
1977,5.69085814,1.0000,4097,4.0597,9.4351,4031.6000,227.1371,99.89
1978,5.69085814,1.0000,4097,4.7916,9.1646,4015.9250,229.8003,99.94
1979,5.69085814,1.0000,4097,3.1418,5.8428,4056.5000,142.5537,99.99
1980,5.69085814,1.0000,4097,5.1995,10.2904,3998.4500,266.5779,100.04
1981,5.69132243,1.0000,4097,1.9985,3.1034,4081.8500,57.9666,100.10
1982,5.69162719,1.0000,4097,5.6366,7.7472,3990.7250,200.2440,100.15
1983,5.69162719,1.0000,4097,5.5896,12.9383,3988.8500,295.9937,100.21
1984,5.69162719,1.0000,4097,8.0640,13.7841,3928.4750,336.7337,100.26
1985,5.69162719,1.0000,4097,3.7746,8.2064,4028.6750,211.2099,100.32
1986,5.69194288,1.0000,4097,4.0621,6.9104,4026.7250,173.6335,100.38
1987,5.69194288,1.0000,4097,9.6186,13.6378,3892.2500,362.8517,100.44
1988,5.69194288,1.0000,4097,3.4232,6.9371,4044.5750,177.1829,100.49
1989,5.69203257,1.0000,4097,7.0846,11.2739,3956.1500,300.2331,100.55
1990,5.69223378,1.0000,4097,7.3912,12.5440,3937.8500,320.8717,100.60
1991,5.69223378,1.0000,4097,3.2827,6.6624,4046.2250,174.1905,100.65
1992,5.69223378,1.0000,4097,3.4934,6.9635,4040.1500,184.1863,100.71
1993,5.69223378,1.0000,4097,3.9503,9.0807,4025.0750,236.0635,100.77
1994,5.69223378,1.0000,4097,5.0751,9.8215,4000.4750,258.2518,100.82
1995,5.69223378,1.0000,4097,4.6575,11.2958,4015.7000,261.8476,100.87
1996,5.69223378,1.0000,4097,4.0702,7.8627,4029.9500,209.0212,100.92
1997,5.69223378,1.0000,4097,5.2610,9.6578,4000.1750,252.4745,100.97
1998,5.69223378,1.0000,4097,5.6363,9.7564,3993.8000,253.6835,101.03
1999,5.69223378,1.0000,4097,5.3286,8.6120,3990.0500,228.2323,101.09
2000,5.69223378,1.0000,4097,5.9715,11.1832,3977.0000,287.8570,101.15
2001,5.69223378,1.0000,4097,3.7862,7.5310,4020.9500,206.7646,101.20
2002,5.69223378,1.0000,4097,7.2189,13.1552,3948.4250,334.6708,101.26
2003,5.69223378,1.0000,4097,7.9744,13.1659,3924.3500,333.2431,101.31
2004,5.69223378,1.0000,4097,4.2744,10.3677,4022.3000,243.5390,101.36
2005,5.69223378,1.0000,4097,9.1352,16.6966,3910.8500,394.0080,101.41
2006,5.69240940,1.0000,4097,3.9567,6.6842,4037.2250,172.1885,101.46
2007,5.69240940,1.0000,4097,6.5490,12.2686,3975.5000,296.7643,101.51
2008,5.69240940,1.0000,4097,4.5459,8.8983,4004.8250,243.5059,101.56
2009,5.69240940,1.0000,4097,6.0160,11.0220,3980.3000,256.2023,101.61
2010,5.69240940,1.0000,4097,5.7604,12.2981,3990.0500,298.5976,101.66
2011,5.69240940,1.0000,4097,3.4514,6.0789,4048.6250,155.4874,101.72
2012,5.69240940,1.0000,4097,6.5227,11.6205,3971.9750,285.0769,101.77
2013,5.69240940,1.0000,4097,5.7321,14.3494,3986.6750,314.1714,101.82
2014,5.69240940,1.0000,4097,6.9762,17.2340,3977.0750,368.8911,101.87
2015,5.69240940,1.0000,4097,3.4233,6.9360,4042.8500,179.4742,101.92
2016,5.69240940,1.0000,4097,3.9426,10.3485,4028.8250,247.7589,101.96
2017,5.69276115,1.0000,4097,4.3931,7.3935,4009.9250,199.9219,102.01
2018,5.69276115,1.0000,4097,5.8348,10.7761,3984.5750,273.8533,102.07
2019,5.69276115,1.0000,4097,7.3382,12.3691,3933.5000,321.1149,102.12
2020,5.69276115,1.0000,4097,6.4052,10.8876,3961.8500,288.8308,102.17
2021,5.69276115,1.0000,4097,5.4586,10.7334,3990.0500,280.1569,102.23
2022,5.69276115,1.0000,4097,5.4194,9.8087,3982.4750,260.8844,102.28
2023,5.69276115,1.0000,4097,3.1149,6.0858,4055.0000,153.2248,102.33
2024,5.69276115,1.0000,4097,7.2850,14.4651,3950.7500,333.8380,102.38
2025,5.69276115,1.0000,4097,2.6578,5.1505,4058.3750,138.8358,102.43
2026,5.69276115,1.0000,4097,6.0680,9.8319,3963.4250,260.6152,102.48
2027,5.69276115,1.0000,4097,6.4292,10.9872,3969.0500,279.0940,102.53
2028,5.69276115,1.0000,4097,7.3264,14.2363,3945.2750,328.3444,102.58
2029,5.69276115,1.0000,4097,6.0830,15.4961,3983.9750,335.8174,102.63
2030,5.69276115,1.0000,4097,4.8222,10.1841,4009.4000,258.5394,102.68
2031,5.69276115,1.0000,4097,6.2986,12.6021,3977.9000,312.0939,102.73
2032,5.69276115,1.0000,4097,3.0842,7.1302,4050.7250,177.8773,102.78
2033,5.69276115,1.0000,4097,6.2363,10.7203,3979.9250,272.9138,102.83
2034,5.69373103,1.0000,4097,6.4086,12.7362,3975.5750,306.9837,102.89
2035,5.69373103,1.0000,4097,5.4979,10.0058,3997.9250,248.7989,102.94
2036,5.69373103,1.0000,4097,3.6315,8.8412,4034.0000,215.9812,102.99
2037,5.69373103,1.0000,4097,8.9620,18.3769,3910.2500,405.2087,103.04
2038,5.69373103,1.0000,4097,5.3606,12.4350,4001.2250,297.4605,103.09
2039,5.69373103,1.0000,4097,4.3597,8.4628,4029.8750,208.3496,103.15
2040,5.69373103,1.0000,4097,4.8082,8.8017,4011.8750,235.4500,103.20
2041,5.69373103,1.0000,4097,4.7613,10.1338,4013.2250,245.2923,103.25
2042,5.69502110,1.0000,4097,5.9126,11.9653,3978.0500,287.3403,103.30
2043,5.69502110,1.0000,4097,3.4474,7.1431,4038.8750,179.2669,103.36
2044,5.69502110,1.0000,4097,7.4590,16.8185,3953.2250,372.3110,103.41
2045,5.69502110,1.0000,4097,6.4233,9.7881,3961.1000,261.3026,103.46
2046,5.69502110,1.0000,4097,8.3958,12.9632,3919.4750,333.6425,103.51
2047,5.69502110,1.0000,4097,4.6196,8.3701,4006.8500,217.4482,103.56
2048,5.69502110,1.0000,4097,5.9592,11.2325,3976.9250,287.0331,103.61
2049,5.69502110,1.0000,4097,6.8429,14.5425,3954.8750,350.7459,103.66
2050,5.69502110,1.0000,4097,5.5443,10.9742,3986.0750,270.5224,103.71
2051,5.69502110,1.0000,4097,4.7950,8.7486,4002.2750,234.5924,103.76
2052,5.69502110,1.0000,4097,5.5431,8.9418,3996.0500,239.6233,103.82
2053,5.69502110,1.0000,4097,9.0345,13.6873,3902.7500,339.8920,103.87
2054,5.69502110,1.0000,4097,6.0387,11.9563,3974.0750,290.1936,103.92
2055,5.69565855,1.0000,4097,5.0772,11.3164,4004.6750,277.4615,103.97
2056,5.69565855,1.0000,4097,7.8876,18.3180,3941.9750,373.4677,104.03
2057,5.69565855,1.0000,4097,5.2158,11.4685,3999.2000,267.8345,104.08
2058,5.69565855,1.0000,4097,6.3768,12.0141,3973.3250,305.3983,104.14
2059,5.69565855,1.0000,4097,4.8218,8.7440,4006.9250,223.8767,104.19
2060,5.69565855,1.0000,4097,4.1684,10.2931,4022.0750,263.7736,104.24
2061,5.69565855,1.0000,4097,3.2366,5.9464,4056.8000,142.9600,104.29
2062,5.69565855,1.0000,4097,3.7000,6.4901,4034.3750,167.8998,104.34
2063,5.69565855,1.0000,4097,4.2984,11.7712,4021.9250,273.6811,104.39
2064,5.69578898,1.0000,4097,4.1776,8.0628,4022.6000,211.6044,104.44
2065,5.69578898,1.0000,4097,11.7031,17.7469,3845.8250,435.8851,104.49
2066,5.69578898,1.0000,4097,8.7481,15.6837,3916.3250,364.4670,104.54
2067,5.69578898,1.0000,4097,4.3921,8.3663,4023.3500,217.3996,104.60
2068,5.69578898,1.0000,4097,4.1556,9.1148,4017.9500,243.5868,104.65
2069,5.69578898,1.0000,4097,7.3447,13.6131,3951.8750,329.6519,104.70
2070,5.69734684,1.0000,4097,2.7819,5.9563,4058.7500,149.9036,104.76
2071,5.69734684,1.0000,4097,5.5122,12.4388,3989.2250,300.7546,104.81
2072,5.69734684,1.0000,4097,7.9781,12.9986,3940.7750,315.1752,104.86
2073,5.69734684,1.0000,4097,5.6710,9.7728,3979.7000,265.1301,104.91
2074,5.69734684,1.0000,4097,3.3809,6.8519,4037.1500,187.0013,104.96
2075,5.69734684,1.0000,4097,5.8334,12.1701,3983.0000,288.9757,105.02
2076,5.69734684,1.0000,4097,7.5118,15.1231,3939.7250,346.3551,105.07
2077,5.69734684,1.0000,4097,6.8500,11.3001,3957.2000,289.1258,105.12
2078,5.69734684,1.0000,4097,3.0120,6.1289,4051.6250,155.2572,105.17
2079,5.69734684,1.0000,4097,5.4903,9.1109,3998.3750,232.2310,105.22
2080,5.69734684,1.0000,4097,6.1033,10.8938,3977.5250,274.6589,105.28
2081,5.69734684,1.0000,4097,3.8812,7.8378,4031.3750,199.9463,105.33
2082,5.69734684,1.0000,4097,3.1542,8.0470,4043.9000,207.7478,105.38
2083,5.69734684,1.0000,4097,11.0754,17.1503,3860.5250,403.5641,105.43
2084,5.69734684,1.0000,4097,3.1090,7.7027,4045.7000,201.0949,105.49
2085,5.69734684,1.0000,4097,7.6772,15.1025,3939.9500,359.5695,105.54
2086,5.69779740,1.0000,4097,5.1359,12.4352,3999.2750,293.0532,105.59
2087,5.69787183,1.0000,4097,2.9610,7.3106,4053.8750,187.3904,105.64
2088,5.69900502,1.0000,4097,7.2184,13.6730,3947.0000,342.5857,105.70
2089,5.70038965,1.0000,4097,2.7789,6.2164,4061.4500,161.7241,105.75
2090,5.70038965,1.0000,4097,4.0663,8.8866,4028.0750,224.1308,105.80
2091,5.70038965,1.0000,4097,7.9868,12.8519,3937.6250,323.8334,105.85
2092,5.70038965,1.0000,4097,3.6065,7.1404,4029.0500,188.5621,105.91
2093,5.70038965,1.0000,4097,4.8292,9.9875,4010.9750,248.6468,105.96
2094,5.70038965,1.0000,4097,9.4810,13.9265,3887.2250,344.0513,106.01
2095,5.70038965,1.0000,4097,4.3969,8.9576,4020.2750,227.7362,106.06
2096,5.70038965,1.0000,4097,5.7502,12.7206,3986.4500,303.4523,106.11
2097,5.70038965,1.0000,4097,1.1631,0.9425,4097.0000,0.0000,106.16
2098,5.70038965,1.0000,4097,3.9270,7.2744,4030.7750,189.2229,106.21
2099,5.70110192,1.0000,4097,2.1542,2.9450,4085.1500,45.6402,106.26
2100,5.70110192,1.0000,4097,7.6137,12.8943,3936.8000,326.8719,106.31
2101,5.70110192,1.0000,4097,5.9773,11.1563,3976.5500,281.0302,106.36
2102,5.70110192,1.0000,4097,5.6509,11.7169,3982.6250,291.5826,106.42
2103,5.70115852,1.0000,4097,4.6686,7.6208,4003.4000,201.6373,106.47
2104,5.70115852,1.0000,4097,5.1223,9.3357,3994.3250,243.6496,106.52
2105,5.70115852,1.0000,4097,3.8815,7.3014,4024.8500,192.7835,106.57
2106,5.70115852,1.0000,4097,5.1793,11.7506,4009.7000,261.2902,106.62
2107,5.70115852,1.0000,4097,4.4959,9.3110,4011.5000,243.1157,106.68
2108,5.70115852,1.0000,4097,3.5628,7.7730,4034.9000,196.3330,106.72
2109,5.70115852,1.0000,4097,8.9046,13.4300,3899.3750,348.5241,106.77
2110,5.70115852,1.0000,4097,2.8830,5.5329,4055.6750,149.8732,106.82
2111,5.70115852,1.0000,4097,4.1486,7.5891,4021.8500,199.6296,106.88
2112,5.70115852,1.0000,4097,5.7768,11.8499,3983.9000,291.7307,106.93
2113,5.70115852,1.0000,4097,5.8360,9.7432,3991.7750,249.5104,106.98
2114,5.70115852,1.0000,4097,4.4456,8.5963,4016.9000,226.0498,107.04
2115,5.70117296,1.0000,4097,4.5207,7.9190,4013.7500,211.2485,107.09
2116,5.70117296,1.0000,4097,4.2128,8.1614,4018.4000,217.5705,107.14
2117,5.70117296,1.0000,4097,3.1185,4.5400,4061.9750,105.0694,107.19
2118,5.70117296,1.0000,4097,7.0135,11.6427,3946.4000,304.6302,107.24
2119,5.70117296,1.0000,4097,4.3543,9.9506,4018.4000,250.6762,107.30
2120,5.70150240,1.0000,4097,4.2528,10.0445,4025.3000,248.7548,107.35
2121,5.70150240,1.0000,4097,7.3067,14.8982,3959.7500,331.8295,107.40
2122,5.70150240,1.0000,4097,5.4679,14.3830,4001.0000,319.5697,107.45
2123,5.70150240,1.0000,4097,5.0191,8.6017,4003.1750,226.4235,107.51
2124,5.70150240,1.0000,4097,5.4875,12.0662,3995.0750,295.9272,107.56
2125,5.70150240,1.0000,4097,4.3690,9.6427,4016.3750,229.8529,107.61
2126,5.70150240,1.0000,4097,4.3948,9.0049,4019.8250,230.3953,107.66
2127,5.70150240,1.0000,4097,8.0103,16.1367,3926.1500,384.0386,107.71
2128,5.70150240,1.0000,4097,6.0628,12.3819,3979.9250,301.3847,107.76
2129,5.70150240,1.0000,4097,4.0836,7.4942,4024.2500,201.8197,107.81
2130,5.70184177,1.0000,4097,4.3579,8.6687,4019.0750,231.2828,107.87
2131,5.70184177,1.0000,4097,4.7046,9.0268,4021.1000,225.0262,107.91
2132,5.70184177,1.0000,4097,3.8308,7.8482,4022.3000,210.6555,107.96
2133,5.70213082,1.0000,4097,7.5198,12.2794,3942.8750,302.3389,108.01
2134,5.70213082,1.0000,4097,4.6296,9.6986,4006.5500,255.1346,108.07
2135,5.70213082,1.0000,4097,3.4479,9.0999,4052.6750,201.0822,108.12
2136,5.70213082,1.0000,4097,9.2619,13.0918,3890.1500,327.8857,108.17
2137,5.70213082,1.0000,4097,4.1746,6.8240,4023.2000,174.5330,108.23
2138,5.70213082,1.0000,4097,4.6646,8.2329,4004.1500,215.8885,108.28
2139,5.70213082,1.0000,4097,3.6388,7.1043,4036.4750,183.9478,108.33
2140,5.70230179,1.0000,4097,6.0605,13.3956,3980.1500,308.9016,108.38
2141,5.70230179,1.0000,4097,5.3229,10.3508,3986.6750,271.5750,108.43
2142,5.70230179,1.0000,4097,7.6273,12.4458,3948.6500,303.1484,108.48
2143,5.70292751,1.0000,4097,4.0042,7.8716,4027.8500,199.3273,108.54
2144,5.70292751,1.0000,4097,3.8588,8.1447,4040.7500,205.1458,108.59
2145,5.70292751,1.0000,4097,4.9273,8.9785,4010.3750,233.8915,108.64
2146,5.70329029,1.0000,4097,4.2869,10.0249,4018.5500,248.3608,108.70
2147,5.70329029,1.0000,4097,3.1758,7.6472,4045.3250,197.1921,108.75
2148,5.70329029,1.0000,4097,5.2844,8.5810,3992.3750,227.2103,108.80
2149,5.70329029,1.0000,4097,6.2484,11.2668,3969.0500,290.1704,108.85
2150,5.70329029,1.0000,4097,4.2673,6.5971,4028.1500,172.5430,108.91
2151,5.70329029,1.0000,4097,6.9023,12.0804,3953.4500,305.1374,108.96
2152,5.70329029,1.0000,4097,3.6504,7.2132,4034.8250,192.9574,109.01
2153,5.70329029,1.0000,4097,6.9106,11.5193,3943.4750,303.9415,109.06
2154,5.70329029,1.0000,4097,6.5341,11.8551,3966.0500,299.9359,109.12
2155,5.70329029,1.0000,4097,6.8626,11.4351,3958.3250,289.9927,109.17
2156,5.70329029,1.0000,4097,5.5703,8.6290,3985.6250,229.6854,109.22
2157,5.70329029,1.0000,4097,5.0176,9.6375,3998.6000,241.9916,109.27
2158,5.70329029,1.0000,4097,2.7132,4.9132,4057.1750,122.4959,109.33
2159,5.70329029,1.0000,4097,5.8932,11.6092,3984.2000,290.8336,109.38
2160,5.70329029,1.0000,4097,3.7376,7.4751,4042.6250,194.8606,109.43
2161,5.70329029,1.0000,4097,5.9603,13.4353,3986.0000,295.3020,109.48
2162,5.70329029,1.0000,4097,7.0322,12.4629,3945.1250,320.5558,109.53
2163,5.70329029,1.0000,4097,5.9408,12.3318,3982.4750,296.2930,109.58
2164,5.70329029,1.0000,4097,3.5576,6.3063,4038.6500,167.7023,109.63
2165,5.70329029,1.0000,4097,3.5934,5.2091,4048.6250,124.7982,109.68
2166,5.70360817,1.0000,4097,3.3704,5.7929,4054.1000,148.4518,109.74
2167,5.70360817,1.0000,4097,5.2662,8.2518,4004.0000,219.2177,109.79
2168,5.70374797,1.0000,4097,4.6559,7.7380,4023.5000,197.3991,109.85
2169,5.70382739,1.0000,4097,6.0428,12.6687,3974.3000,315.4938,109.90
2170,5.70382739,1.0000,4097,6.6787,10.8668,3956.6000,284.8256,109.95
2171,5.70382739,1.0000,4097,5.2897,8.9560,3997.4000,236.2661,110.00
2172,5.70402875,1.0000,4097,4.5536,8.5691,4015.7000,219.6912,110.05
2173,5.70402875,1.0000,4097,5.5377,11.4334,4000.2500,265.0112,110.11
2174,5.70402875,1.0000,4097,2.5372,5.0621,4061.6750,130.6835,110.16
2175,5.70466390,1.0000,4097,9.0047,15.0822,3903.8000,366.9619,110.21
2176,5.70466390,1.0000,4097,6.6048,9.4216,3961.4750,250.9065,110.26
2177,5.70466390,1.0000,4097,6.3834,13.6242,3965.6750,316.9046,110.31
2178,5.70466390,1.0000,4097,2.2929,5.9956,4063.0250,157.4034,110.36
2179,5.70466390,1.0000,4097,7.3066,13.9356,3954.2000,335.9074,110.41
2180,5.70466390,1.0000,4097,6.8402,11.6197,3950.8250,297.3263,110.46
2181,5.70466390,1.0000,4097,5.2403,10.0655,3997.4750,247.7970,110.51
2182,5.70466390,1.0000,4097,7.3385,13.2185,3944.4500,323.7725,110.56
2183,5.70466390,1.0000,4097,6.4258,9.2551,3980.9750,247.0818,110.61
2184,5.70466390,1.0000,4097,1.6365,2.4851,4088.8250,51.0529,110.67
2185,5.70466390,1.0000,4097,4.8487,9.0979,4003.7750,241.6596,110.72
2186,5.70466390,1.0000,4097,5.4765,10.0429,4001.0750,244.0703,110.77
2187,5.70466390,1.0000,4097,6.3122,13.2068,3968.3000,322.5731,110.82
2188,5.70466390,1.0000,4097,3.8918,7.6427,4032.8000,201.2202,110.87
2189,5.70466390,1.0000,4097,5.5792,10.1404,3991.7000,254.6705,110.92
2190,5.70466390,1.0000,4097,4.3503,9.8634,4012.4750,251.9490,110.97
2191,5.70469177,1.0000,4097,5.3388,9.2920,4004.2250,238.2087,111.02
2192,5.70469177,1.0000,4097,5.2773,11.6995,4004.7500,276.4527,111.07
2193,5.70469177,1.0000,4097,8.2650,13.1389,3905.6750,343.8768,111.12
2194,5.70469177,1.0000,4097,3.0847,6.6009,4047.8000,175.8392,111.17
2195,5.70469177,1.0000,4097,2.4830,5.6677,4059.9500,153.2741,111.23
2196,5.70533607,1.0000,4097,5.7023,9.2182,3983.1500,242.3927,111.28
2197,5.70533607,1.0000,4097,6.2370,10.9593,3971.3750,265.2204,111.33
2198,5.70533607,1.0000,4097,8.7298,14.0650,3901.1000,359.6712,111.38
2199,5.70533607,1.0000,4097,4.4360,8.8467,4009.3250,232.2051,111.43
2200,5.70533607,1.0000,4097,5.4454,7.9673,3991.6250,214.6009,111.49
2201,5.70942941,1.0000,4097,4.0281,10.0920,4034.6750,231.2137,111.54
2202,5.70942941,1.0000,4097,4.0026,7.2629,4022.3750,194.2685,111.59
2203,5.70942941,1.0000,4097,5.0754,11.0960,4001.3750,276.3537,111.64
2204,5.70947474,1.0000,4097,2.2911,4.2122,4071.6500,112.2396,111.70
2205,5.70947474,1.0000,4097,8.0231,12.3574,3929.1500,315.6628,111.75
2206,5.70947474,1.0000,4097,4.3738,8.9379,4029.2750,222.8123,111.80
2207,5.70947474,1.0000,4097,4.3370,11.1322,4019.9750,260.1100,111.85
2208,5.70947474,1.0000,4097,5.4647,10.8227,3992.2250,279.9575,111.90
2209,5.70947474,1.0000,4097,8.5926,15.6662,3920.3000,365.3569,111.96
2210,5.70947474,1.0000,4097,6.6129,10.9285,3954.6500,287.5879,112.01
2211,5.70947474,1.0000,4097,5.1722,8.5166,3998.0750,227.0868,112.06
2212,5.70986203,1.0000,4097,7.7659,13.5212,3946.4750,323.3548,112.11
2213,5.70986203,1.0000,4097,6.3769,9.6197,3977.3000,244.9466,112.17
2214,5.70986203,1.0000,4097,3.7691,7.8998,4035.7250,203.7880,112.23
2215,5.70986203,1.0000,4097,4.6184,11.7613,4020.8750,260.5537,112.28
2216,5.70986203,1.0000,4097,5.2112,10.9031,3995.2250,267.7417,112.33
2217,5.70986203,1.0000,4097,7.8962,15.2013,3931.7750,351.2643,112.38
2218,5.70986203,1.0000,4097,3.5884,7.2511,4034.1500,187.8632,112.43
2219,5.70986203,1.0000,4097,3.3412,7.2751,4042.5500,189.6009,112.48
2220,5.70986203,1.0000,4097,5.4125,11.0958,3998.3750,272.3012,112.53
2221,5.70986203,1.0000,4097,8.1178,14.3681,3923.6000,347.7563,112.59
2222,5.70986203,1.0000,4097,3.5648,6.6091,4048.1000,171.8180,112.64
2223,5.70986203,1.0000,4097,6.8427,12.9077,3960.9500,320.1293,112.69
2224,5.70986203,1.0000,4097,6.8827,14.2657,3962.8250,331.7354,112.74
2225,5.70986203,1.0000,4097,5.2364,9.5839,3995.9000,252.0180,112.79
2226,5.70986203,1.0000,4097,5.5839,12.1226,4003.1000,280.1414,112.84
2227,5.70986203,1.0000,4097,4.1083,8.2595,4024.4000,218.9016,112.89
2228,5.70986203,1.0000,4097,6.2041,13.6135,3971.4500,316.9437,112.95
2229,5.70986203,1.0000,4097,8.2219,11.9183,3913.4750,315.7084,113.00
2230,5.71158850,1.0000,4097,5.2278,10.6295,4000.1000,268.3199,113.05
2231,5.71162485,1.0000,4097,3.9168,7.1924,4029.2000,184.7873,113.11
2232,5.71162485,1.0000,4097,8.4558,13.9012,3926.3000,335.2061,113.16
2233,5.71162485,1.0000,4097,6.9936,14.0454,3959.6000,332.5546,113.21
2234,5.71162485,1.0000,4097,5.1504,11.9754,3999.6500,274.6712,113.26
2235,5.71162485,1.0000,4097,5.4532,8.2926,3985.3250,223.7782,113.31
2236,5.71162485,1.0000,4097,6.9810,13.8480,3961.7000,328.9195,113.37
2237,5.71162485,1.0000,4097,4.6148,8.3101,4012.6250,210.0677,113.42
2238,5.71302624,1.0000,4097,5.9305,9.8943,3967.5500,271.2824,113.47
2239,5.71302624,1.0000,4097,8.2290,14.3172,3930.6500,339.4112,113.52
2240,5.71302624,1.0000,4097,7.7879,13.3233,3934.9250,332.9828,113.57
2241,5.71302624,1.0000,4097,7.4392,12.6595,3946.1000,326.8054,113.62
2242,5.71302624,1.0000,4097,4.6154,11.3719,4006.9250,277.5434,113.67
2243,5.71302624,1.0000,4097,7.1583,13.5145,3958.7750,314.3432,113.73
2244,5.71302624,1.0000,4097,10.2768,18.5717,3893.9750,418.4244,113.78
2245,5.71302624,1.0000,4097,6.8246,10.5379,3948.2000,283.4800,113.84
2246,5.71302624,1.0000,4097,6.1122,11.8543,3981.0500,285.3436,113.89
2247,5.71302624,1.0000,4097,3.8694,7.2916,4036.0250,187.3972,113.95
2248,5.71302624,1.0000,4097,2.5132,3.7991,4076.6750,75.8457,114.00
2249,5.71302624,1.0000,4097,5.7574,9.5613,3982.0250,252.9708,114.05
2250,5.71302624,1.0000,4097,5.7865,10.9954,3978.9500,279.1335,114.10
2251,5.71302624,1.0000,4097,5.0775,10.6511,4008.0500,262.5982,114.15
2252,5.71701330,1.0000,4097,3.9448,7.8314,4029.3500,200.3384,114.20
2253,5.71701330,1.0000,4097,5.2376,11.1484,4001.9750,273.2195,114.26
2254,5.71727461,1.0000,4097,4.5789,9.9739,4012.1000,250.1811,114.31
2255,5.71727461,1.0000,4097,3.7652,6.1994,4037.8250,160.6667,114.36
2256,5.71727461,1.0000,4097,3.5544,5.4930,4047.4250,130.8959,114.41
2257,5.71727461,1.0000,4097,5.3143,10.0203,3991.7000,250.0278,114.46
2258,5.71727461,1.0000,4097,5.5488,11.6709,3994.1000,276.4400,114.52
2259,5.71727461,1.0000,4097,7.3784,13.5521,3949.9250,342.3666,114.57
2260,5.71727461,1.0000,4097,3.2625,6.6574,4048.8500,175.4153,114.62
2261,5.71727461,1.0000,4097,4.9152,10.1365,4010.6750,243.1208,114.67
2262,5.71727461,1.0000,4097,5.5303,10.6015,3990.4250,274.9226,114.73
2263,5.71727461,1.0000,4097,6.0213,11.0141,3975.4250,290.0404,114.78
2264,5.71727461,1.0000,4097,5.7210,10.0363,3988.2500,261.6301,114.83
2265,5.71727461,1.0000,4097,5.5091,11.0367,3984.9500,276.3117,114.89
2266,5.71727461,1.0000,4097,7.0880,10.9415,3946.2500,282.5092,114.94
2267,5.71727461,1.0000,4097,8.6666,12.7830,3914.4500,327.7838,115.00
2268,5.71727461,1.0000,4097,4.7529,9.3469,4006.9250,246.7849,115.06
2269,5.71727461,1.0000,4097,5.5331,11.2266,3994.7000,280.7732,115.11
2270,5.71727461,1.0000,4097,3.8514,6.8024,4037.3000,178.8913,115.16
2271,5.71727461,1.0000,4097,5.1927,10.1191,3997.6250,256.6045,115.21
2272,5.71727461,1.0000,4097,7.5278,11.7965,3935.5250,314.5253,115.26
2273,5.71727461,1.0000,4097,6.9618,11.0137,3943.0250,289.2499,115.32
2274,5.71742918,1.0000,4097,6.1927,11.9645,3976.4000,285.4727,115.37
2275,5.71742918,1.0000,4097,3.9390,10.4714,4027.7750,241.1591,115.42
2276,5.71742918,1.0000,4097,6.8791,15.1256,3965.0750,351.4090,115.47
2277,5.71742918,1.0000,4097,5.1812,11.4502,4005.2000,272.5751,115.52
2278,5.71742918,1.0000,4097,3.4860,7.2877,4037.0750,191.4561,115.58
2279,5.71742918,1.0000,4097,4.9400,10.6141,3997.1000,261.5281,115.63
2280,5.71742918,1.0000,4097,4.0501,8.2562,4029.6500,218.7018,115.68
2281,5.71749414,1.0000,4097,5.4727,9.4861,3991.1000,254.1756,115.73
2282,5.71749414,1.0000,4097,6.7740,11.8686,3952.8500,306.7850,115.79
2283,5.71749414,1.0000,4097,4.4414,7.3202,4019.2250,200.4456,115.84
2284,5.71749414,1.0000,4097,4.0087,9.0367,4022.6000,233.9204,115.89
2285,5.71749414,1.0000,4097,3.7500,6.9704,4030.4750,177.7128,115.94
2286,5.71749414,1.0000,4097,7.9587,14.6383,3923.2250,354.2919,115.99
2287,5.71749414,1.0000,4097,4.7421,9.8758,4013.6000,250.2540,116.04
2288,5.71749414,1.0000,4097,4.9661,10.7825,4004.0750,281.7314,116.09
2289,5.71749414,1.0000,4097,3.5085,7.1813,4034.0750,188.5894,116.15
2290,5.71749414,1.0000,4097,8.2102,13.8272,3919.1000,343.5047,116.20
2291,5.71749414,1.0000,4097,5.8723,12.9635,3977.6750,322.7688,116.25
2292,5.71750102,1.0000,4097,4.7435,9.8212,4016.9000,244.2212,116.30
2293,5.71750102,1.0000,4097,3.6994,7.8161,4029.8750,206.6004,116.35
2294,5.71750102,1.0000,4097,5.6037,11.9918,3988.1000,295.6577,116.40
2295,5.71750102,1.0000,4097,6.6851,14.2497,3975.2750,334.0799,116.45
2296,5.71750102,1.0000,4097,6.0448,12.4172,3984.2000,295.3742,116.50
2297,5.71756917,1.0000,4097,9.1822,17.4892,3920.6000,385.0212,116.55
2298,5.71756917,1.0000,4097,5.7936,10.4199,3980.0750,261.1745,116.60
2299,5.71756917,1.0000,4097,5.2935,10.0294,4001.9000,243.7924,116.65
2300,5.71756917,1.0000,4097,3.5664,6.9122,4039.6250,182.1104,116.71
2301,5.71806194,1.0000,4097,5.0772,12.0518,4007.0000,292.2122,116.76
2302,5.71806194,1.0000,4097,7.9318,10.6706,3922.4750,287.7654,116.81
2303,5.71806194,1.0000,4097,6.7268,11.2621,3953.0750,297.1942,116.87
2304,5.71806194,1.0000,4097,3.7149,6.2680,4034.9750,162.3460,116.92
2305,5.71806194,1.0000,4097,6.1022,12.3180,3975.9500,305.1020,116.97
2306,5.71806194,1.0000,4097,5.2870,10.0435,3983.9750,270.5489,117.02
2307,5.71806194,1.0000,4097,9.0880,14.7780,3906.2000,350.4636,117.08
2308,5.71806194,1.0000,4097,4.0794,8.1614,4024.7750,212.5700,117.13
2309,5.71806194,1.0000,4097,7.4180,15.9405,3958.4000,358.8495,117.18
2310,5.71806194,1.0000,4097,6.0331,10.2404,3968.9000,269.1931,117.23
2311,5.71806194,1.0000,4097,5.4069,8.7645,3999.9500,228.7611,117.28
2312,5.71806194,1.0000,4097,5.4097,8.4927,3992.3000,223.7373,117.34
2313,5.71806194,1.0000,4097,4.9238,9.4598,4014.0500,242.9959,117.38
2314,5.71806194,1.0000,4097,5.0219,9.2027,3992.9750,241.6457,117.44
2315,5.71806194,1.0000,4097,5.6649,10.4817,3978.0500,275.5525,117.49
2316,5.71879700,1.0000,4097,10.7533,19.4800,3883.2500,426.4554,117.54
2317,5.71879700,1.0000,4097,6.9768,13.8479,3953.9750,338.4409,117.59
2318,5.71904079,1.0000,4097,5.4960,10.3892,3986.5250,265.2235,117.65
2319,5.71904079,1.0000,4097,6.1161,12.3866,3974.7500,298.2796,117.70
2320,5.72473635,1.0000,4097,4.8284,10.7932,4011.8750,261.7504,117.75
2321,5.72473635,1.0000,4097,5.3423,10.8154,3995.8250,260.0024,117.80
2322,5.72473635,1.0000,4097,7.7169,13.7904,3944.0000,308.7582,117.85
2323,5.72473635,1.0000,4097,2.7016,6.1024,4050.1250,168.7732,117.90
2324,5.72473635,1.0000,4097,4.1986,8.4035,4018.2500,217.5701,117.95
2325,5.72473635,1.0000,4097,7.0341,12.7416,3950.3750,321.0653,118.00
2326,5.72473635,1.0000,4097,5.2365,9.6202,4002.5000,235.4761,118.06
2327,5.72473635,1.0000,4097,3.1522,6.9240,4046.9000,177.3457,118.11
2328,5.72473635,1.0000,4097,5.6052,9.3695,3991.4750,243.5678,118.16
2329,5.72473635,1.0000,4097,2.4939,4.3103,4066.9250,98.5250,118.22
2330,5.72473635,1.0000,4097,8.4977,15.8944,3933.3500,371.9086,118.27
2331,5.72473635,1.0000,4097,3.9549,9.6470,4030.7750,239.7377,118.32
2332,5.72473635,1.0000,4097,4.7376,10.4221,4014.2750,258.4748,118.37
2333,5.72473635,1.0000,4097,3.7479,8.0491,4033.4000,201.7834,118.43
2334,5.72473635,1.0000,4097,6.0720,12.0099,3973.2500,299.3331,118.48
2335,5.72473635,1.0000,4097,6.7712,9.7674,3956.0750,262.1591,118.53
2336,5.72473635,1.0000,4097,6.5443,11.4498,3971.4500,293.3277,118.58
2337,5.72473635,1.0000,4097,5.8237,13.3142,3987.9500,314.7353,118.64
2338,5.72473635,1.0000,4097,5.6539,11.4896,3982.7000,287.3123,118.69
2339,5.72473635,1.0000,4097,3.6429,8.0674,4053.2750,188.1683,118.74
2340,5.72473635,1.0000,4097,4.0400,8.7920,4030.7000,212.1170,118.79
2341,5.72473635,1.0000,4097,6.1088,11.4501,3968.5250,280.9431,118.84
2342,5.72473635,1.0000,4097,6.3415,10.8857,3979.4750,280.8951,118.90
2343,5.72473635,1.0000,4097,2.0431,5.7045,4073.8250,144.7278,118.95
2344,5.72473635,1.0000,4097,7.4916,15.3127,3948.2750,354.6971,119.00
2345,5.72473635,1.0000,4097,4.5497,9.6398,4006.5500,255.6376,119.06
2346,5.72473635,1.0000,4097,5.6160,10.6987,3982.7750,277.2675,119.11
2347,5.72530963,1.0000,4097,7.6220,15.0380,3940.4750,355.0845,119.16
2348,5.72530963,1.0000,4097,7.6247,17.3994,3962.5250,369.9925,119.21
2349,5.72530963,1.0000,4097,5.4078,12.6463,3995.7500,294.5434,119.26
2350,5.72530963,1.0000,4097,3.9047,8.3559,4025.4500,218.8505,119.31
2351,5.72530963,1.0000,4097,5.2952,10.4876,4003.0250,263.0740,119.36
2352,5.72530963,1.0000,4097,5.8256,12.0660,3993.2000,280.0655,119.41
2353,5.72532299,1.0000,4097,5.0817,12.4547,4011.5000,286.4505,119.46
2354,5.72532299,1.0000,4097,10.3221,17.2812,3877.6250,417.7489,119.52
2355,5.72532299,1.0000,4097,4.1756,7.4607,4024.8500,191.5330,119.57
2356,5.72532299,1.0000,4097,3.0793,7.0838,4044.7250,189.4066,119.62
2357,5.72532299,1.0000,4097,4.6673,9.9389,4008.7250,246.1508,119.67
2358,5.72532299,1.0000,4097,6.6021,13.5676,3963.5000,328.5308,119.73
2359,5.72532299,1.0000,4097,7.6124,15.3494,3958.4000,335.9800,119.78
2360,5.72544536,1.0000,4097,6.9352,13.6082,3953.6750,332.3274,119.83
2361,5.72544536,1.0000,4097,4.1050,8.0296,4027.6250,203.1148,119.88
2362,5.72544536,1.0000,4097,5.1729,10.0049,4001.3750,261.0519,119.94
2363,5.72544536,1.0000,4097,3.7858,9.6075,4042.3250,210.9434,119.99
2364,5.72549500,1.0000,4097,3.3245,7.2382,4048.7000,179.1163,120.04
2365,5.72549500,1.0000,4097,9.0035,13.6890,3905.0750,342.3363,120.09
2366,5.72549500,1.0000,4097,4.4883,11.7219,4025.0750,265.4496,120.14
2367,5.72549500,1.0000,4097,5.4734,10.2502,4004.4500,255.7467,120.20
2368,5.72549500,1.0000,4097,4.5358,10.1808,4021.1750,238.8375,120.25
2369,5.72549500,1.0000,4097,6.9408,13.7879,3962.3000,320.8891,120.30
2370,5.72549500,1.0000,4097,6.2685,12.3882,3968.0750,300.4021,120.35
2371,5.72549500,1.0000,4097,6.5712,13.3892,3957.6500,337.0804,120.40
2372,5.72549500,1.0000,4097,4.2471,10.6612,4017.9500,270.7760,120.46
2373,5.72549500,1.0000,4097,4.8661,9.9376,4005.9500,250.7608,120.51
2374,5.72549500,1.0000,4097,5.3688,10.7805,3996.0500,267.7217,120.57
2375,5.72549500,1.0000,4097,4.8046,10.4448,4007.3750,256.3150,120.62
2376,5.72549500,1.0000,4097,6.6195,11.6804,3970.1750,285.5355,120.67
2377,5.72549500,1.0000,4097,3.5789,7.9010,4034.0000,202.6166,120.72
2378,5.72549500,1.0000,4097,4.4460,7.8869,4013.6750,214.5876,120.77
2379,5.72596703,1.0000,4097,7.1325,11.4753,3946.3250,300.3137,120.82
2380,5.72596703,1.0000,4097,8.2015,15.1584,3934.1000,357.7783,120.87
2381,5.72596703,1.0000,4097,4.6963,8.8887,4005.5750,231.6536,120.92
2382,5.72596703,1.0000,4097,7.1949,12.3325,3947.9000,303.0595,120.97
2383,5.72596703,1.0000,4097,3.3818,7.3216,4043.1500,194.7159,121.03
2384,5.72596703,1.0000,4097,5.2638,10.0797,3992.7500,260.0394,121.08
2385,5.72596703,1.0000,4097,6.7966,11.3359,3956.7500,287.1109,121.13
2386,5.72596703,1.0000,4097,5.8202,10.8323,3988.6250,266.2804,121.18
2387,5.72596703,1.0000,4097,3.2403,6.2731,4050.1250,158.0799,121.23
2388,5.72596703,1.0000,4097,4.7197,9.9174,4003.8500,257.5286,121.29
2389,5.72596703,1.0000,4097,4.8039,8.2949,4015.4000,216.4861,121.34
2390,5.72596703,1.0000,4097,7.1122,12.8905,3943.0250,326.5810,121.39
2391,5.72614553,1.0000,4097,2.4034,4.4363,4069.7000,110.1449,121.44
2392,5.72614553,1.0000,4097,6.2462,10.9021,3971.4500,276.6104,121.50
2393,5.72614553,1.0000,4097,4.7265,10.0474,4013.4500,249.2200,121.55
2394,5.72614553,1.0000,4097,2.5272,3.8238,4076.0750,78.3353,121.61
2395,5.72614553,1.0000,4097,4.0189,6.9268,4028.0750,178.8532,121.66
2396,5.72676484,1.0000,4097,6.9767,17.0362,3968.7500,334.6727,121.71
2397,5.72676484,1.0000,4097,6.0446,10.8700,3977.9750,270.9968,121.76
2398,5.72676484,1.0000,4097,6.1272,15.1269,3985.5500,315.6683,121.82
2399,5.72676484,1.0000,4097,8.9735,16.1830,3906.0500,394.1191,121.87
2400,5.72676484,1.0000,4097,5.4717,10.0187,3998.9750,260.0789,121.92
2401,5.72676484,1.0000,4097,3.9525,8.4675,4033.4750,204.8737,121.97
2402,5.72676484,1.0000,4097,5.3368,9.7339,3995.6750,254.5094,122.02
2403,5.72676484,1.0000,4097,5.0387,9.4785,3998.5250,248.3720,122.07
2404,5.72676484,1.0000,4097,8.2611,15.8883,3921.6500,380.9049,122.13
2405,5.72967407,1.0000,4097,6.2467,12.2670,3970.6250,304.2592,122.19
2406,5.72967407,1.0000,4097,3.8196,9.1322,4034.0750,231.1592,122.24
2407,5.72967407,1.0000,4097,2.6459,4.3683,4064.6000,100.1011,122.29
2408,5.72967407,1.0000,4097,10.1258,16.1983,3874.4000,402.1311,122.34
2409,5.72967407,1.0000,4097,4.7031,9.7361,4003.9250,249.4816,122.39
2410,5.72967410,1.0000,4097,9.3490,15.2777,3895.1750,370.7434,122.44
2411,5.72967410,1.0000,4097,5.3959,9.6838,3989.9750,253.8135,122.49
2412,5.72967410,1.0000,4097,11.3491,19.4810,3859.9250,425.6906,122.55
2413,5.72967410,1.0000,4097,4.9046,11.3408,4010.5250,261.5321,122.59
2414,5.72989374,1.0000,4097,5.9931,11.3935,3966.8750,297.6143,122.65
2415,5.72989374,1.0000,4097,4.1449,8.0530,4020.0500,215.1729,122.70
2416,5.72989374,1.0000,4097,6.0546,12.1541,3974.6750,291.5334,122.75
2417,5.72989374,1.0000,4097,3.3501,5.8761,4050.8750,144.8377,122.80
2418,5.72989374,1.0000,4097,6.1227,12.6044,3977.4500,303.6050,122.86
2419,5.72989374,1.0000,4097,3.6329,6.2132,4036.1000,165.0003,122.91
2420,5.72989374,1.0000,4097,7.7172,12.1315,3920.0000,320.2400,122.96
2421,5.72989374,1.0000,4097,4.9189,9.5760,4011.9500,245.2815,123.02
2422,5.72989374,1.0000,4097,5.2823,9.6764,3993.2000,255.8112,123.07
2423,5.72989374,1.0000,4097,6.4189,11.1403,3967.2500,286.7667,123.12
2424,5.72989374,1.0000,4097,5.3828,10.2118,3991.4000,265.5612,123.17
2425,5.72989374,1.0000,4097,5.6722,13.3489,3992.6000,310.6928,123.23
2426,5.72989374,1.0000,4097,8.3600,14.0061,3920.1500,353.0332,123.28
2427,5.72989374,1.0000,4097,4.6719,7.4866,4011.5750,197.9238,123.34
2428,5.72989374,1.0000,4097,3.5219,9.1728,4037.6000,222.6681,123.39
2429,5.72989374,1.0000,4097,4.7107,8.5589,4003.1750,231.7847,123.44
2430,5.72989374,1.0000,4097,3.7485,9.7220,4040.7500,232.0842,123.50
2431,5.72989374,1.0000,4097,4.4182,7.2669,4025.8250,187.9901,123.55
2432,5.72989374,1.0000,4097,4.2636,8.3032,4012.8500,218.9177,123.60
2433,5.72989374,1.0000,4097,3.2525,5.6847,4043.3000,147.8513,123.66
2434,5.72989374,1.0000,4097,6.8601,10.0431,3949.4000,266.1020,123.71
2435,5.72989374,1.0000,4097,4.1677,8.1201,4018.1000,212.0453,123.76
2436,5.72989374,1.0000,4097,5.8484,12.2013,3993.8750,292.3797,123.81
2437,5.72989374,1.0000,4097,6.6566,11.7114,3973.4750,283.4070,123.87
2438,5.72989374,1.0000,4097,6.1247,10.3697,3975.8750,274.0124,123.92
2439,5.72989374,1.0000,4097,6.2482,11.2696,3970.8500,290.4722,123.97
2440,5.72989374,1.0000,4097,5.1544,9.3394,4007.9750,235.1256,124.02
2441,5.72989374,1.0000,4097,8.0205,16.2099,3933.5000,365.7626,124.07
2442,5.72989374,1.0000,4097,5.4287,9.2088,3996.1250,238.5723,124.12
2443,5.72989374,1.0000,4097,6.7478,13.0768,3961.6250,329.6229,124.18
2444,5.72989374,1.0000,4097,4.2517,7.1818,4025.2250,190.4036,124.23
2445,5.73017052,1.0000,4097,4.1047,8.8153,4022.8250,227.0576,124.28
2446,5.73017052,1.0000,4097,5.6763,11.0687,3981.7250,280.9616,124.33
2447,5.73017052,1.0000,4097,4.6505,8.9643,4008.9500,235.9720,124.38
2448,5.73017052,1.0000,4097,5.1865,9.8130,3990.5000,260.2515,124.43
2449,5.73017052,1.0000,4097,7.4267,12.7033,3931.7750,324.7349,124.48
2450,5.73017052,1.0000,4097,3.6231,6.5090,4041.0500,169.5644,124.54
2451,5.73017052,1.0000,4097,4.6737,9.3840,4007.9000,233.8203,124.59
2452,5.73017052,1.0000,4097,5.3006,9.6600,3995.8250,245.1846,124.64
2453,5.73017052,1.0000,4097,3.9160,9.2186,4023.2000,237.3963,124.69
2454,5.73017052,1.0000,4097,6.5973,12.1592,3963.9500,289.6752,124.74
2455,5.73017052,1.0000,4097,7.0372,14.4777,3964.0250,324.6863,124.80
2456,5.73017052,1.0000,4097,5.8336,12.4210,3986.7500,286.8820,124.85
2457,5.73017052,1.0000,4097,2.6714,7.1873,4058.5250,177.7217,124.90
2458,5.73021938,1.0000,4097,5.4896,11.3720,4005.9500,263.3528,124.95
2459,5.73126102,1.0000,4097,7.3525,13.6100,3943.8500,341.9934,125.00
2460,5.73126102,1.0000,4097,5.9408,13.7204,4000.3250,296.3588,125.05
2461,5.73126102,1.0000,4097,5.5615,11.3970,3990.5750,279.4327,125.10
2462,5.73126102,1.0000,4097,4.9710,7.5089,4029.2750,190.8857,125.15
2463,5.73126102,1.0000,4097,3.6192,6.8560,4047.1250,181.1050,125.21
2464,5.73126102,1.0000,4097,7.4800,15.9861,3952.5500,362.8664,125.26
2465,5.73126102,1.0000,4097,4.7722,7.4053,4009.7750,196.8242,125.31
2466,5.73126102,1.0000,4097,6.8709,11.6462,3952.4000,309.0962,125.36
2467,5.73126102,1.0000,4097,5.4539,9.7104,3981.4250,256.2226,125.41
2468,5.73126102,1.0000,4097,7.3599,13.6502,3947.4500,327.4466,125.46
2469,5.73126102,1.0000,4097,1.8223,4.1932,4078.7000,114.2835,125.52
2470,5.73126102,1.0000,4097,3.9500,6.4256,4036.8500,165.1063,125.57
2471,5.73126102,1.0000,4097,5.0958,10.4011,3995.0000,265.0844,125.62
2472,5.73126102,1.0000,4097,7.7067,10.9908,3943.2500,288.8626,125.67
2473,5.73126102,1.0000,4097,5.5575,10.5342,3991.3250,275.2150,125.73
2474,5.73126102,1.0000,4097,6.0452,11.1407,3970.4750,281.5679,125.78
2475,5.73126102,1.0000,4097,3.3669,7.0776,4055.6000,170.4837,125.83
2476,5.73126102,1.0000,4097,4.9712,10.3800,4003.3250,263.1750,125.88
2477,5.73126102,1.0000,4097,5.5568,9.5502,4001.0000,242.4633,125.94
2478,5.73126102,1.0000,4097,3.9900,7.9966,4024.3250,207.1896,125.99
2479,5.73126102,1.0000,4097,5.2451,9.3099,3992.2250,237.1171,126.04
2480,5.73233968,1.0000,4097,5.2833,12.0037,3996.9500,284.8235,126.09
2481,5.73233968,1.0000,4097,4.8035,9.6852,4016.1500,244.1509,126.15
2482,5.73233968,1.0000,4097,3.1712,7.6724,4057.5500,183.4796,126.20
2483,5.73233968,1.0000,4097,5.0941,10.2995,3995.5250,265.3965,126.25
2484,5.73233968,1.0000,4097,5.0656,6.8975,4008.1250,176.2812,126.30
2485,5.73233968,1.0000,4097,4.0948,6.8409,4038.5750,165.8623,126.35
2486,5.73233968,1.0000,4097,6.1918,11.0056,3970.4000,279.2492,126.41
2487,5.73233968,1.0000,4097,2.5343,4.8064,4073.9000,120.8393,126.46
2488,5.73278708,1.0000,4097,4.1128,8.4160,4023.0500,215.0893,126.51
2489,5.73278708,1.0000,4097,3.8287,7.6253,4028.0000,205.5733,126.56
2490,5.73278708,1.0000,4097,6.3793,11.0621,3958.2500,281.7196,126.62
2491,5.73278708,1.0000,4097,5.0833,9.2271,4000.9250,247.5441,126.67
2492,5.73278708,1.0000,4097,6.6106,13.6482,3958.0250,330.6167,126.72
2493,5.73278708,1.0000,4097,7.6912,13.0362,3925.9250,329.2215,126.78
2494,5.73278708,1.0000,4097,6.5178,9.9402,3963.9500,261.2848,126.84
2495,5.73278708,1.0000,4097,3.6438,6.4735,4035.2750,168.2835,126.89
2496,5.73278708,1.0000,4097,7.5757,13.6595,3936.2750,343.7036,126.94
2497,5.73278708,1.0000,4097,6.9951,13.2086,3961.4750,315.7013,126.99
2498,5.73278708,1.0000,4097,5.8448,9.6256,3993.8000,243.8696,127.05
2499,5.73278708,1.0000,4097,4.0345,9.4770,4032.8000,235.0551,127.10
2500,5.73278708,1.0000,4097,4.2203,9.3456,4024.1000,232.3114,127.15
2501,5.73278708,1.0000,4097,5.3370,10.3296,3986.7500,274.0527,127.21
2502,5.73278708,1.0000,4097,5.1094,12.4725,4006.9250,263.9834,127.26
2503,5.73278708,1.0000,4097,4.5035,9.2270,4015.1000,242.7973,127.31
2504,5.73278708,1.0000,4097,3.2406,5.3208,4048.5500,132.0299,127.36
2505,5.73278708,1.0000,4097,4.0419,7.7187,4029.3500,189.4102,127.41
2506,5.73278708,1.0000,4097,7.6128,11.7774,3930.5750,302.5965,127.46
2507,5.73278708,1.0000,4097,6.6533,11.6748,3959.0000,294.6719,127.51
2508,5.73278708,1.0000,4097,5.6193,10.2791,3978.2000,275.5078,127.56
2509,5.73278708,1.0000,4097,3.1785,7.2974,4045.6250,190.3762,127.61
2510,5.73278708,1.0000,4097,5.7498,9.9654,3992.6750,256.0184,127.67
2511,5.73278708,1.0000,4097,3.3735,7.9191,4039.5500,209.4234,127.72
2512,5.73278708,1.0000,4097,3.3323,8.4723,4051.6250,193.3571,127.77
2513,5.73279731,1.0000,4097,6.2178,10.4538,3965.7500,275.1523,127.82
2514,5.73279731,1.0000,4097,7.8892,13.7066,3937.3250,334.5797,127.87
2515,5.73279731,1.0000,4097,6.6434,11.3701,3956.4500,292.2734,127.93
2516,5.73279731,1.0000,4097,8.7396,13.9949,3903.7250,347.0430,127.98
2517,5.73279731,1.0000,4097,4.2719,7.8162,4022.3000,201.9022,128.03
2518,5.73279731,1.0000,4097,9.0581,16.9436,3908.0750,378.6670,128.08
2519,5.73279731,1.0000,4097,3.7662,6.8519,4033.6250,179.2851,128.13
2520,5.73279731,1.0000,4097,7.5490,11.6018,3933.8750,306.1630,128.19
2521,5.73279731,1.0000,4097,6.2680,12.2582,3983.3000,284.8751,128.24
2522,5.73282203,1.0000,4097,3.5756,7.5129,4032.8000,203.2506,128.29
2523,5.73282203,1.0000,4097,7.4668,14.0854,3945.8000,342.9636,128.34
2524,5.73282203,1.0000,4097,6.6125,11.1220,3968.0750,288.3556,128.39
2525,5.73282203,1.0000,4097,7.5657,12.0615,3933.5750,308.4629,128.45
2526,5.73362521,1.0000,4097,8.6761,12.5629,3909.0500,331.6117,128.51
2527,5.73362521,1.0000,4097,10.2816,17.7373,3880.5500,411.1634,128.56
2528,5.73362521,1.0000,4097,7.8830,15.5254,3937.7750,367.5566,128.61
2529,5.73362521,1.0000,4097,2.7490,7.9354,4063.4000,183.8430,128.66
2530,5.73368531,1.0247,4097,4.9710,9.0549,4004.0000,236.1745,128.71
2531,5.73368531,1.0247,4097,6.5337,10.4755,3964.2500,273.6361,128.76
2532,5.73368531,1.0247,4097,7.4176,13.9353,3945.5750,332.9905,128.82
2533,5.73368531,1.0247,4097,6.9926,12.2692,3962.9750,309.4281,128.88
2534,5.73368531,1.0247,4097,7.3796,12.4738,3948.6500,315.6464,128.93
2535,5.73368531,1.0247,4097,5.0074,12.9339,4005.8750,292.6097,128.98
2536,5.73368531,1.0247,4097,4.4935,9.1994,4020.5750,230.3777,129.04
2537,5.73368531,1.0247,4097,2.6707,5.7637,4067.2250,140.3128,129.09
2538,5.73433441,1.0000,4097,3.3632,8.2272,4040.1500,213.0982,129.15
2539,5.73433441,1.0000,4097,6.6724,12.1422,3960.7250,305.5017,129.20
2540,5.73433441,1.0000,4097,1.9152,2.4276,4092.5750,22.2181,129.25
2541,5.73476518,1.0000,4097,5.7364,11.1121,3975.5750,284.6516,129.30
2542,5.73476518,1.0000,4097,6.3074,13.5966,3976.2500,306.0976,129.36
2543,5.73476518,1.0000,4097,4.9279,10.9397,4005.0500,261.5972,129.41
2544,5.73476518,1.0000,4097,5.9641,11.7007,3970.2500,298.2472,129.46
2545,5.73476518,1.0000,4097,4.9381,9.3235,4006.3250,226.6346,129.51
2546,5.73476518,1.0000,4097,5.5541,11.7596,3990.8000,298.1408,129.57
2547,5.73476518,1.0000,4097,5.3531,11.4558,3991.4000,290.7341,129.62
2548,5.73476518,1.0000,4097,5.8961,10.1256,3971.6000,270.0852,129.68
2549,5.73476518,1.0000,4097,6.8052,11.3145,3957.9500,295.7896,129.73
2550,5.73476518,1.0000,4097,6.5184,11.0020,3963.0500,288.3065,129.78
2551,5.73550059,1.0000,4097,3.0649,5.4538,4050.8000,141.4458,129.83
2552,5.73550059,1.0000,4097,4.1018,10.4438,4025.0000,256.9312,129.88
2553,5.73550059,1.0000,4097,6.2607,12.8696,3974.7500,326.3228,129.94
2554,5.73550059,1.0000,4097,5.7212,9.4928,3984.3500,245.1726,129.99
2555,5.73550059,1.0000,4097,4.9830,10.6188,4004.6000,252.4293,130.05
2556,5.73550059,1.0000,4097,8.5109,13.8489,3918.9500,357.6477,130.10
2557,5.73550059,1.0000,4097,3.7154,5.8684,4035.8000,149.3925,130.15
2558,5.73550059,1.0000,4097,5.6904,9.4914,3991.6250,243.3832,130.21
2559,5.73550059,1.0000,4097,4.7275,10.1639,4005.4250,257.9267,130.26
2560,5.73550059,1.0000,4097,4.2426,8.5783,4032.4250,218.0434,130.31
2561,5.73550059,1.0000,4097,5.4622,11.3030,3981.1250,290.3433,130.37
2562,5.73550059,1.0000,4097,5.2416,9.7749,3997.4750,254.3090,130.42
2563,5.73550059,1.0000,4097,7.6928,13.0115,3928.5500,339.9852,130.47
2564,5.73550059,1.0000,4097,4.6693,9.9147,4011.0500,250.9940,130.53
2565,5.73550059,1.0000,4097,4.1208,8.6344,4024.4750,222.7294,130.58
2566,5.73550059,1.0000,4097,6.4627,15.0417,3973.5500,346.2568,130.63
2567,5.73550059,1.0000,4097,8.3117,13.6960,3908.6000,356.6457,130.68
2568,5.73550059,1.0000,4097,6.8498,12.4637,3970.7000,305.9829,130.73
2569,5.73550059,1.0000,4097,4.3036,7.5499,4016.6750,207.5736,130.79
2570,5.73550059,1.0000,4097,3.9631,8.1144,4027.2500,205.4099,130.84
2571,5.73561515,1.0000,4097,7.3289,11.9766,3954.2000,307.4508,130.89
2572,5.73561515,1.0000,4097,6.5321,12.7641,3962.1500,314.7248,130.95
2573,5.73561515,1.0000,4097,5.8023,11.1333,3983.5250,285.4693,131.00
2574,5.73561515,1.0000,4097,6.0718,9.3379,3979.2500,254.6634,131.05
2575,5.73561515,1.0000,4097,8.1833,13.3575,3926.3750,334.6393,131.11
2576,5.73561515,1.0000,4097,4.6532,10.5039,4006.8500,257.5111,131.16
2577,5.73561515,1.0000,4097,4.0953,9.2827,4023.9500,236.6842,131.21
2578,5.73561515,1.0000,4097,4.1557,8.4029,4022.6750,215.1269,131.27
2579,5.73561515,1.0000,4097,6.1457,11.5869,3989.4500,280.6761,131.32
2580,5.73561515,1.0000,4097,8.9123,12.7133,3902.3000,327.4770,131.37
2581,5.73561515,1.0000,4097,4.7977,7.7574,4008.5000,211.0143,131.43
2582,5.73561515,1.0000,4097,5.6188,8.6165,3991.3250,226.6494,131.48
2583,5.73561515,1.0000,4097,5.5421,10.1758,3989.6750,254.1750,131.54
2584,5.73561515,1.0000,4097,3.7606,6.4402,4032.2000,166.4754,131.59
2585,5.73567082,1.0000,4097,4.6336,8.5702,4017.3500,223.3358,131.64
2586,5.73567082,1.0000,4097,4.0093,8.6865,4028.7500,226.2741,131.69
2587,5.73567082,1.0000,4097,2.3102,5.0332,4068.5000,132.1090,131.74
2588,5.73567082,1.0000,4097,8.3917,12.8750,3907.7000,333.2552,131.79
2589,5.73985907,1.0000,4097,5.3029,10.7694,3996.4250,262.9513,131.85
2590,5.73985907,1.0000,4097,4.8581,8.5469,4007.4500,228.1564,131.90
2591,5.73985907,1.0000,4097,1.5684,2.7456,4085.9750,68.8511,131.95
2592,5.73985907,1.0000,4097,4.9343,10.2195,4007.3000,257.1700,132.00
2593,5.73985907,1.0000,4097,8.8444,13.4357,3895.8500,351.3338,132.05
2594,5.74012293,1.0000,4097,2.8662,4.5664,4064.9000,104.9147,132.11
2595,5.74012293,1.0000,4097,8.1697,19.8786,3949.0250,402.5120,132.17
2596,5.74012293,1.0000,4097,5.6639,10.7631,3989.6000,272.8130,132.22
2597,5.74012293,1.0000,4097,7.1361,13.3627,3956.0750,320.6925,132.27
2598,5.74065142,1.0000,4097,3.6069,7.9249,4027.1000,212.8174,132.32
2599,5.74065142,1.0000,4097,5.2790,9.5108,4010.9000,239.8539,132.37
2600,5.74065142,1.0000,4097,5.8073,10.4917,3977.0750,273.6894,132.42
2601,5.74065142,1.0000,4097,6.6214,9.7595,3959.9000,266.0792,132.47
2602,5.74065142,1.0000,4097,4.0030,8.1034,4022.9750,211.3269,132.52
2603,5.74065142,1.0000,4097,4.8157,10.9631,4013.4500,260.7150,132.57
2604,5.74487723,1.0000,4097,5.7819,10.9855,3985.4750,263.4471,132.63
2605,5.74487723,1.0000,4097,4.4908,7.4889,4011.5750,187.3992,132.68
2606,5.74487723,1.0000,4097,2.9216,6.2274,4057.6250,155.0077,132.73
2607,5.74487723,1.0000,4097,8.2435,16.6852,3927.7250,377.0517,132.79
2608,5.74487723,1.0000,4097,3.0212,5.8323,4052.3750,154.2219,132.84
2609,5.74487723,1.0000,4097,4.0273,7.3397,4019.9000,202.4291,132.89
2610,5.74487723,1.0000,4097,6.4247,10.5510,3971.8250,276.0905,132.95
2611,5.74487723,1.0000,4097,3.3712,6.6537,4039.1750,172.2598,133.00
2612,5.74487723,1.0000,4097,2.7270,5.5457,4068.6500,132.6172,133.05
2613,5.74487723,1.0000,4097,6.6179,10.6579,3954.8000,274.3523,133.10
2614,5.74487723,1.0000,4097,4.9983,8.1331,3998.9750,219.9671,133.15
2615,5.74487723,1.0000,4097,4.4515,9.5267,4016.9000,241.1935,133.21
2616,5.74487723,1.0000,4097,7.2246,14.0488,3953.5250,326.5992,133.26
2617,5.74487723,1.0000,4097,7.4892,13.0833,3937.7000,311.8224,133.32
2618,5.74487723,1.0000,4097,6.2317,15.4763,3986.2250,337.0226,133.37
2619,5.74487723,1.0000,4097,8.4794,14.4051,3919.9250,350.8035,133.42
2620,5.74487723,1.0000,4097,3.5810,6.7702,4033.4000,181.8643,133.47
2621,5.74487723,1.0000,4097,3.4992,6.9851,4049.0750,174.1157,133.53
2622,5.74487723,1.0000,4097,3.6556,6.4139,4037.3750,161.5357,133.58
2623,5.74487723,1.0000,4097,5.2269,9.5792,3995.6750,255.0710,133.63
2624,5.74487723,1.0000,4097,6.2410,10.8200,3966.3500,286.5942,133.69
2625,5.74487723,1.0000,4097,4.1947,8.9147,4029.8000,211.4774,133.74
2626,5.74487723,1.0000,4097,6.8728,12.8167,3966.0500,315.4501,133.79
2627,5.74487723,1.0000,4097,4.9266,9.1709,4006.5500,240.7708,133.84
2628,5.74487723,1.0000,4097,5.8477,7.8879,3991.2500,196.2924,133.89
2629,5.74487723,1.0000,4097,1.8912,5.1306,4075.8500,132.0817,133.94
2630,5.74487723,1.0000,4097,9.5681,15.2024,3881.1500,378.9381,134.00
2631,5.74487723,1.0000,4097,3.9500,6.9455,4034.7500,184.3667,134.05
2632,5.74487723,1.0000,4097,6.3361,11.8110,3970.5500,283.0016,134.10
2633,5.74487723,1.0000,4097,5.3143,11.5360,3992.1500,286.3688,134.16
2634,5.74487723,1.0000,4097,6.6832,13.4580,3967.8500,321.7456,134.21
2635,5.74487723,1.0000,4097,2.9510,4.5532,4064.4500,102.4524,134.26
2636,5.74487723,1.0000,4097,6.4571,11.8696,3969.8750,293.7854,134.32
2637,5.74487723,1.0000,4097,7.6512,14.7557,3952.8500,343.8483,134.37
2638,5.74487723,1.0000,4097,6.5856,15.0427,3969.5000,349.5109,134.42
2639,5.74487723,1.0000,4097,4.2734,9.7515,4013.1500,245.8453,134.48
2640,5.74886420,1.0000,4097,8.7125,15.3495,3915.2000,359.4951,134.53
2641,5.74886420,1.0000,4097,8.5041,13.8462,3915.1250,346.3647,134.59
2642,5.74886420,1.0000,4097,3.7240,7.1554,4035.8750,183.3914,134.64
2643,5.74886420,1.0000,4097,6.0466,10.1962,3976.5500,266.7855,134.69
2644,5.74886420,1.0000,4097,6.0078,13.2890,3985.5500,311.9744,134.74
2645,5.74886420,1.0000,4097,10.4421,19.1382,3884.9750,406.7907,134.80
2646,5.74886420,1.0000,4097,2.8970,5.3840,4056.8000,143.6931,134.85
2647,5.74886420,1.0000,4097,4.5874,7.5658,4015.7750,195.8685,134.90
2648,5.74886420,1.0000,4097,3.9834,8.5644,4029.2750,214.4967,134.96
2649,5.74886420,1.0000,4097,7.1444,13.3970,3953.5250,323.2296,135.02
2650,5.74886420,1.0000,4097,6.4731,14.0589,3968.9750,322.1687,135.07
2651,5.74886420,1.0000,4097,7.2995,13.3547,3949.8500,318.3055,135.12
2652,5.74886420,1.0000,4097,5.1167,9.6877,4002.8750,252.7646,135.18
2653,5.74886420,1.0000,4097,6.8464,11.7708,3952.6250,300.0556,135.23
2654,5.74886420,1.0000,4097,5.1591,9.8376,4004.3750,256.3800,135.28
2655,5.74886420,1.0000,4097,5.1811,10.9764,4007.3750,268.8862,135.33
2656,5.74886420,1.0000,4097,7.0984,14.1548,3966.5750,338.4540,135.38
2657,5.74886420,1.0000,4097,2.9782,6.4733,4050.7250,168.4199,135.43
2658,5.74886420,1.0000,4097,4.5100,9.5551,4019.7500,230.1733,135.48
2659,5.74886420,1.0000,4097,4.8399,7.9924,4001.7500,213.3238,135.54
2660,5.74886420,1.0000,4097,5.2563,11.0448,4005.5000,258.8228,135.59
2661,5.74886420,1.0000,4097,5.7554,9.9787,3980.3000,262.9255,135.64
2662,5.74886420,1.0000,4097,8.4346,13.6979,3913.7000,348.6258,135.69
2663,5.74886420,1.0000,4097,9.0980,14.6024,3906.1250,364.7614,135.74
2664,5.74886420,1.0000,4097,2.2026,4.9107,4069.3250,127.0642,135.80
2665,5.74886420,1.0000,4097,6.1270,12.0513,3975.9500,307.4126,135.85
2666,5.74886420,1.0000,4097,2.9186,6.3126,4058.7500,152.3202,135.90
2667,5.74886420,1.0000,4097,10.3843,14.4961,3862.7750,365.9246,135.96
2668,5.74886420,1.0000,4097,5.6855,11.7544,3986.9750,277.1498,136.01
2669,5.74886420,1.0000,4097,4.9933,10.5138,4008.2000,256.9424,136.06
2670,5.74886420,1.0000,4097,3.7421,5.5824,4044.5750,132.1175,136.12
2671,5.74886420,1.0000,4097,5.3093,7.7184,3992.6750,201.2757,136.17
2672,5.74886420,1.0000,4097,5.3079,7.9803,3993.9500,220.6016,136.23
2673,5.74886420,1.0000,4097,6.0326,12.5829,3990.5750,300.9353,136.28
2674,5.74886420,1.0000,4097,4.6258,10.0455,4011.5000,245.3177,136.33
2675,5.74886420,1.0000,4097,4.7442,10.1398,4007.0750,257.5177,136.38
2676,5.74886420,1.0000,4097,6.2278,12.1552,3968.3750,307.4182,136.43
2677,5.74886420,1.0000,4097,2.3011,4.6352,4069.2500,123.6163,136.48
2678,5.74886420,1.0000,4097,6.2880,8.8014,3987.0500,225.6596,136.54
2679,5.74886420,1.0000,4097,4.0893,8.0488,4025.1500,208.0040,136.59
2680,5.74886420,1.0000,4097,10.1694,15.4189,3869.6750,384.4254,136.64
2681,5.74886420,1.0000,4097,3.4793,5.2077,4048.1750,127.4964,136.69
2682,5.74886420,1.0000,4097,4.0060,8.1344,4034.0000,192.0270,136.74
2683,5.74886420,1.0000,4097,6.1221,10.3457,3965.9000,280.0707,136.79
2684,5.74887427,1.0000,4097,5.9217,9.4066,3997.9250,226.0102,136.85
2685,5.74887427,1.0000,4097,3.7062,9.5946,4035.5000,219.8204,136.91
2686,5.74887427,1.0000,4097,4.5665,9.8420,4006.4750,258.5339,136.96
2687,5.74887427,1.0000,4097,4.9745,9.4058,4017.0500,233.2869,137.01
2688,5.74887427,1.0000,4097,3.5451,9.3090,4031.9000,234.0838,137.06
2689,5.74887427,1.0000,4097,3.4092,6.2827,4041.0500,166.4129,137.11
2690,5.74887427,1.0000,4097,7.5272,11.7720,3931.1000,313.5145,137.17
2691,5.74887427,1.0000,4097,6.5186,12.2285,3964.6250,307.8775,137.22
2692,5.74887427,1.0000,4097,5.9677,11.3964,3974.9750,296.2106,137.27
2693,5.74887427,1.0000,4097,3.9678,6.6240,4030.7750,176.3689,137.33
2694,5.74914398,1.0000,4097,6.6872,12.5474,3958.4000,325.1177,137.38
2695,5.74914398,1.0000,4097,5.8305,12.3749,3992.7500,262.0357,137.43
2696,5.74914398,1.0000,4097,3.5478,7.9291,4038.2750,200.1833,137.48
2697,5.74929486,1.0000,4097,4.4909,8.9595,4017.7250,236.4182,137.54
2698,5.74929486,1.0000,4097,7.2213,11.4900,3944.1500,292.6768,137.59
2699,5.74929486,1.0000,4097,8.1310,16.3265,3939.8000,361.2620,137.64
2700,5.74929486,1.0000,4097,3.7911,8.5587,4033.2500,225.1917,137.69
2701,5.74929486,1.0000,4097,6.7192,11.5140,3948.9500,300.7210,137.74
2702,5.74929486,1.0000,4097,9.2526,13.1611,3900.2750,346.1367,137.80
2703,5.74929486,1.0000,4097,6.6614,10.7956,3961.1750,285.6104,137.85
2704,5.74929486,1.0000,4097,5.0147,9.6649,4000.7750,236.3263,137.90
2705,5.74929486,1.0000,4097,4.1082,9.0573,4022.9750,227.0798,137.95
2706,5.74929486,1.0000,4097,5.4032,10.8552,3981.8750,282.8625,138.00
2707,5.74929486,1.0000,4097,7.2262,14.9056,3961.3250,330.5011,138.06
2708,5.74929486,1.0000,4097,6.4212,11.6296,3969.9500,304.8003,138.11
2709,5.75183447,1.0000,4097,3.8240,6.8959,4030.2500,185.8654,138.16
2710,5.75183447,1.0000,4097,5.8606,11.4497,3978.9500,293.1896,138.21
2711,5.75183447,1.0000,4097,5.0922,9.8625,3999.2000,255.9413,138.27
2712,5.75183447,1.0000,4097,3.3902,7.4213,4035.6500,196.3464,138.32
2713,5.75183447,1.0000,4097,5.7930,11.0527,3978.3500,268.5594,138.37
2714,5.75183447,1.0000,4097,4.4564,8.1849,4011.3500,217.5941,138.42
2715,5.75183447,1.0000,4097,5.6806,10.4373,3979.1750,274.7818,138.47
2716,5.75183447,1.0000,4097,6.2666,12.4373,3977.5250,301.3603,138.53
2717,5.75183447,1.0000,4097,4.5926,8.6179,4009.7000,231.1790,138.58
2718,5.75183447,1.0000,4097,7.0210,10.5922,3949.4750,285.3258,138.63
2719,5.75240322,1.0000,4097,1.8364,3.5813,4081.3250,97.8903,138.68
2720,5.75240322,1.0000,4097,4.3058,8.7397,4018.0250,227.4065,138.73
2721,5.75240322,1.0000,4097,3.0325,9.9126,4049.6750,222.8028,138.78
2722,5.75240322,1.0000,4097,4.6485,10.0607,4007.6750,257.2248,138.83
2723,5.75240322,1.0000,4097,6.4930,11.6273,3960.1250,303.8266,138.89
2724,5.75240322,1.0000,4097,5.9245,11.9022,3984.2000,284.8482,138.94
2725,5.75240322,1.0000,4097,5.4517,10.0832,4000.1000,259.5444,138.99
2726,5.75240322,1.0000,4097,6.7377,12.1922,3951.9500,312.7322,139.04
2727,5.75297334,1.0000,4097,4.9366,8.4173,4007.3750,219.3913,139.10
2728,5.75297334,1.0000,4097,3.5859,7.2528,4038.1250,190.2940,139.15
2729,5.75297334,1.0000,4097,4.6691,7.7636,4015.1000,211.6565,139.20
2730,5.75449931,1.0000,4097,7.2050,12.1086,3958.0250,292.0684,139.25
2731,5.75449931,1.0000,4097,7.0694,13.0169,3949.1000,320.4171,139.31
2732,5.75449931,1.0000,4097,6.9964,13.3343,3951.0500,324.0955,139.36
2733,5.75449931,1.0000,4097,6.6708,14.6529,3983.9000,309.6214,139.41
2734,5.75449931,1.0000,4097,5.0778,10.5475,3999.6500,265.8777,139.46
2735,5.75449931,1.0000,4097,5.3129,10.2353,3988.2500,270.1156,139.51
2736,5.75449931,1.0000,4097,6.9393,12.5599,3953.7500,317.6933,139.56
2737,5.75449931,1.0000,4097,6.7032,13.6810,3957.0500,343.0402,139.61
2738,5.75449931,1.0000,4097,4.2007,6.8686,4039.1000,175.9880,139.67
2739,5.75449931,1.0000,4097,5.5400,12.1657,3985.4750,303.6608,139.72
2740,5.75449931,1.0000,4097,5.2738,9.3855,3988.8500,254.1807,139.77
2741,5.75449931,1.0000,4097,5.9179,15.0896,3998.9750,307.5091,139.82
2742,5.75449931,1.0000,4097,7.2279,11.1280,3946.5500,293.2917,139.88
2743,5.75449931,1.0000,4097,5.4472,12.7868,4004.9750,288.5357,139.93
2744,5.75449931,1.0000,4097,6.3725,11.2668,3964.2500,296.0612,139.98
2745,5.75449931,1.0000,4097,4.1787,6.8344,4041.4250,177.1016,140.03
2746,5.75449931,1.0000,4097,6.6974,12.8634,3963.2000,311.4022,140.08
2747,5.75449931,1.0000,4097,9.9016,14.4641,3893.2250,365.7979,140.13
2748,5.75449931,1.0000,4097,5.2231,11.2245,3992.6000,279.8006,140.19
2749,5.75449931,1.0000,4097,3.5666,6.7398,4037.5250,181.7650,140.24
2750,5.75449931,1.0000,4097,5.6363,11.6543,3980.6750,293.1351,140.29
2751,5.75449931,1.0000,4097,3.3854,8.1914,4043.9000,207.8734,140.34
2752,5.75449931,1.0000,4097,5.6206,10.5897,3988.0250,267.4390,140.39
2753,5.75449931,1.0000,4097,7.3935,12.1839,3943.0250,310.6778,140.44
2754,5.75449931,1.0000,4097,3.8902,6.6986,4044.9500,171.6311,140.50
2755,5.75449931,1.0000,4097,7.4022,12.7465,3941.9000,317.3577,140.55
2756,5.75449931,1.0000,4097,6.7935,11.2481,3956.1500,288.0296,140.60
2757,5.75449931,1.0000,4097,5.1722,9.8378,3988.1000,258.1780,140.65
2758,5.75449931,1.0000,4097,7.4871,12.9890,3940.2500,331.0658,140.70
2759,5.75449931,1.0000,4097,2.9638,4.7462,4061.2250,112.9519,140.75
2760,5.75449931,1.0000,4097,2.6846,4.9425,4070.1500,121.4888,140.81
2761,5.75449931,1.0000,4097,5.3518,11.9821,3992.4500,295.1835,140.86
2762,5.75449931,1.0000,4097,5.5786,10.3366,3985.2500,268.2936,140.91
2763,5.75449931,1.0000,4097,2.8542,5.2962,4062.2000,129.7666,140.97
2764,5.75449931,1.0000,4097,6.5165,9.0340,3971.9750,241.1218,141.02
2765,5.75449931,1.0000,4097,4.0465,6.8705,4021.6250,175.3425,141.07
2766,5.75449931,1.0000,4097,2.2370,3.8103,4073.8250,85.5710,141.12
2767,5.75449931,1.0000,4097,5.2198,9.5966,3990.2750,252.0294,141.17
2768,5.75449931,1.0000,4097,6.4711,13.1644,3967.3250,317.0962,141.22
2769,5.75449931,1.0000,4097,4.6380,9.8295,4005.5750,242.0825,141.27
2770,5.75449931,1.0000,4097,5.4910,10.4995,3981.5000,276.5318,141.32
2771,5.75449931,1.0000,4097,3.5944,7.0007,4039.6250,182.2635,141.37
2772,5.75449931,1.0000,4097,5.3929,9.3989,3997.0250,241.4808,141.43
2773,5.75449931,1.0000,4097,5.3625,11.4960,4013.9000,261.6691,141.48
2774,5.75449931,1.0000,4097,4.6678,9.5961,4006.4750,241.5921,141.53
2775,5.75449931,1.0000,4097,5.0736,8.4692,4001.2250,224.5590,141.58
2776,5.75449931,1.0000,4097,5.0062,10.3117,4006.8500,252.9793,141.63
2777,5.75449931,1.0000,4097,2.6911,6.9274,4055.9750,178.9147,141.68
2778,5.75449931,1.0000,4097,5.9261,12.0629,3980.4500,310.5736,141.73
2779,5.75449931,1.0000,4097,4.8024,10.0410,4000.9250,252.5017,141.78
2780,5.75449931,1.0000,4097,5.4497,10.4543,3982.3250,270.0062,141.83
2781,5.75449931,1.0000,4097,6.4107,11.6612,3962.5250,303.1640,141.88
2782,5.75676770,1.0000,4097,3.3134,6.8064,4040.3750,179.9077,141.93
2783,5.76947737,1.0000,4097,1.8298,3.2022,4084.4000,78.6870,141.98
2784,5.76947737,1.0000,4097,6.5691,10.7600,3964.7750,266.3034,142.04
2785,5.76947737,1.0000,4097,6.3912,13.1510,3966.7250,312.7943,142.09
2786,5.76947737,1.0000,4097,5.6624,10.8980,3985.2500,284.1285,142.14
2787,5.76947737,1.0000,4097,5.5864,10.7847,3987.8000,270.3330,142.20
2788,5.76947737,1.0000,4097,4.8620,12.2489,4022.0000,257.9424,142.25
2789,5.76947737,1.0000,4097,5.6122,10.2228,3988.4000,261.1648,142.31
2790,5.76947737,1.0000,4097,5.2079,11.4975,3989.9000,293.6824,142.36
2791,5.76947737,1.0000,4097,8.4641,14.5181,3921.2750,357.6221,142.41
2792,5.76947737,1.0000,4097,6.5720,12.1462,3960.8750,306.1644,142.46
2793,5.76947737,1.0000,4097,3.0905,6.3454,4054.1750,158.3591,142.52
2794,5.76947737,1.0000,4097,7.5070,12.5216,3946.7750,301.7822,142.57
2795,5.76947737,1.0000,4097,7.1592,13.9650,3957.2000,327.3300,142.63
2796,5.76947737,1.0000,4097,6.7675,13.0204,3958.1000,321.7730,142.68
2797,5.76947737,1.0000,4097,3.5580,9.2715,4037.6750,222.2234,142.73
2798,5.76947737,1.0000,4097,7.8540,12.8336,3925.3250,330.7393,142.79
2799,5.76947737,1.0000,4097,7.2404,15.5669,3954.3500,356.3022,142.84
2800,5.76947737,1.0000,4097,3.9086,9.7020,4025.1500,244.7180,142.89
2801,5.76947737,1.0000,4097,7.5229,12.9388,3943.9250,325.9003,142.94
2802,5.76947737,1.0000,4097,5.9435,10.0073,3979.1000,259.5184,142.99
2803,5.76947737,1.0000,4097,4.1331,9.5650,4040.6000,215.9231,143.04
2804,5.76947737,1.0000,4097,3.9652,6.4457,4029.9500,162.6522,143.10
2805,5.76947737,1.0000,4097,3.2038,7.8392,4040.1500,203.7494,143.15
2806,5.76947737,1.0000,4097,6.5931,10.6528,3960.8000,280.0085,143.20
2807,5.76947737,1.0000,4097,5.9874,16.3000,3989.7500,339.0536,143.25
2808,5.76947737,1.0000,4097,5.1924,9.3737,3999.2000,241.9141,143.31
2809,5.78708441,1.0000,4097,3.6524,5.2149,4056.4250,120.5220,143.36
2810,5.78708441,1.0000,4097,3.7511,7.9193,4042.6250,193.8882,143.41
2811,5.78852612,1.0000,4097,6.7227,12.5803,3960.2750,312.2011,143.46
2812,5.78852612,1.0000,4097,8.7740,13.9119,3918.8750,336.2060,143.51
2813,5.78852612,1.0000,4097,4.8021,9.1443,4001.9000,238.0384,143.56
2814,5.78852612,1.0000,4097,2.5233,5.1951,4058.7500,143.0622,143.61
2815,5.78852612,1.0000,4097,4.4347,11.1208,4017.8750,265.0621,143.67
2816,5.78871151,1.0000,4097,9.6243,16.1509,3894.2750,380.1391,143.72
2817,5.78871151,1.0000,4097,6.4707,11.8025,3973.7750,289.9538,143.77
2818,5.78871151,1.0000,4097,6.5003,11.8425,3964.9250,294.9867,143.82
2819,5.78871151,1.0000,4097,3.9421,7.3084,4047.2000,181.5159,143.88
2820,5.78871151,1.0000,4097,4.7253,7.4454,4007.6750,194.8066,143.93
2821,5.78876929,1.0000,4097,6.1476,14.2281,3984.5750,326.7095,143.98
2822,5.78876929,1.0000,4097,5.3828,9.3407,3995.9750,247.0818,144.03
2823,5.78876929,1.0000,4097,5.0139,9.9297,4001.6000,259.5383,144.09
2824,5.78876929,1.0000,4097,7.7247,11.7218,3929.9000,309.1676,144.14
2825,5.78876929,1.0000,4097,6.9135,10.9455,3948.5000,282.4106,144.19
2826,5.78876929,1.0000,4097,4.7342,10.6698,4014.2750,244.6949,144.24
2827,5.78876929,1.0000,4097,9.9266,15.9703,3880.0250,391.9913,144.30
2828,5.78876929,1.0000,4097,3.3255,6.2450,4038.5000,169.0374,144.34
2829,5.78876929,1.0000,4097,4.7100,10.7711,4009.2500,265.8504,144.40
2830,5.78876929,1.0000,4097,6.1508,11.6381,3975.8750,293.8987,144.45
2831,5.78876929,1.0000,4097,3.7246,8.7323,4034.4500,222.9896,144.50
2832,5.78876929,1.0000,4097,5.1525,8.3479,4001.3750,224.1064,144.55
2833,5.78876929,1.0000,4097,3.4713,6.4055,4043.0750,168.2228,144.59
2834,5.78876929,1.0000,4097,7.2666,13.1950,3955.7000,325.2876,144.64
2835,5.78876929,1.0000,4097,6.2368,12.3110,3965.9750,315.0381,144.69
2836,5.78876929,1.0000,4097,5.7614,11.5576,3984.2000,282.3395,144.74
2837,5.78883485,1.0000,4097,4.2168,8.9787,4012.3250,238.1861,144.79
2838,5.78883485,1.0000,4097,6.1145,12.2356,3982.8500,292.7183,144.85
2839,5.78883485,1.0000,4097,6.3590,11.8484,3958.6250,309.7383,144.91
2840,5.78883485,1.0000,4097,4.0900,9.0367,4038.8750,201.5954,144.96
2841,5.78883485,1.0000,4097,5.0453,10.6306,4001.5250,265.6024,145.01
2842,5.78883485,1.0000,4097,6.1504,10.7109,3972.2750,279.2135,145.06
2843,5.78894041,1.0000,4097,8.5973,14.4886,3914.7500,367.0165,145.11
2844,5.78894041,1.0000,4097,6.4967,11.3652,3983.6000,268.2428,145.17
2845,5.78898530,1.0000,4097,4.0801,9.0515,4020.8000,233.0865,145.22
2846,5.78898530,1.0000,4097,3.3058,5.9745,4054.5500,147.4822,145.27
2847,5.78898530,1.0000,4097,9.6871,12.4330,3866.6750,339.1430,145.32
2848,5.78898530,1.0000,4097,5.0448,8.8787,4003.7750,214.3000,145.37
2849,5.78914096,1.0000,4097,5.0775,11.9897,3998.7500,284.5352,145.43
2850,5.78914096,1.0000,4097,4.1149,6.2748,4032.1250,157.7194,145.48
2851,5.78914096,1.0000,4097,6.9325,11.3672,3952.4000,290.1786,145.53
2852,5.78914096,1.0000,4097,5.1555,9.5277,4011.2750,238.5933,145.58
2853,5.78914096,1.0000,4097,3.6327,6.0261,4035.8000,152.5048,145.63
2854,5.78914096,1.0000,4097,3.1039,8.1780,4056.1250,191.2999,145.68
2855,5.78914096,1.0000,4097,5.4608,10.0386,4000.7000,251.5879,145.74
2856,5.78914096,1.0000,4097,7.6894,11.0037,3932.3000,293.9585,145.79
2857,5.78914096,1.0000,4097,4.4824,9.7798,4025.7500,240.5186,145.84
2858,5.78914096,1.0000,4097,8.2042,13.8649,3912.5000,349.4343,145.89
2859,5.78914096,1.0000,4097,7.2109,12.2737,3951.2750,314.2025,145.94
2860,5.78942743,1.0000,4097,4.2742,8.6526,4016.0000,226.4275,145.99
2861,5.78942743,1.0000,4097,10.1147,15.1622,3886.7750,370.1229,146.04
2862,5.78942743,1.0000,4097,4.9437,9.7400,3998.5250,256.2375,146.10
2863,5.78942743,1.0000,4097,4.1408,7.8545,4029.5000,199.2269,146.15
2864,5.78942743,1.0000,4097,5.8543,13.3686,3993.3500,301.8065,146.20
2865,5.78942743,1.0000,4097,7.9457,16.5468,3953.2250,373.4050,146.25
2866,5.78942743,1.0000,4097,4.4655,7.2956,4018.7000,191.3412,146.30
2867,5.78942743,1.0000,4097,8.0747,15.5532,3935.9000,369.4164,146.35
2868,5.78942743,1.0000,4097,6.0588,12.0427,3980.2250,303.4092,146.41
2869,5.78942743,1.0000,4097,5.2653,8.4129,3997.2500,220.5640,146.46
2870,5.78942743,1.0000,4097,3.4804,6.0262,4047.2750,159.7382,146.51
2871,5.78942743,1.0000,4097,3.6859,7.2010,4043.9750,181.4682,146.56
2872,5.78942743,1.0000,4097,4.1669,8.4695,4019.6750,221.0580,146.61
2873,5.78942743,1.0000,4097,6.3654,8.8103,3967.4000,246.5712,146.67
2874,5.78943229,1.0000,4097,4.6277,7.9261,4022.9000,209.9809,146.72
2875,5.79000502,1.0000,4097,5.7277,10.7330,3982.4750,270.5510,146.77
2876,5.79000502,1.0000,4097,7.8534,15.1625,3943.3250,342.3935,146.82
2877,5.79000502,1.0000,4097,6.5190,14.5587,3973.4750,340.2600,146.87
2878,5.79000502,1.0000,4097,4.6803,7.9121,4009.8500,208.8364,146.92
2879,5.79000502,1.0000,4097,3.8424,6.7626,4032.7250,173.1716,146.98
2880,5.79000502,1.0000,4097,4.0648,7.9174,4026.0500,204.7196,147.03
2881,5.79190917,1.0000,4097,6.4180,10.8689,3962.9750,285.0145,147.08
2882,5.79190917,1.0000,4097,3.5306,7.5848,4029.5000,205.7615,147.13
2883,5.79190917,1.0000,4097,5.8590,15.1669,3991.9250,320.2305,147.19
2884,5.79190917,1.0000,4097,3.4144,9.0167,4036.8500,230.5056,147.24
2885,5.79190917,1.0000,4097,7.0331,13.0601,3959.1500,306.5142,147.29
2886,5.79190917,1.0000,4097,5.1572,10.7801,3992.1500,273.2273,147.35
2887,5.79190917,1.0000,4097,3.4473,8.2532,4036.4750,206.5004,147.40
2888,5.79190917,1.0000,4097,7.1803,14.4554,3954.8750,316.6128,147.46
2889,5.79190917,1.0000,4097,9.2312,14.3406,3888.7250,369.5124,147.51
2890,5.79190917,1.0000,4097,5.3831,10.9791,3989.9750,271.7091,147.56
2891,5.79190917,1.0000,4097,6.2751,13.3679,3983.6000,299.7863,147.62
2892,5.79224514,1.0000,4097,4.7694,10.2779,3998.3750,268.1530,147.67
2893,5.79236897,1.0000,4097,5.1039,8.9545,3992.4500,242.3896,147.72
2894,5.79236897,1.0000,4097,5.7851,10.0401,3982.7750,255.5442,147.77
2895,5.79236897,1.0000,4097,6.2790,12.0183,3963.4250,310.4406,147.82
2896,5.79236897,1.0000,4097,7.4462,13.1012,3933.4250,338.0129,147.87
2897,5.79236897,1.0000,4097,4.1107,8.7398,4025.7500,206.8323,147.92
2898,5.79236897,1.0000,4097,5.9488,14.3935,3983.7500,312.7928,147.97
2899,5.79236897,1.0000,4097,5.5545,10.1219,3981.3500,268.7630,148.02
2900,5.79236897,1.0000,4097,5.7131,12.2740,3998.6750,264.7426,148.07
2901,5.79236897,1.0000,4097,5.3319,10.4991,3992.9000,267.0162,148.12
2902,5.79236897,1.0000,4097,1.8412,2.8780,4087.1750,58.5422,148.18
2903,5.79236897,1.0000,4097,3.8954,11.0453,4032.8750,237.1136,148.23
2904,5.79236897,1.0000,4097,7.3216,16.1760,3959.0750,359.0133,148.28
2905,5.79236897,1.0000,4097,3.6087,8.7281,4032.3500,229.2214,148.34
2906,5.79236897,1.0000,4097,7.4905,11.3653,3953.3000,287.3397,148.39
2907,5.79236897,1.0000,4097,3.1708,6.8408,4047.0500,178.8344,148.44
2908,5.79236897,1.0000,4097,2.6317,4.7266,4059.5750,118.0320,148.49
2909,5.79268054,1.0000,4097,6.0233,10.2021,3977.5250,266.7191,148.54
2910,5.79268054,1.0000,4097,4.8055,8.3392,4015.3250,217.1340,148.60
2911,5.79268054,1.0000,4097,5.4778,11.4958,3989.4500,295.5621,148.65
2912,5.79268054,1.0000,4097,3.2915,6.0518,4043.4500,161.7047,148.70
2913,5.79268054,1.0000,4097,7.0641,11.7964,3960.5750,287.1440,148.75
2914,5.79268054,1.0000,4097,5.2899,9.9454,3996.2750,249.5568,148.80
2915,5.79268054,1.0000,4097,6.5210,11.1751,3965.7500,278.7166,148.86
2916,5.79268054,1.0000,4097,5.8509,10.0014,3984.4250,258.7767,148.91
2917,5.79268054,1.0000,4097,3.1113,5.2121,4058.2250,133.4501,148.96
2918,5.79268054,1.0000,4097,5.6294,11.5765,3982.7750,291.3851,149.01
2919,5.79268054,1.0000,4097,4.1821,7.1920,4029.0500,192.5541,149.06
2920,5.79268054,1.0000,4097,6.3638,9.9021,3967.1000,257.0321,149.11
2921,5.79268054,1.0000,4097,6.1049,12.2260,3968.3000,312.3660,149.16
2922,5.79268054,1.0000,4097,7.2713,11.7874,3942.5750,292.7276,149.21
2923,5.79268054,1.0000,4097,7.3201,11.3104,3946.6250,291.8579,149.26
2924,5.79268054,1.0000,4097,6.8270,12.3590,3956.8250,311.4789,149.31
2925,5.79268054,1.0000,4097,7.6895,11.6674,3940.9250,295.7645,149.36
2926,5.79268054,1.0000,4097,4.4171,9.0626,4024.5500,227.5867,149.41
2927,5.79268054,1.0000,4097,7.2805,12.1064,3952.4000,314.3452,149.46
2928,5.79268054,1.0000,4097,4.7694,8.5407,4009.6250,222.0357,149.51
2929,5.79268054,1.0000,4097,4.8209,10.3846,4005.9500,261.8534,149.57
2930,5.79268606,1.0000,4097,1.8007,3.6999,4081.1000,99.2955,149.61
2931,5.79268606,1.0000,4097,5.6778,8.8770,3982.3250,236.7440,149.67
2932,5.79268606,1.0000,4097,3.2724,6.8411,4046.0000,177.5369,149.72
2933,5.79268606,1.0000,4097,6.4563,10.1028,3979.6250,269.3469,149.77
2934,5.79268606,1.0000,4097,5.0115,11.3159,4001.0000,278.4979,149.82
2935,5.79268606,1.0000,4097,4.3345,9.8641,4023.0500,236.2789,149.87
2936,5.79268606,1.0000,4097,4.6382,10.0488,4012.7000,254.0849,149.92
2937,5.79268606,1.0000,4097,3.9420,8.0894,4030.1750,209.7534,149.97
2938,5.79268606,1.0000,4097,3.4801,7.0869,4043.3000,178.3345,150.02
2939,5.79268606,1.0000,4097,8.5426,12.6192,3934.1000,320.3237,150.07
2940,5.79268606,1.0000,4097,6.6787,13.3932,3958.1750,336.9776,150.12
2941,5.79268606,1.0000,4097,4.5693,8.2373,4012.0250,214.4647,150.17
2942,5.79268606,1.0000,4097,7.3157,13.8558,3961.5500,335.7719,150.23
2943,5.79268606,1.0000,4097,4.9224,10.3628,4008.9500,252.3271,150.29
2944,5.79268606,1.0000,4097,3.5855,6.9192,4045.1000,181.7245,150.34
2945,5.79313718,1.0000,4097,7.3681,14.7444,3944.0750,354.5319,150.39
2946,5.79313718,1.0000,4097,4.2490,7.6863,4023.1250,205.4438,150.44
2947,5.79313718,1.0000,4097,8.3297,18.6313,3942.8000,388.1348,150.49
2948,5.79313718,1.0000,4097,9.3184,13.9372,3882.5750,360.7186,150.54
2949,5.79313718,1.0000,4097,3.0775,7.6800,4048.1750,196.5080,150.59
2950,5.79313718,1.0000,4097,5.4378,11.4134,3996.2750,277.0934,150.64
2951,5.79313741,1.0000,4097,3.8065,6.7299,4033.4750,175.3921,150.69
2952,5.79313741,1.0000,4097,4.2095,8.0578,4018.9250,211.7748,150.74
2953,5.79313741,1.0000,4097,5.6124,12.1279,3997.5500,288.5990,150.79
2954,5.79329447,1.0000,4097,5.4268,12.2295,4000.7750,296.7676,150.85
2955,5.79329447,1.0000,4097,8.3318,13.2294,3923.6000,325.0007,150.90
2956,5.79329447,1.0000,4097,5.2569,9.9852,4008.6500,254.3851,150.95
2957,5.79329447,1.0000,4097,7.1772,12.9847,3963.7250,316.0382,151.00
2958,5.79329447,1.0000,4097,3.7583,6.6610,4040.6000,176.7675,151.05
2959,5.79329447,1.0000,4097,3.2498,6.8717,4037.6750,182.9071,151.10
2960,5.79329447,1.0000,4097,6.9075,10.6356,3945.1250,283.5815,151.16
2961,5.79329447,1.0000,4097,3.9144,7.5006,4032.6500,193.5499,151.21
2962,5.79329447,1.0000,4097,6.5361,11.9869,3978.2000,293.4958,151.26
2963,5.79431753,1.0000,4097,5.3344,10.4784,3989.1500,274.1079,151.31
2964,5.79431753,1.0000,4097,3.9635,6.7156,4034.4500,175.9770,151.36
2965,5.79450272,1.0000,4097,3.8411,6.7676,4039.1000,175.0240,151.42
2966,5.79450272,1.0000,4097,5.5068,9.0858,3983.9000,243.5579,151.47
2967,5.79450272,1.0000,4097,6.1191,14.5853,3990.2000,316.0203,151.52
2968,5.79450272,1.0000,4097,6.1969,8.6915,3971.2250,224.4136,151.57
2969,5.79450272,1.0000,4097,2.6657,4.5157,4068.8750,105.3395,151.62
2970,5.79450272,1.0000,4097,2.7955,7.2964,4069.3250,172.8303,151.67
2971,5.79450272,1.0000,4097,8.9299,13.4730,3900.7250,352.2535,151.72
2972,5.79450272,1.0000,4097,5.1925,9.4317,3994.4000,238.7812,151.77
2973,5.79450272,1.0000,4097,2.4693,5.9192,4071.2750,144.9343,151.82
2974,5.79450272,1.0000,4097,9.3713,15.3176,3895.7000,371.1600,151.88
2975,5.79450272,1.0000,4097,7.4047,13.6805,3953.3750,330.5635,151.93
2976,5.79450841,1.0000,4097,4.7867,9.6982,4008.5000,246.3985,151.98
2977,5.79450841,1.0000,4097,4.7388,11.2141,4013.1500,248.7975,152.03
2978,5.79450841,1.0000,4097,4.2921,7.7008,4017.2750,206.7062,152.08
2979,5.79450841,1.0000,4097,7.9630,13.1519,3935.1500,326.8713,152.13
2980,5.79450841,1.0000,4097,11.0577,16.5047,3860.1500,396.8474,152.18
2981,5.79450841,1.0000,4097,4.1439,8.1067,4021.7750,207.1927,152.23
2982,5.79450841,1.0000,4097,9.2016,15.4206,3897.8750,370.3990,152.28
2983,5.79450841,1.0000,4097,6.8173,12.0955,3958.1000,317.4960,152.33
2984,5.79450841,1.0000,4097,6.1663,11.1755,3977.0000,272.4464,152.38
2985,5.79450841,1.0000,4097,5.6541,11.7540,3994.7750,269.6876,152.43
2986,5.79450841,1.0000,4097,3.6685,6.4404,4035.5750,174.7033,152.48
2987,5.79450841,1.0000,4097,3.0486,7.5701,4048.6250,195.9372,152.53
2988,5.79450841,1.0000,4097,4.1192,7.7611,4026.4250,208.0235,152.58
2989,5.79450841,1.0000,4097,7.2101,12.5111,3950.8250,313.2408,152.64
2990,5.79450841,1.0000,4097,5.3348,10.3601,3997.7000,269.9198,152.69
2991,5.79450841,1.0000,4097,4.6889,9.2183,4023.3500,230.5163,152.74
2992,5.79450841,1.0000,4097,6.1918,12.6035,3979.8500,307.1324,152.79
2993,5.79450841,1.0000,4097,4.7284,10.0890,3999.0500,263.9272,152.84
2994,5.79450841,1.0000,4097,8.0875,14.6270,3925.5500,359.3867,152.90
2995,5.79450841,1.0000,4097,3.1591,6.1076,4049.8250,158.4642,152.95
2996,5.79450841,1.0000,4097,4.6306,9.0479,4015.2500,233.3787,153.00
2997,5.79450841,1.0000,4097,3.8618,7.9032,4025.9000,214.6659,153.04
2998,5.79450841,1.0000,4097,6.7175,13.6229,3971.1500,320.0882,153.09
2999,5.79450841,1.0000,4097,5.0065,9.9162,4006.1000,238.7416,153.15
3000,5.79450841,1.0000,4097,7.5734,13.9161,3933.8000,334.0684,153.19
3001,5.79450841,1.0000,4097,6.9285,13.8325,3967.2500,316.5908,153.26
3002,5.79450841,1.0000,4097,7.3672,13.6414,3937.9250,338.9578,153.31
3003,5.79450841,1.0000,4097,6.0872,14.8773,3987.9500,331.9155,153.37
3004,5.79450842,1.0000,4097,7.6696,16.2740,3944.9750,369.6527,153.42
3005,5.79526899,1.0000,4097,5.5273,9.5897,3986.3750,248.6928,153.47
3006,5.79526899,1.0000,4097,6.8106,10.6401,3946.6250,288.3211,153.52
3007,5.79526899,1.0000,4097,5.0414,8.0429,3998.2250,215.5489,153.57
3008,5.79526899,1.0000,4097,8.8874,13.6958,3902.9000,353.4155,153.62
3009,5.79526899,1.0000,4097,3.8806,8.0116,4019.5250,218.3949,153.67
3010,5.79526899,1.0000,4097,8.0378,14.3401,3923.0750,357.1547,153.72
3011,5.79526899,1.0000,4097,4.2869,8.8566,4011.3500,238.9156,153.78
3012,5.79526899,1.0000,4097,8.9867,17.2985,3914.3000,402.4932,153.83
3013,5.79526899,1.0000,4097,3.2683,7.3571,4040.3750,190.6407,153.88
3014,5.79526899,1.0000,4097,4.7143,9.3885,4012.6250,233.3223,153.93
3015,5.79526899,1.0000,4097,7.6427,12.3386,3941.3000,317.1454,153.99
3016,5.79526899,1.0000,4097,5.9034,8.7161,3974.9000,233.4659,154.05
3017,5.79526899,1.0000,4097,4.5366,8.7575,4015.5500,234.8212,154.10
3018,5.79526899,1.0000,4097,4.8356,9.4159,3999.5750,251.4369,154.15
3019,5.79540266,1.0000,4097,5.6532,16.1281,3997.6250,333.3310,154.20
3020,5.79540266,1.0000,4097,5.3705,16.1924,4005.4250,329.4705,154.25
3021,5.79540266,1.0000,4097,7.6302,13.3081,3925.7750,347.7577,154.30
3022,5.79540266,1.0000,4097,3.6234,7.2839,4033.4000,194.3206,154.35
3023,5.79540266,1.0000,4097,5.0820,11.7637,3995.9750,286.3306,154.40
3024,5.79540266,1.0000,4097,4.8155,9.9777,4011.2000,254.4071,154.45
3025,5.79540266,1.0000,4097,5.9088,9.4689,3984.1250,248.1588,154.50
3026,5.79540266,1.0000,4097,4.3155,8.7216,4027.2500,221.0857,154.55
3027,5.79540266,1.0000,4097,4.2966,9.9870,4019.8250,248.2452,154.60
3028,5.79540266,1.0000,4097,3.3689,7.2122,4043.4500,186.6214,154.65
3029,5.79540266,1.0000,4097,5.4858,10.3558,3979.7000,272.3306,154.71
3030,5.79540266,1.0000,4097,4.6778,8.4018,4010.3000,215.8007,154.76
3031,5.79540266,1.0000,4097,5.1414,9.3868,4001.3750,240.7107,154.81
3032,5.79540266,1.0000,4097,4.5129,9.9375,4019.6000,229.0763,154.87
3033,5.79540266,1.0000,4097,5.8955,12.5530,3980.9000,295.5291,154.92
3034,5.79540266,1.0000,4097,2.7085,5.7190,4057.3250,147.1889,154.97
3035,5.79542447,1.0000,4097,7.9695,13.3836,3931.6250,328.5083,155.02
3036,5.79542447,1.0000,4097,2.6143,5.5779,4071.2000,132.6204,155.07
3037,5.79542447,1.0000,4097,4.0693,8.1804,4022.6000,205.3261,155.13
3038,5.79542447,1.0000,4097,3.1274,5.0330,4059.7250,119.0246,155.18
3039,5.79542447,1.0000,4097,4.2291,7.2093,4028.3000,182.2334,155.23
3040,5.79542447,1.0000,4097,6.6341,11.0835,3972.8000,283.2902,155.27
3041,5.79748972,1.0000,4097,7.5973,13.8840,3937.2500,340.5540,155.32
3042,5.79748972,1.0000,4097,6.4041,12.9868,3970.4000,296.3525,155.37
3043,5.79748972,1.0000,4097,5.2215,10.1456,3998.0000,258.5480,155.42
3044,5.79748972,1.0000,4097,6.4204,13.2311,3977.6000,307.7876,155.47
3045,5.79748972,1.0000,4097,6.5217,12.7028,3969.2000,307.4559,155.52
3046,5.79748972,1.0000,4097,6.9602,11.0147,3955.4750,287.7795,155.57
3047,5.79748972,1.0000,4097,6.5551,13.9769,3970.0250,326.2046,155.62
3048,5.79748972,1.0000,4097,8.7777,15.8687,3922.7000,363.5152,155.67
3049,5.79748972,1.0000,4097,8.8225,14.7637,3914.4500,358.8610,155.72
3050,5.79748972,1.0000,4097,6.3641,9.8346,3968.0750,267.2531,155.77
3051,5.79748972,1.0000,4097,8.6756,15.6343,3914.6750,378.0336,155.82
3052,5.79748972,1.0000,4097,7.1577,15.0451,3964.1000,346.5709,155.87
3053,5.79748972,1.0000,4097,5.0303,12.0887,4004.5250,284.9762,155.92
3054,5.79748972,1.0000,4097,8.9166,12.6594,3913.4000,331.4438,155.97
3055,5.79748972,1.0000,4097,4.3525,7.4337,4019.0000,201.5154,156.03
3056,5.79748972,1.0000,4097,5.0660,7.4570,4012.0250,196.1211,156.08
3057,5.79748972,1.0000,4097,3.8206,7.8859,4031.1500,208.7458,156.13
3058,5.79748972,1.0000,4097,7.7336,14.5055,3940.5500,342.0247,156.18
3059,5.79748972,1.0000,4097,7.3889,11.5984,3942.8000,302.0538,156.23
3060,5.79748972,1.0000,4097,5.4274,10.2976,3995.6750,267.5215,156.28
3061,5.79748972,1.0000,4097,3.5126,6.2071,4037.8250,155.1626,156.33
3062,5.79748972,1.0000,4097,2.9041,9.7165,4061.7500,207.1008,156.38
3063,5.79748972,1.0000,4097,6.4987,13.1576,3976.2500,310.5266,156.43
3064,5.79748972,1.0000,4097,6.9077,11.3144,3949.4750,295.9944,156.48
3065,5.79758421,1.0000,4097,7.7418,17.7530,3949.9250,356.2596,156.53
3066,5.79758421,1.0000,4097,4.8637,10.9628,4000.8500,274.0923,156.58
3067,5.79758421,1.0000,4097,6.8219,16.1691,3977.1500,358.4284,156.63
3068,5.79758421,1.0000,4097,5.1022,8.2962,3988.4000,230.4795,156.69
3069,5.79758421,1.0000,4097,6.5059,11.5996,3970.0250,300.7853,156.74
3070,5.79758421,1.0000,4097,7.2755,12.5710,3955.9250,313.4465,156.79
3071,5.79758421,1.0000,4097,7.1099,12.1253,3948.8750,310.2613,156.84
3072,5.79758421,1.0000,4097,4.9554,10.4439,4000.0250,257.5762,156.89
3073,5.79758421,1.0000,4097,4.5137,8.7325,4007.6750,230.3665,156.94
3074,5.79758421,1.0000,4097,6.0654,10.9394,3972.1250,280.3401,156.99
3075,5.79758547,1.0000,4097,10.3969,16.2343,3862.4000,394.4465,157.05
3076,5.79758547,1.0000,4097,3.6946,7.7983,4029.6500,200.1204,157.10
3077,5.79758547,1.0000,4097,7.2055,13.0410,3944.0750,321.3149,157.15
3078,5.79758547,1.0000,4097,3.3883,6.2147,4042.9250,171.4422,157.20
3079,5.79758547,1.0000,4097,10.0405,18.6249,3895.8500,407.0741,157.25
3080,5.79758547,1.0000,4097,6.3497,11.3318,3965.6750,293.4872,157.30
3081,5.79758547,1.0000,4097,2.7401,5.4096,4057.3250,141.0104,157.35
3082,5.79772895,1.0000,4097,4.3738,7.8351,4024.4000,191.4463,157.40
3083,5.79779798,1.0000,4097,5.6560,13.3368,3997.4750,298.4969,157.45
3084,5.79779798,1.0000,4097,3.5224,8.6467,4032.9500,226.2093,157.50
3085,5.79779798,1.0000,4097,4.7995,9.9126,4001.7500,260.0593,157.55
3086,5.79779798,1.0000,4097,7.9300,12.9632,3923.7500,326.0282,157.60
3087,5.79779798,1.0000,4097,2.9340,6.8860,4050.1250,183.5288,157.66
3088,5.79779798,1.0000,4097,5.4555,9.4531,3995.9000,245.4755,157.71
3089,5.79779798,1.0000,4097,4.0194,9.1803,4030.7000,225.2457,157.76
3090,5.79779798,1.0000,4097,9.6628,13.6907,3886.9250,346.3802,157.81
3091,5.79779798,1.0000,4097,8.1765,15.5484,3930.8750,344.9424,157.86
3092,5.79779798,1.0000,4097,4.3855,12.3858,4022.1500,278.3355,157.91
3093,5.79779798,1.0000,4097,6.7256,14.6695,3969.0500,335.0938,157.96
3094,5.79795591,1.0000,4097,4.4935,8.4501,4013.9750,221.9152,158.01
3095,5.79795591,1.0000,4097,6.7503,12.2210,3959.9750,312.6227,158.07
3096,5.79795591,1.0000,4097,4.5754,8.5978,4014.4250,226.1481,158.12
3097,5.79795591,1.0000,4097,7.0197,14.9799,3955.5500,344.3972,158.16
3098,5.79795591,1.0000,4097,4.8154,9.3485,4000.4750,248.7757,158.22
3099,5.79795591,1.0000,4097,6.8807,11.2043,3944.9750,292.1470,158.27
3100,5.79795591,1.0000,4097,5.3557,8.8134,3994.4750,236.0810,158.32
3101,5.79795591,1.0000,4097,5.7987,12.1487,3991.0250,280.2162,158.37
3102,5.79795591,1.0000,4097,7.8329,12.3662,3936.4250,316.9845,158.42
3103,5.79795591,1.0000,4097,5.1444,11.5623,4000.1750,277.1787,158.47
3104,5.79795591,1.0000,4097,8.4268,15.1104,3926.4500,339.5044,158.52
3105,5.79795591,1.0000,4097,5.5844,10.7777,3989.3000,272.5404,158.56
3106,5.79795591,1.0000,4097,4.6154,9.1568,4008.3500,240.3690,158.61
3107,5.79795591,1.0000,4097,4.0095,8.6163,4021.2500,231.0261,158.67
3108,5.79795591,1.0000,4097,5.9301,13.7114,3986.3000,304.5287,158.72
3109,5.79795591,1.0000,4097,4.1087,6.9328,4034.3000,175.5113,158.77
3110,5.79801354,1.0000,4097,4.6232,8.0292,4018.9250,208.6753,158.82
3111,5.79801354,1.0000,4097,6.7362,11.8122,3957.4250,301.4985,158.87
3112,5.79801354,1.0000,4097,3.1862,5.4864,4050.8750,141.0186,158.93
3113,5.79801354,1.0000,4097,6.0448,11.4422,3968.3000,295.7419,158.98
3114,5.79801354,1.0000,4097,3.9169,7.7864,4025.0750,206.1837,159.03
3115,5.79801354,1.0000,4097,4.8214,8.4851,4002.2750,226.3150,159.08
3116,5.79801354,1.0000,4097,5.9500,10.8046,3968.3750,277.5269,159.13
3117,5.79801354,1.0000,4097,5.9241,11.9999,3989.4500,285.8833,159.18
3118,5.79801354,1.0000,4097,7.1967,12.2702,3943.8500,314.1510,159.23
3119,5.79801354,1.0000,4097,6.9893,14.6907,3960.6500,336.8554,159.28
3120,5.79801354,1.0000,4097,4.4120,8.8066,4013.6750,233.3997,159.33
3121,5.79801354,1.0000,4097,3.6775,5.3350,4053.0500,131.9106,159.39
3122,5.79801354,1.0000,4097,5.3209,10.8103,3997.4000,250.8762,159.44
3123,5.79801354,1.0000,4097,5.0329,8.3357,4000.5500,230.0900,159.49
3124,5.79801548,1.0000,4097,4.5173,8.0995,4017.1250,210.4225,159.54
3125,5.79801548,1.0000,4097,8.9343,16.4622,3907.1000,369.6167,159.59
3126,5.79801548,1.0000,4097,2.9156,4.9183,4057.4750,123.4162,159.64
3127,5.79801548,1.0000,4097,2.6219,6.4778,4065.4250,162.0430,159.69
3128,5.79801548,1.0000,4097,5.7661,10.1304,3995.2250,256.3687,159.74
3129,5.79801548,1.0000,4097,6.4467,12.8134,3986.4500,292.0655,159.79
3130,5.79801548,1.0000,4097,4.8910,9.4450,4006.1750,248.3712,159.84
3131,5.79801548,1.0000,4097,7.3417,13.4410,3947.1500,313.0080,159.90
3132,5.79801548,1.0000,4097,3.7841,7.6016,4033.4000,203.1115,159.95
3133,5.79801548,1.0000,4097,5.9590,12.3117,3979.4750,297.2316,160.00
3134,5.79801548,1.0000,4097,4.0103,8.4809,4030.3250,218.6849,160.05
3135,5.79801548,1.0000,4097,5.7428,11.7513,3981.6500,299.9760,160.10
3136,5.79801548,1.0000,4097,5.6424,11.4953,3985.1000,290.3561,160.15
3137,5.80490076,1.0000,4097,5.6434,9.7835,3993.1250,246.9600,160.20
3138,5.80490076,1.0000,4097,8.8186,14.4446,3910.1000,363.8230,160.25
3139,5.80490076,1.0000,4097,6.5407,12.7150,3959.9000,317.1606,160.30
3140,5.80490076,1.0000,4097,6.0936,11.5292,3976.9250,297.2298,160.36
3141,5.80490076,1.0000,4097,9.8056,14.2377,3888.3500,361.6120,160.41
3142,5.80490076,1.0000,4097,5.4952,9.7802,3981.2750,260.8231,160.46
3143,5.80490076,1.0000,4097,8.1001,13.1150,3922.4000,335.9774,160.51
3144,5.80490076,1.0000,4097,4.7140,11.2088,4019.7500,265.4074,160.56
3145,5.80490076,1.0000,4097,6.9664,11.0786,3956.3000,295.2088,160.62
3146,5.80490076,1.0000,4097,7.2809,14.6511,3941.9750,354.8287,160.67
3147,5.80490076,1.0000,4097,9.8144,17.2867,3890.3000,388.2699,160.72
3148,5.80490076,1.0000,4097,5.1126,9.8565,3992.7500,262.5238,160.77
3149,5.80490076,1.0000,4097,7.0622,11.5871,3952.2500,296.7687,160.82
3150,5.80490076,1.0000,4097,4.7993,8.3365,4010.0000,215.1023,160.87
3151,5.80490076,1.0000,4097,5.5951,9.7772,3984.1250,257.6192,160.93
3152,5.80490076,1.0000,4097,2.5946,6.6848,4064.1500,166.9615,160.98
3153,5.80490076,1.0000,4097,8.9801,13.6415,3898.7000,354.9659,161.03
3154,5.80490076,1.0000,4097,4.7595,9.7374,4014.6500,248.1926,161.08
3155,5.80490076,1.0000,4097,6.5662,10.8526,3963.0500,281.7242,161.14
3156,5.80490076,1.0000,4097,7.5655,12.7371,3949.7000,307.2217,161.19
3157,5.80490076,1.0000,4097,6.6506,10.5749,3951.7250,277.3272,161.24
3158,5.80520413,1.0000,4097,5.1197,10.6589,4001.3000,269.2555,161.29
3159,5.80520413,1.0000,4097,3.4615,6.9188,4051.0250,171.7960,161.34
3160,5.80520413,1.0000,4097,5.8529,11.7216,3983.9000,291.3973,161.39
3161,5.80520413,1.0000,4097,4.7918,9.5031,4004.0750,252.1665,161.44
3162,5.80520413,1.0000,4097,7.1322,10.9118,3944.7500,284.2187,161.49
3163,5.80520413,1.0000,4097,3.4214,6.8190,4047.8750,171.5841,161.54
3164,5.80520413,1.0000,4097,4.5638,8.5053,4021.8500,220.5663,161.59
3165,5.80520413,1.0000,4097,4.9876,8.4893,4005.2000,218.1444,161.64
3166,5.80520413,1.0000,4097,10.4523,15.2255,3868.6250,384.0206,161.69
3167,5.80520413,1.0000,4097,4.9943,9.7482,4012.7000,250.6848,161.74
3168,5.80520413,1.0000,4097,13.2739,20.3714,3830.3000,439.7246,161.79
3169,5.80520413,1.0000,4097,3.9841,7.0230,4033.5500,177.2789,161.84
3170,5.80520413,1.0000,4097,4.6250,6.8512,4013.5250,174.6903,161.90
3171,5.80520413,1.0000,4097,4.6380,9.2237,4005.1250,245.1724,161.95
3172,5.80520413,1.0000,4097,3.9123,6.5711,4024.5500,174.1222,162.00
3173,5.80520413,1.0000,4097,6.3045,11.0176,3977.9750,280.2716,162.05
3174,5.80520413,1.0000,4097,8.5258,15.2278,3912.5000,377.3053,162.10
3175,5.80520413,1.0000,4097,6.8604,12.8734,3967.1000,309.8030,162.15
3176,5.80520413,1.0000,4097,3.2514,8.2822,4050.1250,194.9662,162.20
3177,5.80520413,1.0000,4097,5.3698,9.0105,3993.0500,241.9771,162.25
3178,5.80520413,1.0000,4097,5.4834,8.6740,3991.4750,228.5991,162.30
3179,5.80520413,1.0000,4097,4.5189,8.6673,4022.0750,223.4451,162.36
3180,5.80520413,1.0000,4097,6.3122,11.7169,3967.0250,298.4370,162.41
3181,5.80520413,1.0000,4097,6.6535,11.0315,3965.6750,277.0216,162.46
3182,5.80520413,1.0000,4097,7.8577,15.3016,3931.3250,364.8292,162.51
3183,5.80520413,1.0000,4097,5.7438,12.2696,3990.5000,291.0062,162.56
3184,5.80520413,1.0000,4097,5.9002,12.8289,3979.3250,306.4632,162.61
3185,5.80520413,1.0000,4097,6.9092,11.0449,3957.0500,286.1728,162.66
3186,5.80520413,1.0000,4097,4.7141,9.9444,4016.9750,228.3849,162.71
3187,5.80520413,1.0000,4097,3.5890,5.9683,4046.1500,151.3290,162.76
3188,5.80525177,1.0000,4097,6.3613,11.7599,3971.0000,293.8898,162.81
3189,5.80525177,1.0000,4097,4.6942,9.7495,4012.0250,246.5951,162.86
3190,5.80525177,1.0000,4097,6.2188,9.9361,3978.2000,264.9051,162.91
3191,5.80525177,1.0000,4097,9.1097,15.2410,3914.6000,370.0498,162.96
3192,5.80525177,1.0000,4097,4.4630,10.0643,4010.0000,263.7374,163.01
3193,5.80525177,1.0000,4097,5.1612,8.9706,4001.4500,230.6828,163.06
3194,5.80525177,1.0000,4097,3.8590,10.2028,4029.5750,245.0928,163.12
3195,5.80525177,1.0000,4097,4.1112,7.9788,4038.5000,198.9477,163.17
3196,5.80525177,1.0000,4097,9.0821,15.5487,3906.2750,380.0847,163.22
3197,5.80525177,1.0000,4097,3.3489,10.2660,4046.1500,232.1697,163.27
3198,5.80525177,1.0000,4097,3.8983,6.7687,4039.7750,182.2588,163.32
3199,5.80525177,1.0000,4097,4.7814,8.5197,4002.8750,226.1020,163.37
3200,5.80525177,1.0000,4097,6.6125,13.9939,3963.8000,340.1825,163.42
3201,5.80525177,1.0000,4097,4.5797,8.1156,4016.2250,217.1287,163.47
3202,5.80525177,1.0000,4097,6.8728,12.5951,3959.9750,312.0234,163.52
3203,5.80525177,1.0000,4097,5.9403,10.7630,3977.1500,267.0606,163.57
3204,5.80549228,1.0000,4097,7.1114,11.9371,3937.3250,313.1916,163.62
3205,5.80549228,1.0000,4097,6.6720,12.3784,3959.9000,302.3884,163.67
3206,5.80549228,1.0000,4097,5.0286,10.1839,4000.1750,256.9312,163.73
3207,5.80549228,1.0000,4097,4.4973,8.7986,4003.2500,235.1728,163.78
3208,5.80549228,1.0000,4097,4.0196,9.3808,4017.8000,245.8900,163.83
3209,5.80549228,1.0000,4097,5.3065,9.2064,3989.6750,245.4666,163.88
3210,5.80549228,1.0000,4097,7.4701,13.9591,3935.5250,351.7363,163.93
3211,5.80549228,1.0000,4097,5.2310,11.1016,3997.2500,276.7301,163.99
3212,5.80549228,1.0000,4097,1.9144,2.9651,4084.2500,61.1432,164.04
3213,5.80549228,1.0000,4097,4.2222,7.9448,4025.4500,205.9348,164.09
3214,5.80549228,1.0000,4097,7.1682,12.1588,3943.9250,309.8773,164.14
3215,5.80549228,1.0000,4097,4.9848,10.0252,4004.2250,258.7292,164.19
3216,5.80606019,1.0000,4097,3.8864,7.0258,4030.4000,186.2154,164.24
3217,5.80606019,1.0000,4097,2.2698,4.1151,4070.2250,101.1503,164.29
3218,5.80606019,1.0000,4097,5.4805,11.7171,3997.4750,283.2101,164.34
3219,5.80606019,1.0000,4097,3.7070,7.6540,4034.6750,202.4105,164.39
3220,5.80606019,1.0000,4097,4.6817,10.6437,4003.1750,270.3464,164.44
3221,5.80606019,1.0000,4097,6.2313,11.7190,3977.5250,295.5509,164.49
3222,5.80606019,1.0000,4097,3.7160,7.2830,4035.5750,192.2272,164.54
3223,5.80606019,1.0000,4097,7.9116,14.7750,3930.0500,357.9772,164.59
3224,5.80606019,1.0000,4097,7.2171,10.6950,3940.5500,285.8235,164.64
3225,5.80606019,1.0000,4097,5.6442,10.3269,3992.3000,268.5183,164.69
3226,5.80606019,1.0000,4097,6.6661,12.7420,3965.2250,301.6741,164.74
3227,5.80606019,1.0000,4097,3.5483,7.2749,4041.3500,180.2947,164.79
3228,5.80606019,1.0000,4097,6.0069,11.8843,3975.7250,296.8362,164.84
3229,5.80606019,1.0000,4097,3.3858,6.5479,4039.9250,176.1162,164.89
3230,5.80606019,1.0000,4097,5.6824,10.7578,3981.6500,278.7119,164.94
3231,5.80606019,1.0000,4097,4.2582,9.0515,4023.4250,233.5129,164.99
3232,5.80606019,1.0000,4097,6.3124,12.8909,3964.9250,321.3128,165.04
3233,5.80606019,1.0000,4097,5.1527,10.4183,3999.5000,263.2498,165.09
3234,5.80606019,1.0000,4097,6.5616,12.8610,3964.5500,306.7355,165.15
3235,5.80606019,1.0000,4097,4.3036,10.8950,4021.3250,268.0886,165.20
3236,5.80606019,1.0000,4097,6.2204,10.9368,3981.8750,277.6011,165.25
3237,5.80606019,1.0000,4097,4.2040,8.9237,4021.6250,227.8541,165.30
3238,5.80606019,1.0000,4097,8.4934,13.7304,3915.9500,350.4679,165.35
3239,5.80606019,1.0000,4097,2.1835,3.7454,4076.3000,81.6551,165.40
3240,5.80606019,1.0000,4097,6.9315,10.7400,3948.8000,290.1636,165.45
3241,5.80606019,1.0000,4097,3.6380,7.2470,4039.0250,184.4261,165.50
3242,5.80606019,1.0000,4097,4.6843,9.0545,4006.5500,240.5446,165.55
3243,5.80606019,1.0000,4097,7.2883,14.0483,3952.4750,336.8800,165.60
3244,5.80606019,1.0000,4097,5.1352,16.0769,4013.7500,306.0638,165.65
3245,5.80606019,1.0000,4097,6.4775,11.5177,3963.8750,296.9725,165.70
3246,5.80606915,1.0000,4097,4.7539,8.0702,4004.2250,212.2056,165.76
3247,5.80606915,1.0000,4097,4.5550,8.5642,4025.6000,218.3922,165.81
3248,5.80606915,1.0000,4097,4.9309,7.5084,4015.7000,198.3812,165.86
3249,5.80606915,1.0000,4097,5.3352,10.0964,4005.5000,261.1370,165.91
3250,5.80606915,1.0000,4097,6.3511,11.7997,3959.6000,298.8143,165.96
3251,5.80606915,1.0000,4097,6.2880,12.8807,3977.1500,308.6561,166.02
3252,5.80606915,1.0000,4097,2.5692,6.7532,4068.1250,167.3878,166.07
3253,5.80606915,1.0000,4097,6.9700,12.8274,3958.6250,314.6256,166.12
3254,5.80606915,1.0000,4097,1.4014,1.3254,4097.0000,0.0000,166.17
3255,5.80606915,1.0000,4097,6.2391,11.5265,3974.7500,289.8447,166.23
3256,5.80606915,1.0000,4097,3.6772,7.9085,4039.3250,202.0623,166.28
3257,5.80606915,1.0000,4097,6.4369,12.4715,3966.2750,302.4685,166.33
3258,5.80740994,1.0000,4097,5.6869,11.2046,3994.5500,263.5509,166.38
3259,5.80740994,1.0000,4097,4.9631,8.3211,4008.9500,213.7198,166.43
3260,5.80740994,1.0000,4097,5.3653,11.6784,4004.5250,276.7725,166.48
3261,5.80740994,1.0000,4097,4.8111,11.2610,4013.9000,270.2509,166.53
3262,5.80740994,1.0000,4097,6.4335,14.2782,3966.0500,331.4671,166.58
3263,5.80740994,1.0000,4097,4.8949,9.1156,4009.3250,235.9939,166.64
3264,5.80740994,1.0000,4097,2.8334,4.9972,4055.5250,117.8047,166.69
3265,5.80740994,1.0000,4097,8.3895,14.6657,3933.1250,348.4185,166.73
3266,5.80740994,1.0000,4097,5.7627,14.4917,4004.8250,299.9827,166.79
3267,5.80740994,1.0000,4097,6.2948,13.8495,3981.9500,330.9195,166.84
3268,5.80740994,1.0000,4097,3.6986,6.3462,4041.1250,158.3089,166.89
3269,5.80740994,1.0000,4097,9.2908,13.4943,3900.4250,351.4113,166.94
3270,5.80740994,1.0000,4097,4.0261,8.8814,4036.7000,221.0369,166.99
3271,5.80740994,1.0000,4097,8.3445,15.7180,3932.6750,362.7951,167.04
3272,5.80740994,1.0000,4097,4.3775,10.6618,4015.1750,263.6751,167.09
3273,5.80740994,1.0000,4097,5.0201,8.8504,4009.4750,224.3199,167.14
3274,5.80740994,1.0000,4097,4.4916,9.0185,4008.3500,240.1040,167.20
3275,5.80740994,1.0000,4097,9.7653,17.7893,3894.3500,410.2784,167.25
3276,5.80740994,1.0000,4097,5.7073,11.9829,3991.2500,278.7666,167.30
3277,5.80740994,1.0000,4097,8.6204,14.5245,3912.1250,361.4220,167.35
3278,5.80740994,1.0000,4097,7.8653,13.7496,3928.7750,343.1641,167.39
3279,5.80740994,1.0000,4097,5.9377,11.5595,3985.1000,273.7442,167.45
3280,5.80740994,1.0000,4097,5.0823,11.0374,3998.3000,268.7628,167.50
3281,5.80740994,1.0000,4097,3.5868,5.8617,4041.6500,151.6231,167.55
3282,5.80740994,1.0000,4097,10.5765,13.4844,3848.5250,356.0887,167.60
3283,5.80740994,1.0000,4097,8.5619,13.4922,3918.0500,338.7627,167.66
3284,5.80740994,1.0000,4097,4.7881,8.3367,4013.0750,215.1342,167.71
3285,5.80740994,1.0000,4097,4.7409,9.7543,4011.3500,243.3867,167.76
3286,5.80740994,1.0000,4097,6.8327,14.3455,3966.1250,334.7042,167.82
3287,5.80740994,1.0000,4097,6.0541,12.7556,3978.9500,306.4170,167.87
3288,5.80753273,1.0000,4097,2.9609,7.2730,4046.2250,191.0277,167.92
3289,5.80753273,1.0000,4097,5.1949,9.7920,4000.3250,250.5418,167.97
3290,5.80753273,1.0000,4097,5.8440,10.1100,3987.2000,261.0688,168.03
3291,5.80753273,1.0000,4097,3.7137,9.7997,4036.6250,233.6778,168.08
3292,5.80753273,1.0000,4097,4.2162,7.4796,4029.9500,202.9235,168.13
3293,5.80753273,1.0000,4097,4.5915,7.9674,4009.2500,210.1497,168.19
3294,5.80753273,1.0000,4097,5.1110,9.5690,4004.4500,225.1285,168.24
3295,5.80753273,1.0000,4097,6.6548,15.1578,3986.9000,322.3997,168.29
3296,5.80753273,1.0000,4097,2.8339,4.8229,4064.0750,118.3888,168.34
3297,5.80753273,1.0000,4097,3.6651,8.6307,4033.4000,221.2906,168.39
3298,5.80833317,1.0000,4097,4.1605,9.9068,4021.7000,247.3125,168.44
3299,5.80833317,1.0000,4097,7.7444,12.6865,3938.8250,323.3751,168.49
3300,5.80833317,1.0000,4097,3.8289,7.8595,4031.1500,201.7775,168.55
3301,5.80833317,1.0000,4097,6.4543,11.8548,3969.5750,301.4948,168.60
3302,5.80833317,1.0000,4097,4.6261,9.1902,4004.6750,238.5354,168.65
3303,5.80833317,1.0000,4097,6.4017,12.0294,3980.2250,298.8114,168.70
3304,5.80833317,1.0000,4097,5.6799,12.5758,3996.8750,294.0273,168.75
3305,5.80833317,1.0000,4097,4.5261,9.9566,4011.1250,248.0128,168.80
3306,5.80833317,1.0000,4097,5.0293,9.0892,4002.5000,235.9305,168.85
3307,5.80833317,1.0000,4097,2.7161,4.7094,4062.8000,114.0174,168.90
3308,5.80833317,1.0000,4097,5.8444,12.0823,3988.4750,291.0726,168.96
3309,5.80833317,1.0000,4097,4.8438,10.1101,4000.8500,262.3019,169.01
3310,5.80833317,1.0000,4097,5.5531,10.8193,3978.7250,287.0044,169.06
3311,5.80833317,1.0000,4097,5.2149,10.5417,3999.2750,263.5862,169.11
3312,5.80833317,1.0000,4097,2.1831,4.3004,4068.5750,113.6719,169.16
3313,5.80833317,1.0000,4097,7.2397,12.9028,3945.5000,334.2362,169.22
3314,5.80833317,1.0000,4097,2.9698,6.0779,4048.5500,156.6068,169.27
3315,5.80833317,1.0000,4097,5.6563,10.4468,3988.4750,264.5312,169.32
3316,5.80833317,1.0000,4097,7.5288,13.2001,3937.9250,311.3246,169.37
3317,5.80833317,1.0000,4097,4.7743,9.7810,4000.8500,252.5903,169.42
3318,5.80833317,1.0000,4097,5.1910,10.4991,3999.6500,273.3615,169.47
3319,5.80833317,1.0000,4097,5.5614,10.9046,3991.4750,283.1314,169.52
3320,5.80833317,1.0000,4097,4.8534,7.9644,4007.2250,205.7149,169.58
3321,5.80833317,1.0000,4097,6.4376,10.5869,3964.6250,276.0425,169.63
3322,5.80833317,1.0000,4097,3.8476,7.9623,4039.4000,201.4966,169.68
3323,5.80833317,1.0000,4097,3.3772,6.0521,4041.2750,159.0211,169.73
3324,5.80833317,1.0000,4097,8.4362,15.0773,3917.6750,357.6394,169.78
3325,5.80833317,1.0000,4097,4.6789,8.2713,4007.4500,215.8568,169.83
3326,5.80833317,1.0000,4097,3.8914,8.1928,4031.2250,209.7764,169.89
3327,5.80833317,1.0000,4097,3.8176,8.9799,4028.3750,231.4303,169.94
3328,5.80833317,1.0000,4097,5.3512,12.3173,3990.7250,301.2633,169.99
3329,5.80833317,1.0000,4097,4.7928,10.2437,3999.4250,267.2493,170.04
3330,5.80833317,1.0000,4097,6.9245,13.1212,3951.5750,327.0413,170.09
3331,5.80833317,1.0000,4097,4.8875,10.6581,4001.4500,269.1441,170.14
3332,5.80833317,1.0000,4097,5.5458,11.3815,4000.1000,270.1693,170.19
3333,5.80837039,1.0000,4097,5.3148,13.1764,4001.6750,292.7126,170.24
3334,5.80837039,1.0000,4097,2.6054,5.2114,4060.7000,138.3042,170.29
3335,5.80838955,1.0000,4097,5.3829,11.7990,3988.2500,289.9417,170.34
3336,5.80886487,1.0000,4097,6.5625,12.1543,3985.3250,292.3557,170.39
3337,5.80886487,1.0000,4097,5.9242,12.0135,3990.4250,289.2854,170.45
3338,5.80886487,1.0000,4097,6.3171,13.4056,3970.1000,321.3973,170.50
3339,5.80886487,1.0000,4097,4.5321,8.4624,4018.6250,213.8983,170.55
3340,5.80886487,1.0000,4097,4.7662,10.7198,4002.8750,277.2929,170.60
3341,5.80886487,1.0000,4097,3.6175,7.1195,4034.3000,189.9995,170.65
3342,5.80886487,1.0000,4097,8.4321,13.6496,3915.9500,331.4501,170.70
3343,5.80886487,1.0000,4097,2.7834,4.7085,4062.5000,119.3023,170.75
3344,5.80886487,1.0000,4097,6.2980,12.5903,3979.4750,299.6405,170.80
3345,5.81100125,1.0000,4097,4.6279,10.7700,4009.3250,262.6033,170.85
3346,5.81100125,1.0000,4097,6.6723,13.3683,3969.4250,311.1124,170.90
3347,5.81100125,1.0000,4097,5.4165,10.4924,3989.0000,274.7057,170.95
3348,5.81100125,1.0000,4097,6.5569,14.4530,3971.2250,332.7725,171.00
3349,5.81100125,1.0000,4097,4.7801,9.5261,4005.7250,248.7983,171.05
3350,5.81100125,1.0000,4097,4.6055,9.4101,4010.0000,245.6284,171.10
3351,5.81100125,1.0000,4097,6.1611,11.3393,3966.5750,293.0955,171.15
3352,5.81100125,1.0000,4097,7.0669,11.4086,3950.7500,301.5782,171.20
3353,5.81100125,1.0000,4097,5.9562,13.2664,3990.7250,300.5799,171.25
3354,5.81100125,1.0000,4097,2.9451,8.5895,4048.4750,213.3398,171.30
3355,5.81100125,1.0000,4097,8.2065,14.9953,3934.5500,355.8982,171.35
3356,5.81112350,1.0000,4097,7.4941,13.7472,3941.1500,336.5540,171.40
3357,5.81112350,1.0000,4097,5.0657,9.9016,3991.1000,261.2983,171.46
3358,5.81112350,1.0000,4097,7.2142,13.2742,3943.3250,335.8952,171.50
3359,5.81112350,1.0000,4097,4.8988,8.1508,4006.7750,214.5371,171.55
3360,5.81112350,1.0000,4097,3.9719,6.7747,4031.5250,175.2895,171.61
3361,5.81112350,1.0000,4097,5.6859,9.5347,3993.1250,237.8252,171.66
3362,5.81112350,1.0000,4097,5.0779,11.8446,4013.0000,274.8670,171.72
3363,5.81112350,1.0000,4097,5.8650,11.9065,3970.4000,307.6260,171.77
3364,5.81112350,1.0000,4097,5.1391,9.1891,4005.0500,239.3894,171.82
3365,5.81112350,1.0000,4097,6.7612,12.6018,3951.3500,323.7985,171.87
3366,5.81112350,1.0000,4097,7.2305,11.7630,3954.5750,287.0939,171.92
3367,5.81112350,1.0000,4097,3.1810,7.1503,4053.2000,176.2443,171.97
3368,5.81112350,1.0000,4097,2.8352,4.7697,4061.1500,116.9037,172.02
3369,5.81112350,1.0000,4097,5.4026,13.3732,3995.3000,303.8452,172.08
3370,5.81137183,1.0000,4097,10.2340,15.7768,3879.7250,400.2341,172.13
3371,5.81137183,1.0000,4097,6.1969,11.3762,3973.5500,279.4356,172.18
3372,5.81137183,1.0000,4097,5.0454,9.2793,3990.2750,245.5394,172.24
3373,5.81137183,1.0000,4097,6.2928,13.0390,3973.1750,305.0330,172.29
3374,5.81137183,1.0000,4097,2.4872,5.7008,4069.2500,143.1062,172.34
3375,5.81137183,1.0000,4097,4.8598,9.4076,4018.4750,232.8181,172.39
3376,5.81137183,1.0000,4097,4.4230,8.9751,4011.2750,236.9762,172.45
3377,5.81137183,1.0000,4097,4.2611,8.9196,4028.6750,225.2773,172.50
3378,5.81137183,1.0000,4097,2.2807,3.9715,4070.1500,88.1407,172.55
3379,5.81144922,1.0000,4097,8.0719,13.9703,3935.8250,341.6340,172.60
3380,5.81144922,1.0000,4097,3.9522,7.5795,4029.8000,196.1881,172.65
3381,5.81168667,1.0000,4097,5.6833,10.0871,3977.5250,261.4641,172.70
3382,5.81168667,1.0000,4097,3.7414,10.0927,4037.9000,237.6799,172.75
3383,5.81168667,1.0000,4097,5.9678,13.0251,3982.7750,314.4040,172.80
3384,5.81168667,1.0000,4097,4.5694,9.4093,4017.2000,236.3829,172.85
3385,5.81168667,1.0000,4097,8.1901,17.9947,3946.8500,370.8805,172.90
3386,5.81168667,1.0000,4097,3.6816,8.0485,4031.1500,211.2754,172.95
3387,5.81168667,1.0000,4097,3.4613,9.6040,4047.6500,211.0697,173.00
3388,5.81168667,1.0000,4097,5.6907,11.5225,3983.9750,292.3918,173.05
3389,5.81168667,1.0000,4097,6.5600,10.7424,3958.7000,280.2013,173.10
3390,5.81168667,1.0000,4097,4.6002,7.7503,4006.3250,209.8387,173.15
3391,5.81168667,1.0000,4097,3.6161,8.1121,4030.3250,212.1400,173.20
3392,5.81168667,1.0000,4097,5.0046,8.8698,3994.4000,239.5845,173.26
3393,5.81275536,1.0000,4097,4.2136,7.9973,4024.7000,207.2887,173.31
3394,5.81275536,1.0000,4097,5.1314,9.5744,3989.9750,249.5942,173.36
3395,5.81275536,1.0000,4097,4.6066,10.2156,4016.6750,252.1076,173.41
3396,5.81275536,1.0000,4097,4.0773,6.3219,4031.3000,160.8904,173.46
3397,5.81275536,1.0000,4097,6.5447,15.4562,3985.1000,323.3154,173.52
3398,5.81275536,1.0000,4097,5.3220,9.7221,3986.5250,254.6449,173.57
3399,5.81275536,1.0000,4097,3.8378,9.1461,4024.4750,236.5428,173.62
3400,5.81275536,1.0000,4097,6.1759,12.2001,3982.9250,295.9858,173.67
3401,5.81275536,1.0000,4097,4.0298,9.1649,4029.5750,223.7696,173.72
3402,5.81275536,1.0000,4097,4.5173,10.4631,4010.8250,266.8736,173.77
3403,5.81275536,1.0000,4097,3.3342,6.1394,4047.7250,150.7524,173.82
3404,5.81275536,1.0000,4097,4.5363,10.2762,4023.5750,236.5867,173.87
3405,5.81275536,1.0000,4097,3.8386,7.0166,4022.7500,187.7012,173.92
3406,5.81275536,1.0000,4097,5.9527,13.3554,3998.3750,273.9291,173.97
3407,5.81275536,1.0000,4097,7.0847,12.9519,3963.0500,322.8713,174.02
3408,5.81275536,1.0000,4097,3.7731,7.6879,4030.5500,198.7775,174.07
3409,5.81275536,1.0000,4097,7.0671,13.2384,3949.5500,331.8057,174.12
3410,5.81275536,1.0000,4097,4.1356,7.8337,4028.9000,200.4757,174.17
3411,5.81275536,1.0000,4097,4.4086,8.5491,4012.3250,228.2687,174.22
3412,5.81275536,1.0000,4097,5.2075,10.5224,3994.8500,256.0786,174.27
3413,5.81275536,1.0000,4097,5.9456,12.9592,3982.8500,301.0167,174.32
3414,5.81275536,1.0000,4097,8.2926,14.0936,3924.4250,348.3018,174.37
3415,5.81275536,1.0000,4097,3.8520,8.4839,4026.0500,218.6777,174.42
3416,5.81275536,1.0000,4097,7.2141,12.1085,3942.1250,307.5246,174.47
3417,5.81275536,1.0000,4097,5.6187,10.5951,3973.3250,282.1041,174.53
3418,5.81275536,1.0000,4097,3.9665,8.0305,4023.9500,200.2065,174.58
3419,5.81321985,1.0000,4097,7.2848,12.5207,3950.5250,321.8518,174.63
3420,5.81321985,1.0000,4097,5.6799,11.6377,3996.1250,273.4494,174.68
3421,5.81321985,1.0000,4097,3.8951,8.2890,4031.0000,215.7008,174.73
3422,5.81321985,1.0000,4097,4.8240,9.1169,4014.8750,235.4577,174.78
3423,5.81341471,1.0000,4097,7.1725,12.4712,3950.3750,304.6405,174.83
3424,5.81341471,1.0000,4097,5.3385,9.2560,3985.1750,248.5288,174.88
3425,5.81341471,1.0000,4097,6.6825,13.1642,3966.0500,309.7800,174.94
3426,5.81345244,1.0000,4097,8.6422,14.2169,3901.6250,371.4856,174.99
3427,5.81345244,1.0000,4097,2.1799,4.9741,4073.6000,125.4994,175.04
3428,5.81345244,1.0000,4097,4.6608,9.4237,4016.5250,243.5049,175.09
3429,5.81345244,1.0000,4097,9.1044,15.1220,3907.1000,366.8089,175.14
3430,5.81345244,1.0000,4097,4.1254,8.7965,4022.4500,227.8495,175.19
3431,5.81345244,1.0000,4097,8.3264,15.6287,3935.6000,359.0758,175.24
3432,5.81786801,1.0000,4097,6.0749,9.2094,3977.3750,245.6661,175.29
3433,5.81786801,1.0000,4097,3.8736,7.6591,4025.6750,203.4704,175.34
3434,5.81786801,1.0000,4097,6.1377,11.7423,3987.8000,286.8828,175.39
3435,5.81786801,1.0000,4097,6.2386,11.4069,3977.6000,283.7556,175.44
3436,5.81853445,1.0000,4097,6.2858,11.5404,3962.0000,306.0728,175.49
3437,5.81853445,1.0000,4097,4.7414,9.1491,4007.8250,225.6869,175.54
3438,5.81853445,1.0000,4097,5.7234,10.6880,3983.3000,283.5895,175.60
3439,5.81853445,1.0000,4097,9.3620,15.3849,3903.2000,364.3381,175.65
3440,5.81853445,1.0000,4097,4.9857,9.6154,4000.3250,250.5579,175.70
3441,5.82015439,1.0000,4097,6.1541,11.4109,3965.1500,295.3895,175.75
3442,5.82015439,1.0000,4097,4.7675,8.4142,4003.5500,216.3295,175.80
3443,5.82015439,1.0000,4097,3.6081,7.4640,4040.9000,190.6100,175.85
3444,5.82015439,1.0000,4097,6.3471,12.1992,3970.1000,293.0251,175.90
3445,5.82015439,1.0000,4097,2.9631,5.7915,4048.7750,156.1490,175.95
3446,5.82015439,1.0000,4097,4.2106,9.3350,4023.2750,231.4125,176.00
3447,5.82015439,1.0000,4097,5.5582,9.9009,3984.6500,264.9273,176.05
3448,5.82015439,1.0000,4097,3.4921,9.5921,4040.3000,221.2333,176.10
3449,5.82015439,1.0000,4097,7.2879,14.0818,3948.0500,334.9192,176.15
3450,5.82015439,1.0000,4097,7.2610,11.5673,3945.9500,299.3164,176.20
3451,5.82015439,1.0000,4097,4.9587,9.5408,4005.2000,252.8413,176.25
3452,5.82015439,1.0000,4097,1.7661,2.7023,4087.6250,58.5469,176.30
3453,5.82080696,1.0000,4097,5.7474,12.5929,3986.0000,291.3215,176.35
3454,5.82080696,1.0000,4097,5.3706,9.8408,3989.6750,255.9665,176.40
3455,5.82080696,1.0000,4097,5.8650,9.5936,3985.3250,249.7736,176.46
3456,5.82080696,1.0000,4097,4.8599,11.7628,4019.7500,266.4988,176.51
3457,5.82080696,1.0000,4097,3.6417,8.1979,4029.4250,216.4953,176.56
3458,5.82080696,1.0000,4097,5.6812,11.5954,3989.8250,284.5409,176.61
3459,5.82105987,1.0000,4097,5.9437,10.0130,3977.9750,258.2226,176.66
3460,5.82105987,1.0000,4097,8.9386,11.9863,3905.6000,324.3458,176.71
3461,5.82105987,1.0000,4097,6.9821,12.0157,3959.9750,289.7807,176.76
3462,5.82105987,1.0000,4097,2.9106,8.9507,4065.2000,195.7288,176.82
3463,5.82105987,1.0000,4097,6.8508,16.7378,3967.6250,343.6298,176.87
3464,5.82105987,1.0000,4097,6.1664,12.4299,3972.5750,301.3066,176.92
3465,5.82105987,1.0000,4097,4.9684,10.7467,4004.9750,274.2084,176.97
3466,5.82105987,1.0000,4097,7.1296,15.9433,3968.0750,350.3825,177.02
3467,5.82105987,1.0000,4097,6.3174,13.9758,3966.9500,332.9767,177.07
3468,5.82105987,1.0000,4097,3.6159,6.5415,4036.2500,170.1158,177.12
3469,5.82105987,1.0000,4097,4.9766,12.1442,4017.4250,273.5097,177.17
3470,5.82105987,1.0000,4097,4.6223,10.2541,4010.0750,254.1652,177.22
3471,5.82105987,1.0000,4097,7.2818,10.6584,3949.3250,277.5750,177.27
3472,5.82121255,1.0000,4097,4.4647,11.4507,4021.1750,267.5943,177.32
3473,5.82154761,1.0000,4097,5.2016,9.5319,3993.5000,255.9204,177.37
3474,5.82154761,1.0000,4097,6.9129,12.2041,3959.4500,313.5700,177.42
3475,5.82154761,1.0000,4097,6.1432,12.0051,3985.1750,293.0072,177.47
3476,5.82154761,1.0000,4097,5.2284,10.6593,3999.9500,264.3650,177.53
3477,5.82154761,1.0000,4097,4.3277,7.1021,4015.4000,188.7536,177.58
3478,5.82154761,1.0000,4097,2.1020,3.3588,4079.4500,76.6867,177.63
3479,5.82154761,1.0000,4097,4.5953,9.1568,4014.2000,222.2834,177.68
3480,5.82154761,1.0000,4097,4.8451,12.0170,4018.1000,280.6413,177.74
3481,5.82154761,1.0000,4097,3.5705,7.3542,4034.7500,195.2787,177.79
3482,5.82154761,1.0000,4097,7.0905,11.9410,3946.9250,307.2998,177.83
3483,5.82154761,1.0000,4097,4.7732,9.8154,4020.5750,232.6673,177.88
3484,5.82154761,1.0000,4097,2.5826,4.3610,4063.7000,102.8125,177.93
3485,5.82154761,1.0000,4097,2.8800,4.4201,4066.1750,96.5934,177.99
3486,5.82154761,1.0000,4097,10.3577,16.3928,3877.0250,384.4026,178.04
3487,5.82154761,1.0000,4097,3.2434,6.9718,4052.6750,170.8545,178.09
3488,5.82154761,1.0000,4097,7.5612,14.0489,3949.9250,341.0437,178.14
3489,5.82154761,1.0000,4097,5.2914,11.7276,3998.5250,271.8718,178.19
3490,5.82154761,1.0000,4097,7.1218,15.0402,3956.5250,352.0797,178.24
3491,5.82154761,1.0000,4097,2.4778,3.8058,4072.9250,83.9986,178.29
3492,5.82154761,1.0000,4097,2.4601,4.6795,4067.6000,112.9535,178.34
3493,5.82154761,1.0000,4097,10.3948,19.7014,3889.3250,409.8490,178.39
3494,5.82154761,1.0000,4097,3.8273,6.5224,4027.6250,171.0371,178.44
3495,5.82154761,1.0000,4097,6.7212,12.9770,3970.9250,294.6074,178.49
3496,5.82154761,1.0000,4097,7.2709,13.8224,3943.5500,345.1132,178.54
3497,5.82154761,1.0000,4097,9.8250,16.9512,3889.1000,391.6518,178.59
3498,5.82154761,1.0000,4097,6.7999,10.2473,3956.5250,277.2752,178.65
3499,5.82154761,1.0000,4097,5.1489,8.8087,4001.0000,229.5961,178.70
3500,5.82154761,1.0000,4097,6.9258,13.3962,3961.2500,319.7314,178.76
3501,5.82154761,1.0000,4097,4.0662,6.4959,4044.5000,167.0343,178.81
3502,5.82264224,1.0000,4097,4.6409,11.6240,4016.2250,271.9384,178.86
3503,5.82264224,1.0000,4097,5.6089,10.1295,3988.0250,250.8289,178.91
3504,5.82264224,1.0000,4097,8.1101,14.2857,3926.7500,343.6498,178.96
3505,5.82264224,1.0000,4097,2.8932,7.1760,4060.8500,174.3010,179.01
3506,5.82264224,1.0000,4097,8.5379,13.7204,3913.5500,352.8487,179.06
3507,5.82264224,1.0000,4097,5.0594,11.3592,4007.4500,278.6688,179.11
3508,5.82264224,1.0000,4097,3.9162,7.5038,4021.4000,205.7322,179.16
3509,5.82264224,1.0000,4097,6.1404,10.5066,3978.9500,275.4080,179.21
3510,5.82264224,1.0000,4097,6.8142,13.2840,3970.3250,312.5443,179.27
3511,5.82264224,1.0000,4097,6.6704,12.4348,3961.9250,310.6873,179.32
3512,5.82264224,1.0000,4097,7.3550,14.5404,3941.9750,341.3002,179.37
3513,5.82264224,1.0000,4097,4.1026,9.3822,4028.3750,227.6051,179.42
3514,5.82264224,1.0000,4097,6.3732,12.9944,3963.0500,328.3867,179.47
3515,5.82264224,1.0000,4097,5.3762,13.6937,4003.6250,298.2950,179.52
3516,5.82264224,1.0000,4097,6.4322,14.6042,3978.2750,326.5096,179.57
3517,5.82264224,1.0000,4097,5.5166,10.5867,3990.2750,273.6987,179.62
3518,5.82264224,1.0000,4097,5.3842,10.0511,3989.3750,266.3589,179.67
3519,5.82264224,1.0000,4097,4.0681,10.1997,4028.3750,240.6780,179.72
3520,5.82284592,1.0000,4097,6.4394,14.2146,3977.7500,308.7113,179.77
3521,5.82284592,1.0000,4097,7.7818,12.6961,3938.2250,311.3657,179.82
3522,5.82284592,1.0000,4097,7.8941,12.1467,3921.0500,317.8581,179.87
3523,5.82284592,1.0000,4097,3.4934,9.1935,4039.8500,212.9714,179.92
3524,5.82284592,1.0000,4097,5.5381,9.4828,3984.4250,259.7522,179.97
3525,5.82284592,1.0000,4097,8.7051,16.1390,3913.9250,367.1254,180.02
3526,5.82284592,1.0000,4097,4.7862,9.0554,4001.9000,238.5747,180.07
3527,5.82284592,1.0000,4097,5.9068,10.7088,3975.8750,280.4524,180.12
3528,5.82284592,1.0000,4097,5.0339,8.4397,4002.1250,222.7929,180.17
3529,5.82284592,1.0000,4097,4.3569,8.5836,4011.2000,225.2247,180.22
3530,5.82284592,1.0000,4097,7.2507,13.1376,3950.5250,327.9124,180.27
3531,5.82284592,1.0000,4097,3.7994,6.2578,4036.7750,157.0241,180.32
3532,5.82284592,1.0000,4097,9.1648,13.8316,3900.1250,349.6350,180.37
3533,5.82284592,1.0000,4097,5.5164,12.7631,3990.2000,296.9112,180.42
3534,5.82284592,1.0000,4097,6.5931,12.1190,3965.4500,301.3795,180.47
3535,5.82284592,1.0000,4097,3.3111,9.0418,4052.3750,206.4942,180.52
3536,5.82284592,1.0000,4097,6.1246,11.6808,3971.3000,306.1998,180.57
3537,5.82284592,1.0000,4097,6.8652,10.8029,3942.9500,286.6111,180.62
3538,5.82284592,1.0000,4097,5.6348,10.6011,3987.2750,274.1382,180.68
3539,5.82284592,1.0000,4097,3.7815,8.0638,4036.6250,208.6286,180.73
3540,5.82284592,1.0000,4097,8.4626,13.6805,3908.7500,353.0305,180.78
3541,5.82284592,1.0000,4097,3.1326,6.3499,4050.1250,166.2589,180.83
3542,5.82284592,1.0000,4097,9.0301,14.2523,3908.1500,342.3826,180.88
3543,5.82284592,1.0000,4097,6.1174,10.0691,3975.6500,259.9755,180.93
3544,5.82284592,1.0000,4097,6.3613,9.9694,3967.1000,262.4033,180.98
3545,5.82284592,1.0000,4097,2.3188,5.6601,4066.4000,147.8245,181.03
3546,5.82288264,1.0000,4097,5.0441,12.1745,4006.9250,273.5101,181.08
3547,5.82344327,1.0000,4097,6.6668,12.9545,3960.4250,316.4922,181.14
3548,5.82344327,1.0000,4097,5.7996,14.2174,3993.7250,320.7706,181.19
3549,5.82356731,1.0000,4097,2.2442,5.2149,4066.7000,137.1312,181.24
3550,5.82356731,1.0000,4097,3.4505,8.1684,4034.8250,210.7113,181.29
3551,5.82356731,1.0000,4097,2.9321,5.4243,4052.0000,140.4035,181.34
3552,5.82356731,1.0000,4097,3.9260,8.5059,4038.2750,199.9010,181.39
3553,5.82357958,1.0000,4097,2.7043,5.4320,4058.4500,142.0407,181.44
3554,5.82357958,1.0000,4097,4.6158,9.6068,4013.1500,235.1347,181.49
3555,5.82357958,1.0000,4097,4.6997,8.5885,4005.1250,227.1326,181.54
3556,5.82357958,1.0000,4097,7.8267,15.9072,3938.5250,374.9921,181.60
3557,5.82357958,1.0000,4097,4.4429,8.6555,4022.3750,223.5656,181.65
3558,5.82357958,1.0000,4097,5.3291,9.8198,3994.4000,258.8751,181.70
3559,5.82362030,1.0000,4097,5.1310,9.5391,3994.1000,248.8745,181.75
3560,5.82362030,1.0000,4097,6.3851,11.5805,3968.9750,300.4739,181.80
3561,5.82362030,1.0000,4097,2.0420,4.3045,4070.6750,114.8583,181.85
3562,5.82362030,1.0000,4097,5.2445,7.6111,4009.1000,196.1082,181.90
3563,5.82362030,1.0000,4097,5.4598,11.6882,3995.3000,276.4185,181.95
3564,5.82362030,1.0000,4097,6.9273,11.1520,3966.8750,289.3925,182.00
3565,5.82362030,1.0000,4097,6.1787,13.0768,3981.5750,312.6081,182.05
3566,5.82362030,1.0000,4097,6.5985,12.3777,3973.4750,298.2820,182.10
3567,5.82362030,1.0000,4097,5.1283,8.1858,3995.8250,217.8380,182.16
3568,5.82362030,1.0000,4097,3.7958,7.7303,4029.2000,206.8280,182.21
3569,5.82362030,1.0000,4097,4.1595,8.9118,4020.8000,227.4000,182.26
3570,5.82362030,1.0000,4097,3.7293,7.0747,4044.0500,175.3904,182.31
3571,5.82362030,1.0000,4097,5.6805,10.5041,3975.4250,277.2583,182.36
3572,5.82381995,1.0000,4097,5.8141,10.7615,3986.7500,282.3961,182.41
3573,5.82381995,1.0000,4097,5.0153,10.8178,4000.4000,262.2918,182.46
3574,5.82381995,1.0000,4097,3.1252,6.0584,4052.4500,150.3948,182.51
3575,5.82381995,1.0000,4097,5.2880,10.6587,3989.6000,274.6870,182.56
3576,5.82381995,1.0000,4097,7.0100,11.5391,3944.0000,304.1562,182.61
3577,5.82381995,1.0000,4097,3.1235,5.3826,4055.2250,136.5633,182.66
3578,5.82381995,1.0000,4097,3.9102,7.5032,4032.3500,197.9443,182.71
3579,5.82547730,1.0000,4097,5.8088,11.7561,3979.8500,295.3255,182.76
3580,5.82547730,1.0000,4097,5.6368,10.3944,3987.0500,271.1654,182.81
3581,5.82547730,1.0000,4097,2.3684,4.3866,4067.9000,106.5511,182.86
3582,5.82547730,1.0000,4097,5.5761,10.5380,3990.1250,257.9404,182.91
3583,5.82547730,1.0000,4097,6.2864,12.3176,3968.0750,309.5743,182.97
3584,5.82547730,1.0000,4097,8.7833,13.6437,3900.8750,358.9903,183.02
3585,5.82547730,1.0000,4097,8.0818,11.4851,3934.7000,309.4684,183.07
3586,5.82547730,1.0000,4097,4.6096,9.1231,4018.4000,223.1012,183.12
3587,5.82547730,1.0000,4097,8.3834,12.3320,3908.1500,324.3539,183.17
3588,5.82547730,1.0000,4097,6.0449,10.0628,3974.7500,267.9453,183.22
3589,5.82547730,1.0000,4097,2.9812,4.8910,4056.7250,115.1036,183.27
3590,5.82547730,1.0000,4097,4.8324,8.1190,4010.9750,207.7187,183.32
3591,5.82547730,1.0000,4097,6.6138,12.8986,3952.9250,330.2798,183.36
3592,5.82547730,1.0000,4097,3.7467,6.0765,4035.5750,158.7904,183.41
3593,5.82547730,1.0000,4097,4.3901,7.7745,4014.3500,204.3911,183.46
3594,5.82547730,1.0000,4097,8.8297,14.5396,3905.2250,367.2289,183.51
3595,5.82547730,1.0000,4097,4.6891,10.4475,4013.0750,254.8548,183.56
3596,5.82547730,1.0000,4097,6.3642,13.9709,3970.8500,323.4926,183.61
3597,5.82547730,1.0000,4097,4.1238,6.7248,4035.6500,180.6126,183.66
3598,5.82547730,1.0000,4097,6.1984,10.5273,3967.6250,281.5306,183.71
3599,5.82547730,1.0000,4097,3.3453,7.0605,4037.0750,191.1561,183.76
3600,5.82547730,1.0000,4097,7.7860,12.8040,3926.6750,323.5382,183.81
3601,5.82547730,1.0000,4097,2.6123,5.8646,4071.2750,144.9343,183.86
3602,5.82547730,1.0000,4097,4.5403,10.8467,4023.1250,237.8923,183.91
3603,5.82547730,1.0000,4097,6.7670,11.1366,3965.8250,272.6602,183.96
3604,5.82547730,1.0000,4097,4.4329,7.7980,4017.3500,204.8453,184.02
3605,5.82547730,1.0000,4097,7.2255,12.8279,3955.0250,315.0774,184.07
3606,5.82547730,1.0000,4097,4.0594,9.9757,4023.5000,241.0290,184.12
3607,5.82547730,1.0000,4097,4.7481,7.5221,4012.2500,192.8906,184.17
3608,5.82547730,1.0000,4097,4.2454,7.9664,4016.4500,210.4597,184.22
3609,5.82547730,1.0000,4097,5.9351,10.4369,3980.8250,262.5763,184.27
3610,5.82547730,1.0000,4097,4.0634,7.6983,4025.3750,195.3599,184.32
3611,5.82547730,1.0000,4097,3.2444,5.4590,4053.2750,136.3184,184.37
3612,5.82547730,1.0000,4097,6.9204,12.2848,3961.5500,298.1142,184.42
3613,5.82567151,1.0000,4097,5.8882,10.7048,3970.9250,283.3750,184.47
3614,5.82567151,1.0000,4097,6.4773,14.3565,3970.6250,341.2038,184.52
3615,5.82569730,1.0000,4097,2.0537,3.2237,4082.0000,65.6616,184.58
3616,5.82569730,1.0000,4097,5.9614,10.1743,3983.0750,265.0263,184.63
3617,5.82569730,1.0000,4097,7.1011,13.0923,3943.4000,328.7548,184.68
3618,5.82569730,1.0000,4097,5.9933,9.9816,3975.8000,256.9179,184.73
3619,5.82569730,1.0000,4097,5.5346,11.6378,3993.8750,286.3811,184.78
3620,5.82569730,1.0000,4097,3.3281,5.8055,4049.3750,158.4545,184.83
3621,5.82585283,1.0000,4097,5.5424,11.7320,4002.9500,278.4588,184.89
3622,5.82585283,1.0000,4097,6.0209,10.5349,3971.0000,272.6388,184.94
3623,5.82585283,1.0000,4097,5.3840,10.0767,3992.1500,251.9544,184.99
3624,5.82585283,1.0000,4097,7.8752,11.6080,3925.9250,303.5761,185.04
3625,5.82585283,1.0000,4097,3.3681,5.3199,4047.0500,124.2857,185.09
3626,5.82585283,1.0000,4097,6.2391,10.3807,3966.3500,277.6232,185.14
3627,5.82585283,1.0000,4097,5.5262,11.5503,3992.4500,287.8426,185.19
3628,5.82585283,1.0000,4097,6.0819,10.3210,3966.3500,274.5459,185.24
3629,5.82627605,1.0000,4097,5.7076,12.6773,3992.6000,298.7895,185.29
3630,5.82627605,1.0000,4097,5.8879,11.7589,3977.3750,291.8247,185.34
3631,5.82627605,1.0000,4097,4.6836,10.7144,4014.5000,245.6247,185.39
3632,5.82627605,1.0000,4097,2.9327,4.5335,4062.3500,98.5443,185.44
3633,5.82627605,1.0000,4097,5.3095,12.8479,4000.0250,287.6822,185.49
3634,5.82627605,1.0000,4097,6.4381,11.6803,3958.2500,301.6475,185.53
3635,5.82627605,1.0000,4097,7.9473,15.3939,3927.0500,367.7378,185.58
3636,5.82627605,1.0000,4097,4.5032,7.1111,4030.7000,183.2700,185.63
3637,5.82627605,1.0000,4097,3.9292,9.8844,4025.0750,254.5810,185.68
3638,5.82627605,1.0000,4097,6.8732,11.0704,3958.5500,292.8748,185.73
3639,5.82627605,1.0000,4097,2.9734,5.7808,4047.5000,157.3442,185.78
3640,5.82627605,1.0000,4097,9.2595,16.4654,3898.4000,373.6820,185.83
3641,5.82627605,1.0000,4097,7.2164,15.9344,3968.5250,336.2690,185.88
3642,5.82627605,1.0000,4097,6.8728,10.5837,3947.8250,278.5924,185.93
3643,5.82627605,1.0000,4097,6.2360,10.9855,3966.0500,291.9815,185.98
3644,5.82627605,1.0000,4097,5.3234,13.9819,4007.6000,295.9711,186.03
3645,5.82627605,1.0000,4097,6.0850,12.5853,3982.2500,300.5468,186.08
3646,5.82627605,1.0000,4097,2.8900,6.9254,4047.2000,182.7882,186.13
3647,5.82627605,1.0000,4097,3.8135,7.4252,4032.9500,188.0160,186.18
3648,5.82627605,1.0000,4097,6.5804,11.2683,3968.0000,284.1572,186.23
3649,5.82627605,1.0000,4097,4.6182,9.2613,4013.0750,240.9389,186.29
3650,5.82627605,1.0000,4097,4.1506,9.0419,4016.6750,233.1866,186.33
3651,5.82795967,1.0000,4097,6.2036,11.4623,3968.5250,294.1835,186.38
3652,5.82795967,1.0000,4097,3.5806,8.8951,4041.8000,210.4525,186.43
3653,5.82795967,1.0000,4097,6.5836,13.7557,3977.3750,315.1422,186.48
3654,5.82795967,1.0000,4097,4.7261,8.2162,4018.6250,214.4897,186.53
3655,5.82795967,1.0000,4097,2.4589,4.7958,4065.3500,123.8767,186.58
3656,5.82795967,1.0000,4097,4.5620,8.6394,4017.9500,219.2891,186.63
3657,5.82795967,1.0000,4097,2.1996,5.5106,4074.0500,143.3227,186.69
3658,5.82795967,1.0000,4097,3.5848,6.1961,4045.4000,156.2842,186.74
3659,5.82795967,1.0000,4097,7.3498,14.5584,3942.0500,339.2147,186.78
3660,5.82795967,1.0000,4097,5.7774,11.8703,3980.0750,291.5511,186.83
3661,5.82795967,1.0000,4097,4.9205,9.2041,4011.7250,238.6828,186.88
3662,5.82795967,1.0000,4097,5.6031,11.3419,3983.6000,289.6051,186.93
3663,5.82795967,1.0000,4097,4.6307,10.2439,4015.1750,235.6643,186.99
3664,5.82795967,1.0000,4097,5.6924,11.5192,3980.3000,283.9970,187.04
3665,5.82795967,1.0000,4097,8.5254,13.1496,3909.6500,347.6862,187.09
3666,5.82795967,1.0000,4097,3.1182,6.0855,4046.6000,164.2691,187.14
3667,5.82795967,1.0000,4097,4.3211,8.3730,4012.4750,219.6001,187.19
3668,5.82795967,1.0000,4097,5.6178,11.3827,3986.6750,285.9950,187.24
3669,5.82795967,1.0000,4097,4.7599,9.9960,4012.7750,235.2451,187.29
3670,5.82795967,1.0000,4097,7.0633,15.8166,3966.8000,346.9891,187.34
3671,5.82795967,1.0000,4097,7.2287,13.2246,3945.3500,326.7143,187.39
3672,5.82795967,1.0000,4097,2.3599,3.4820,4079.9000,66.4864,187.44
3673,5.82795967,1.0000,4097,5.7283,10.5145,3985.1000,262.2892,187.49
3674,5.82795967,1.0000,4097,6.3814,10.5243,3968.8250,267.9237,187.54
3675,5.82795967,1.0000,4097,5.3853,11.1718,3988.9250,286.2820,187.59
3676,5.82795967,1.0000,4097,7.9226,13.2238,3934.8500,329.2956,187.64
3677,5.82795967,1.0000,4097,1.9245,3.6166,4080.8750,97.8586,187.69
3678,5.82795967,1.0000,4097,5.8759,15.7018,3995.5250,338.1466,187.74
3679,5.82795967,1.0000,4097,7.4169,10.8035,3945.8750,281.2671,187.79
3680,5.82795967,1.0000,4097,7.2676,16.1582,3961.7750,342.0463,187.84
3681,5.82795967,1.0000,4097,5.2398,10.3961,3996.5000,268.5243,187.90
3682,5.82795967,1.0000,4097,6.1377,9.9728,3975.7250,256.7857,187.94
3683,5.82795967,1.0000,4097,2.7953,4.6995,4069.5500,115.2963,188.00
3684,5.82795967,1.0000,4097,4.8442,9.5510,4004.1500,247.0386,188.04
3685,5.82795967,1.0000,4097,4.4531,8.2837,4024.1000,209.4466,188.09
3686,5.82795967,1.0000,4097,7.0181,11.3019,3942.3500,298.0428,188.14
3687,5.82795967,1.0000,4097,5.4238,11.8629,3996.7250,290.5821,188.19
3688,5.82795967,1.0000,4097,2.4376,5.6033,4073.6750,139.9549,188.25
3689,5.82795967,1.0000,4097,5.7877,8.6473,3983.6000,227.1153,188.30
3690,5.82795967,1.0000,4097,4.9651,8.8658,4019.5250,222.9455,188.35
3691,5.82795967,1.0000,4097,3.9903,6.3594,4030.9250,160.6058,188.40
3692,5.82917967,1.0000,4097,4.2366,6.9929,4031.0000,183.6934,188.45
3693,5.82917967,1.0000,4097,4.3343,10.9626,4019.0000,259.7115,188.50
3694,5.82917967,1.0000,4097,7.0777,13.2577,3944.1500,329.6910,188.55
3695,5.82917967,1.0000,4097,4.2403,7.7772,4023.5000,201.7040,188.60
3696,5.82917967,1.0000,4097,6.8412,15.8047,3962.8250,346.3604,188.65
3697,5.82917967,1.0000,4097,3.4715,7.9641,4038.8750,191.8765,188.70
3698,5.82917967,1.0000,4097,2.8906,6.3114,4051.4000,169.2093,188.75
3699,5.82917967,1.0000,4097,4.2810,7.8230,4017.9500,207.1538,188.80
3700,5.82917967,1.0000,4097,2.9572,6.7079,4054.2500,167.7745,188.85
3701,5.82917967,1.0000,4097,4.5130,7.9040,4010.6000,215.2761,188.90
3702,5.82917967,1.0000,4097,4.4454,10.3585,4017.4250,257.8377,188.95
3703,5.82917967,1.0000,4097,6.3603,13.0552,3979.8500,307.9438,189.00
3704,5.82917967,1.0000,4097,6.3040,11.5082,3968.3750,289.9265,189.05
3705,5.82956917,1.0000,4097,3.9357,8.5967,4026.5000,218.0682,189.11
3706,5.82956917,1.0000,4097,6.5568,12.1657,3956.4500,317.7505,189.16
3707,5.82956917,1.0000,4097,4.1764,8.5166,4018.7750,223.6805,189.21
3708,5.82956917,1.0000,4097,4.4000,11.5487,4026.6500,256.6999,189.26
3709,5.82956917,1.0000,4097,6.7077,15.0725,3967.4000,321.6863,189.31
3710,5.82956917,1.0000,4097,3.5785,6.9837,4026.9500,192.9965,189.36
3711,5.82956917,1.0000,4097,6.3149,11.5525,3962.8250,296.5633,189.42
3712,5.82958569,1.0000,4097,7.1071,11.7939,3953.5250,305.2291,189.47
3713,5.82958569,1.0000,4097,3.5211,6.7772,4052.2250,174.4074,189.52
3714,5.82958569,1.0000,4097,7.1970,12.3254,3945.5750,317.7636,189.57
3715,5.82958569,1.0000,4097,7.1210,12.0701,3955.7000,309.2888,189.62
3716,5.83107451,1.0000,4097,7.3985,12.5896,3948.0500,313.1679,189.66
3717,5.83160495,1.0000,4097,6.2884,10.1731,3971.9000,259.4204,189.71
3718,5.83160495,1.0000,4097,7.9570,13.8907,3935.6750,340.2015,189.77
3719,5.83160495,1.0000,4097,5.7428,11.6593,3989.0750,270.6197,189.82
3720,5.83160495,1.0000,4097,5.3427,10.1444,3988.3250,260.6191,189.87
3721,5.83160495,1.0000,4097,5.9941,10.1002,3974.8250,265.1812,189.92
3722,5.83160495,1.0000,4097,5.6212,9.5685,3991.0250,243.9633,189.97
3723,5.83160495,1.0000,4097,4.4527,8.6604,4010.9750,231.3877,190.02
3724,5.83160495,1.0000,4097,7.3182,12.6165,3941.5250,315.3183,190.07
3725,5.83160495,1.0000,4097,6.7248,11.7494,3962.4500,292.1510,190.12
3726,5.83160495,1.0000,4097,5.4976,9.1198,3983.3000,246.4859,190.17
3727,5.83160495,1.0000,4097,3.6843,11.4245,4036.6250,244.1576,190.23
3728,5.83160495,1.0000,4097,4.8609,11.0549,4006.6250,278.1529,190.27
3729,5.83160495,1.0000,4097,6.6913,12.5882,3957.8750,305.7982,190.32
3730,5.83160495,1.0000,4097,5.9613,13.5866,3978.4250,323.0528,190.37
3731,5.83160495,1.0000,4097,6.9821,13.0520,3952.4000,324.1383,190.42
3732,5.83164000,1.0000,4097,6.0254,10.6863,3981.7250,278.6263,190.47
3733,5.83164000,1.0000,4097,7.8927,13.4830,3936.5750,332.8669,190.52
3734,5.83164000,1.0000,4097,2.8591,6.6581,4050.4250,174.7484,190.57
3735,5.83246885,1.0000,4097,3.8977,9.9846,4039.7750,218.9572,190.62
3736,5.83246885,1.0000,4097,3.8936,7.5318,4026.1250,196.2682,190.67
3737,5.83246885,1.0000,4097,6.4297,15.3809,3977.9000,337.9046,190.72
3738,5.83246885,1.0000,4097,3.3092,6.4830,4047.4250,169.0174,190.77
3739,5.83246885,1.0000,4097,6.2936,10.1538,3970.4000,264.4855,190.82
3740,5.83246885,1.0000,4097,3.8734,7.0846,4024.6250,192.5958,190.87
3741,5.83246885,1.0000,4097,5.5872,11.7160,3989.5250,286.4771,190.92
3742,5.83246885,1.0000,4097,3.3882,7.7485,4036.7750,199.1064,190.97
3743,5.83246885,1.0000,4097,3.9608,7.7382,4027.0250,212.3455,191.02
3744,5.83246885,1.0000,4097,2.7710,6.6465,4058.9000,167.2203,191.06
3745,5.83246885,1.0000,4097,4.2957,9.2471,4013.7500,241.7456,191.11
3746,5.83246885,1.0000,4097,7.4420,12.7416,3946.9250,316.9039,191.16
3747,5.83246885,1.0000,4097,7.6248,12.4621,3938.9750,323.3587,191.21
3748,5.83246885,1.0000,4097,6.0642,9.3375,3975.1250,246.5789,191.26
3749,5.83246885,1.0000,4097,7.0117,12.7657,3959.8250,315.5552,191.31
3750,5.83246885,1.0000,4097,5.0007,9.5812,4005.8750,243.3347,191.36
3751,5.83246885,1.0000,4097,4.0504,8.1505,4025.8250,219.3921,191.41
3752,5.83246885,1.0000,4097,4.2662,8.1743,4012.4000,221.2530,191.46
3753,5.83246885,1.0000,4097,4.4599,7.1878,4017.9500,187.7297,191.51
3754,5.83246885,1.0000,4097,2.5387,5.8105,4060.1750,160.6429,191.56
3755,5.83246885,1.0000,4097,5.6837,11.1292,3988.3250,276.4411,191.61
3756,5.83246885,1.0000,4097,7.3542,13.4635,3952.8500,329.0064,191.66
3757,5.83246885,1.0000,4097,3.7633,7.2744,4035.4250,186.4603,191.71
3758,5.83246885,1.0000,4097,4.4474,7.8307,4024.2500,197.1342,191.77
3759,5.83246885,1.0000,4097,7.4502,13.2836,3952.0250,315.4072,191.82
3760,5.83246885,1.0000,4097,5.3251,10.0236,4010.9750,243.5839,191.87
3761,5.83246885,1.0000,4097,7.2001,16.2775,3959.3750,373.2072,191.92
3762,5.83246885,1.0000,4097,5.8397,10.8608,3980.0750,285.4847,191.97
3763,5.83246885,1.0000,4097,3.9760,7.6323,4023.9500,201.0599,192.02
3764,5.83246885,1.0000,4097,6.0956,11.1529,3970.7750,286.2057,192.07
3765,5.83246885,1.0000,4097,5.0574,10.2255,4009.6250,235.0009,192.12
3766,5.83246885,1.0000,4097,4.3256,8.4726,4015.1750,225.5483,192.17
3767,5.83246885,1.0000,4097,3.6079,7.6410,4048.4000,180.1340,192.22
3768,5.83246885,1.0000,4097,4.2887,8.9540,4025.8250,230.1774,192.27
3769,5.83246885,1.0000,4097,5.9044,11.3101,3978.4250,287.5238,192.32
3770,5.83246885,1.0000,4097,4.3226,9.2327,4025.3750,226.2547,192.38
3771,5.83246885,1.0000,4097,6.2063,10.0852,3977.4500,255.1310,192.43
3772,5.83246885,1.0000,4097,3.8212,8.4862,4030.8500,215.5745,192.48
3773,5.83246885,1.0000,4097,6.7830,14.8862,3979.5500,330.9039,192.53
3774,5.83246885,1.0000,4097,2.5554,5.7315,4057.1750,150.5764,192.58
3775,5.83255201,1.0000,4097,5.4580,9.0085,3989.1500,230.8187,192.63
3776,5.83255201,1.0000,4097,7.5135,13.7340,3937.7750,348.1263,192.68
3777,5.83255201,1.0000,4097,6.3698,11.9480,3979.6250,293.9129,192.73
3778,5.83255201,1.0000,4097,3.6811,5.4136,4047.9500,129.6707,192.78
3779,5.83255201,1.0000,4097,5.2452,7.4643,4006.7750,183.1332,192.83
3780,5.83255201,1.0000,4097,5.5025,9.6956,3990.2750,253.4644,192.88
3781,5.83255201,1.0000,4097,8.1089,12.4258,3916.9250,321.7460,192.93
3782,5.83255201,1.0000,4097,5.9867,12.0771,3987.5750,286.4207,192.98
3783,5.83255201,1.0000,4097,5.1131,8.2385,3999.7250,209.0420,193.03
3784,5.83255201,1.0000,4097,6.5227,12.3961,3966.5750,305.1709,193.08
3785,5.83255201,1.0000,4097,7.1465,12.2360,3948.5750,304.7400,193.14
3786,5.83255201,1.0000,4097,4.0998,9.3373,4029.1250,228.6186,193.19
3787,5.83279938,1.0000,4097,5.5712,11.4301,3988.7000,273.6296,193.24
3788,5.83279938,1.0000,4097,7.8134,13.6920,3932.9750,337.7129,193.30
3789,5.83294701,1.0000,4097,5.6362,10.0149,3993.2750,260.0819,193.35
3790,5.83294701,1.0000,4097,3.1863,5.6713,4056.6500,146.5999,193.40
3791,5.83294701,1.0000,4097,3.0894,6.0733,4062.9500,154.7874,193.45
3792,5.83294701,1.0000,4097,4.4531,8.9762,4015.1000,233.7356,193.50
3793,5.83294701,1.0000,4097,5.9567,10.1579,3980.2250,259.1281,193.55
3794,5.83294701,1.0000,4097,6.2298,12.9358,3976.7750,309.2136,193.60
3795,5.83294701,1.0000,4097,7.1100,15.4619,3954.1250,356.9437,193.65
3796,5.83294701,1.0000,4097,6.9144,9.8892,3962.9000,271.2174,193.70
3797,5.83294999,1.0000,4097,6.8250,12.0154,3947.5250,314.3550,193.75
3798,5.83294999,1.0000,4097,3.9818,8.2258,4019.6750,218.8402,193.80
3799,5.83294999,1.0000,4097,5.8669,9.6054,3975.5000,256.9111,193.85
3800,5.83294999,1.0000,4097,9.8541,15.5071,3889.4000,369.2799,193.90
3801,5.83294999,1.0000,4097,2.5861,4.9779,4064.7500,131.8000,193.96
3802,5.83294999,1.0000,4097,4.7920,9.8467,4009.6250,244.0885,194.01
3803,5.83294999,1.0000,4097,7.0017,13.0087,3956.0750,325.4920,194.06
3804,5.83294999,1.0000,4097,4.4222,11.1086,4031.7500,228.4995,194.11
3805,5.83294999,1.0000,4097,5.4611,11.0623,3987.6500,276.9261,194.16
3806,5.83294999,1.0000,4097,3.5901,7.2702,4044.0500,184.7749,194.21
3807,5.83294999,1.0000,4097,2.8415,6.1850,4054.2500,160.5291,194.26
3808,5.83361061,1.0000,4097,6.0358,8.8113,3989.6000,239.5995,194.31
3809,5.83361061,1.0000,4097,6.1070,12.0928,3974.9000,301.7582,194.36
3810,5.83361061,1.0000,4097,5.7088,10.1432,3990.5750,242.0351,194.41
3811,5.83361061,1.0000,4097,4.8852,8.1441,4007.0750,215.4435,194.47
3812,5.83361061,1.0000,4097,10.1499,14.9535,3871.7000,373.4198,194.52
3813,5.83361061,1.0000,4097,5.5647,9.6597,3984.9500,254.3025,194.57
3814,5.83361061,1.0000,4097,7.1671,13.0957,3955.5500,326.0301,194.62
3815,5.83361061,1.0000,4097,3.2730,6.9734,4045.7000,174.3743,194.67
3816,5.83361061,1.0000,4097,6.2484,11.9044,3991.7750,290.9415,194.72
3817,5.83361061,1.0000,4097,6.0025,9.3266,3979.9250,246.9480,194.77
3818,5.83361061,1.0000,4097,2.9895,7.1117,4051.4000,184.7062,194.82
3819,5.83361061,1.0000,4097,4.2759,9.7446,4025.9000,231.8315,194.87
3820,5.83361061,1.0000,4097,8.9774,12.1090,3903.2750,322.4197,194.92
3821,5.83361061,1.0000,4097,4.6810,7.7559,4007.4500,210.7813,194.97
3822,5.83361061,1.0000,4097,6.6890,12.9803,3967.9250,314.2960,195.02
3823,5.83361061,1.0000,4097,6.6156,10.9525,3957.8000,289.3008,195.08
3824,5.83361061,1.0000,4097,7.0414,16.8005,3975.3500,336.5961,195.13
3825,5.83361061,1.0000,4097,8.0985,13.3110,3928.1750,332.7249,195.18
3826,5.83361061,1.0000,4097,4.6875,9.8634,4014.5750,254.9091,195.23
3827,5.83361061,1.0000,4097,3.2667,6.4348,4052.0750,162.2990,195.28
3828,5.83361061,1.0000,4097,4.5639,7.7984,4018.3250,200.1086,195.33
3829,5.83361061,1.0000,4097,9.9022,16.7480,3877.6250,406.0083,195.38
3830,5.83361061,1.0000,4097,6.6909,10.8153,3961.9250,281.8464,195.43
3831,5.83361061,1.0000,4097,4.2319,8.7185,4022.9000,231.4857,195.49
3832,5.83361061,1.0000,4097,8.1554,13.3203,3929.5250,328.7341,195.54
3833,5.83361061,1.0000,4097,5.4904,10.9668,3985.3250,283.8787,195.59
3834,5.83361061,1.0000,4097,6.0286,13.9421,3984.5000,323.4280,195.64
3835,5.83361061,1.0000,4097,6.9676,10.4268,3957.5000,279.0685,195.69
3836,5.83361061,1.0000,4097,5.0720,8.5890,3995.2250,223.4621,195.74
3837,5.83361061,1.0000,4097,4.6070,9.3016,4009.9250,242.2186,195.80
3838,5.83361061,1.0000,4097,3.7337,9.3580,4034.6000,228.4882,195.85
3839,5.83361061,1.0000,4097,5.9283,12.7718,3996.5000,286.1825,195.90
3840,5.83361061,1.0000,4097,3.4875,8.2708,4042.5500,208.8812,195.94
3841,5.83361061,1.0000,4097,4.8840,9.2272,3998.2250,240.4883,196.00
3842,5.83361061,1.0000,4097,8.2887,15.1436,3922.7000,353.6457,196.05
3843,5.83361061,1.0000,4097,7.7893,15.2178,3953.8250,350.9147,196.10
3844,5.83361061,1.0000,4097,2.5637,6.0423,4063.0250,157.4034,196.15
3845,5.83361061,1.0000,4097,7.6778,12.4634,3931.2500,323.4626,196.20
3846,5.83361061,1.0000,4097,5.3125,11.5146,4002.8750,277.0023,196.25
3847,5.83361061,1.0000,4097,4.7247,9.1677,4001.0750,247.0673,196.31
3848,5.83361061,1.0000,4097,4.9977,11.3877,4008.4250,267.9354,196.36
3849,5.83361061,1.0000,4097,5.0245,10.1993,4006.6250,266.1705,196.41
3850,5.83361061,1.0000,4097,5.5103,8.4954,3994.6250,224.7020,196.45
3851,5.83361061,1.0000,4097,4.8415,9.6875,4005.1250,249.4141,196.51
3852,5.83361061,1.0000,4097,6.9428,11.9267,3948.8000,298.6227,196.56
3853,5.83361061,1.0000,4097,4.8642,11.3309,4002.4250,283.3547,196.60
3854,5.83361061,1.0000,4097,5.5103,8.9690,4000.1000,234.0819,196.66
3855,5.83361061,1.0000,4097,5.1328,8.3782,4000.3250,221.5541,196.71
3856,5.83361061,1.0000,4097,8.9235,15.2637,3900.0500,382.1513,196.76
3857,5.83361061,1.0000,4097,8.6042,15.3141,3929.5250,340.9424,196.81
3858,5.83361061,1.0000,4097,6.2767,11.9590,3973.9250,303.5093,196.86
3859,5.83361061,1.0000,4097,5.4172,11.9712,3993.8750,293.4889,196.91
3860,5.83361061,1.0000,4097,5.1898,13.3172,4004.3000,297.0688,196.96
3861,5.83361061,1.0000,4097,2.9833,6.8679,4055.3000,182.3112,197.01
3862,5.83361061,1.0000,4097,4.5798,8.7689,4005.1250,231.6747,197.06
3863,5.83361061,1.0000,4097,3.4321,7.4220,4037.3750,191.6213,197.11
3864,5.83361061,1.0000,4097,4.6915,7.9247,4015.2500,207.5739,197.16
3865,5.83361061,1.0000,4097,7.9668,11.7538,3927.4250,306.4078,197.21
3866,5.83361061,1.0000,4097,6.1469,11.4821,3978.8000,287.5511,197.26
3867,5.83361061,1.0000,4097,5.0463,9.2265,4000.1750,244.4715,197.31
3868,5.83361061,1.0000,4097,7.5162,11.8061,3936.5000,310.6963,197.36
3869,5.83361061,1.0000,4097,4.7856,9.0447,4014.1250,233.4259,197.41
3870,5.83361061,1.0000,4097,4.7498,9.7468,4014.5000,240.4973,197.47
3871,5.83361061,1.0000,4097,6.4030,12.1009,3968.6000,293.8601,197.52
3872,5.83361061,1.0000,4097,6.7448,13.2846,3965.2250,321.5577,197.57
3873,5.83361061,1.0000,4097,6.7579,14.5752,3966.2750,331.0421,197.62
3874,5.83361061,1.0000,4097,8.4819,15.2071,3916.7750,375.0116,197.67
3875,5.83361061,1.0000,4097,6.6462,11.8679,3972.1250,289.4889,197.72
3876,5.83361061,1.0000,4097,5.1501,9.6890,4006.8500,232.4825,197.77
3877,5.83361061,1.0000,4097,5.8010,9.6316,3977.4500,255.6561,197.82
3878,5.83361061,1.0000,4097,7.8453,12.0555,3928.9250,312.1734,197.87
3879,5.83361061,1.0000,4097,5.6114,13.4562,3993.4250,302.1597,197.92
3880,5.83361061,1.0000,4097,4.9187,9.9958,4004.0750,252.2673,197.97
3881,5.83361061,1.0000,4097,7.4311,12.5145,3948.1250,301.9971,198.02
3882,5.83361061,1.0000,4097,3.2467,8.1824,4039.0250,210.8014,198.07
3883,5.83361061,1.0000,4097,3.9601,10.5683,4030.4000,243.0678,198.12
3884,5.83361061,1.0000,4097,3.1033,10.8742,4061.2250,220.5504,198.17
3885,5.83361061,1.0000,4097,7.2875,14.7883,3942.3500,359.8749,198.22
3886,5.83364987,1.0000,4097,5.2075,10.6019,4011.5750,259.8249,198.28
3887,5.83364987,1.0000,4097,10.3520,17.1974,3878.7500,410.9807,198.33
3888,5.83364987,1.0000,4097,4.1295,9.6915,4023.2000,231.8738,198.38
3889,5.83364987,1.0000,4097,5.7544,10.3326,3999.8750,264.6824,198.43
3890,5.83364987,1.0000,4097,5.5933,9.5167,3991.7000,253.6036,198.49
3891,5.83364987,1.0000,4097,3.2830,8.5957,4038.7250,217.3529,198.54
3892,5.83364987,1.0000,4097,7.1624,15.5209,3952.8500,350.5510,198.58
3893,5.83364987,1.0000,4097,5.6863,11.1597,3984.8750,278.6616,198.63
3894,5.83364987,1.0000,4097,5.3825,10.7606,3988.8500,272.8878,198.68
3895,5.83364987,1.0000,4097,4.2848,8.5364,4013.5250,220.1660,198.73
3896,5.83364987,1.0000,4097,6.0988,10.8525,3966.2000,279.8075,198.78
3897,5.83364987,1.0000,4097,5.2373,10.3818,3995.1500,273.6396,198.83
3898,5.83364987,1.0000,4097,4.1619,8.5443,4026.1250,211.3666,198.89
3899,5.83364987,1.0000,4097,5.1157,8.6350,3991.8500,223.2683,198.94
3900,5.83364987,1.0000,4097,2.4366,4.0516,4070.5250,86.7615,198.99
3901,5.83364987,1.0000,4097,5.6908,11.3793,3985.5500,277.0809,199.04
3902,5.83364987,1.0000,4097,8.2126,11.4605,3928.1750,278.5609,199.09
3903,5.83364987,1.0000,4097,4.8499,13.5124,4011.7250,282.4934,199.14
3904,5.83368998,1.0000,4097,4.4703,9.3702,4007.4500,246.3496,199.19
3905,5.83368998,1.0000,4097,3.5645,9.8218,4044.8000,214.7147,199.24
3906,5.83368998,1.0000,4097,6.7733,10.9199,3965.3000,279.7504,199.29
3907,5.83368998,1.0000,4097,3.5343,9.1970,4043.5250,229.1496,199.34
3908,5.83368998,1.0000,4097,4.1689,10.4061,4018.3250,257.5832,199.39
3909,5.83368998,1.0000,4097,10.0203,15.0453,3881.5250,375.5114,199.44
3910,5.83368998,1.0000,4097,6.7927,11.8827,3950.1500,306.1316,199.49
3911,5.83368998,1.0000,4097,7.7811,12.5101,3930.2750,325.3527,199.54
3912,5.83368998,1.0000,4097,4.2562,8.6653,4024.3250,223.9078,199.59
3913,5.83368998,1.0000,4097,5.5013,9.9384,3990.2000,259.2838,199.64
3914,5.83368998,1.0000,4097,4.8137,8.6983,4003.4000,229.3825,199.69
3915,5.83368998,1.0000,4097,6.9547,11.3506,3949.4000,297.6774,199.74
3916,5.83368998,1.0000,4097,5.7238,12.2090,3996.8000,275.6042,199.79
3917,5.83451184,1.0000,4097,5.5960,9.4560,3977.9750,258.8727,199.84
3918,5.83451184,1.0000,4097,5.7730,11.5604,3986.5250,285.1451,199.89
3919,5.83451184,1.0000,4097,6.3493,12.2509,3966.9500,306.8500,199.94
3920,5.83451184,1.0000,4097,2.8926,6.3199,4052.9750,168.7168,199.99
3921,5.83451184,1.0000,4097,5.2236,11.3800,3999.5000,270.8512,200.04
3922,5.83451184,1.0000,4097,5.7439,10.6048,3986.3000,273.3137,200.09
3923,5.83461203,1.0000,4097,2.7106,4.3660,4068.5750,98.1600,200.14
3924,5.83461203,1.0000,4097,3.4665,8.1564,4046.6750,199.4554,200.19
3925,5.83461203,1.0000,4097,6.0064,10.4739,3982.1000,270.6752,200.24
3926,5.83461203,1.0000,4097,3.4575,7.5268,4044.8000,193.6102,200.29
3927,5.83461203,1.0000,4097,4.2591,6.8224,4024.7000,179.3059,200.34
3928,5.83461203,1.0000,4097,3.6352,8.8153,4037.5250,218.7635,200.39
3929,5.83462177,1.0000,4097,6.3642,12.5584,3964.2500,299.0360,200.44
3930,5.83462177,1.0000,4097,5.0456,9.6275,4001.9750,253.7239,200.49
3931,5.83462177,1.0000,4097,6.6046,11.9184,3963.8750,299.1037,200.54
3932,5.83462177,1.0000,4097,7.7597,15.3243,3934.4000,364.9554,200.60
3933,5.83462177,1.0000,4097,5.7383,14.1306,3997.4750,303.2211,200.65
3934,5.83462177,1.0000,4097,4.7118,6.6826,4031.5250,169.2062,200.70
3935,5.83462177,1.0000,4097,8.6818,13.8139,3918.4250,342.0454,200.75
3936,5.83463329,1.0000,4097,5.6858,10.5348,3979.7750,273.5561,200.80
3937,5.83463329,1.0000,4097,7.3271,10.5249,3940.3250,278.4046,200.85
3938,5.83463329,1.0000,4097,4.9544,10.7194,4001.1500,259.5086,200.90
3939,5.83463329,1.0000,4097,4.6133,8.6568,4004.0750,231.3713,200.94
3940,5.83463329,1.0000,4097,6.7630,16.6854,3973.0250,357.2863,201.00
3941,5.83463329,1.0000,4097,4.9461,11.5726,4019.3000,252.6027,201.05
3942,5.83468491,1.0000,4097,5.1439,10.2953,3989.0000,270.0942,201.09
3943,5.83468491,1.0000,4097,7.6194,12.9750,3926.0000,334.6406,201.14
3944,5.83468491,1.0000,4097,5.7748,9.6194,3985.0250,252.2841,201.19
3945,5.83468491,1.0000,4097,5.8261,11.4050,3983.5250,283.7078,201.25
3946,5.83468491,1.0000,4097,5.6887,10.7910,3979.4750,284.8562,201.30
3947,5.83468491,1.0000,4097,6.1578,13.5124,3970.7750,321.6920,201.35
3948,5.83468491,1.0000,4097,7.2220,13.0705,3950.4500,317.4105,201.40
3949,5.83468491,1.0000,4097,6.1464,11.7983,3964.0250,306.6246,201.45
3950,5.83468491,1.0000,4097,5.2138,10.5177,3996.1250,258.4406,201.51
3951,5.83472013,1.0000,4097,6.3989,10.8387,3982.7000,277.8750,201.56
3952,5.83472013,1.0000,4097,4.7348,9.3419,4013.7500,240.9140,201.61
3953,5.83472013,1.0000,4097,3.0078,6.4049,4048.2500,172.9205,201.66
3954,5.83472013,1.0000,4097,4.5879,8.6518,4013.9000,220.9294,201.72
3955,5.83472013,1.0000,4097,4.5379,10.8134,4010.4500,275.1284,201.77
3956,5.83472013,1.0000,4097,5.4546,9.1213,3985.7750,241.6997,201.82
3957,5.83472013,1.0000,4097,4.6469,10.9188,4027.2500,236.7595,201.87
3958,5.83472013,1.0000,4097,3.3003,6.2189,4038.9500,163.2363,201.92
3959,5.83472013,1.0000,4097,4.8607,8.8761,4014.1250,228.5379,201.97
3960,5.83472013,1.0000,4097,9.9616,16.6601,3882.5750,396.5593,202.02
3961,5.83472013,1.0000,4097,4.2441,7.4122,4017.0500,202.6939,202.07
3962,5.83472013,1.0000,4097,3.3554,5.6881,4060.4750,143.8372,202.12
3963,5.83472013,1.0000,4097,6.1892,13.3268,3981.2000,303.9207,202.18
3964,5.83472013,1.0000,4097,3.9499,6.0028,4048.4750,144.5643,202.23
3965,5.83472013,1.0000,4097,3.5760,6.1993,4046.2250,153.2606,202.29
3966,5.83472013,1.0000,4097,4.5416,8.9815,4011.8000,238.6488,202.34
3967,5.83472013,1.0000,4097,4.8895,10.8205,4005.6500,265.5279,202.39
3968,5.83472013,1.0000,4097,6.0965,11.5335,3975.1250,296.1637,202.44
3969,5.83472013,1.0000,4097,7.3649,11.4419,3943.5500,303.8954,202.49
3970,5.83472013,1.0000,4097,3.9284,6.0194,4031.0750,147.9969,202.54
3971,5.83472543,1.0000,4097,4.5009,7.6602,4019.1500,204.2369,202.59
3972,5.83472543,1.0000,4097,8.9684,11.6051,3902.0750,312.1712,202.64
3973,5.83472543,1.0000,4097,4.4979,9.4853,4015.0250,235.5606,202.69
3974,5.83486445,1.0000,4097,4.9126,9.3056,3997.1000,247.0534,202.75
3975,5.83486445,1.0000,4097,8.3499,14.1773,3910.4750,346.4428,202.79
3976,5.83486445,1.0000,4097,2.8986,6.7608,4052.8250,170.0037,202.84
3977,5.83486445,1.0000,4097,8.0596,11.5419,3934.3250,308.1107,202.90
3978,5.83486445,1.0000,4097,3.1082,5.3510,4055.4500,138.8315,202.95
3979,5.83486445,1.0000,4097,3.3113,6.2127,4052.2250,154.8250,202.99
3980,5.83486445,1.0000,4097,5.7732,9.8965,3979.6250,270.6909,203.05
3981,5.83499754,1.0000,4097,6.0490,12.2287,3972.9500,295.6321,203.10
3982,5.83499754,1.0000,4097,5.9235,10.5865,3978.0500,278.0691,203.15
3983,5.83499754,1.0000,4097,6.9625,11.5458,3966.5000,281.6567,203.20
3984,5.83499754,1.0000,4097,9.0303,16.5473,3919.5500,386.7613,203.26
3985,5.83499754,1.0000,4097,9.4483,16.1006,3902.4500,391.3440,203.32
3986,5.83499754,1.0000,4097,6.4229,10.1797,3962.2250,269.1849,203.37
3987,5.83499754,1.0000,4097,4.8399,8.9870,4016.5250,226.1798,203.42
3988,5.83499754,1.0000,4097,5.0954,9.5523,3995.3750,244.8616,203.47
3989,5.83548255,1.0000,4097,9.1750,16.6568,3906.2750,375.9228,203.52
3990,5.83548255,1.0000,4097,4.3409,11.5295,4032.7250,251.2649,203.57
3991,5.83548255,1.0000,4097,8.6900,15.5525,3919.9250,371.8230,203.62
3992,5.83548255,1.0000,4097,4.1165,9.3969,4020.2000,241.5380,203.67
3993,5.83548255,1.0000,4097,6.2223,10.9630,3971.9000,291.8124,203.72
3994,5.83548255,1.0000,4097,6.1234,9.9194,3970.4750,263.9326,203.77
3995,5.83548255,1.0000,4097,4.9297,10.8546,4001.0000,271.5762,203.82
3996,5.83548255,1.0000,4097,7.6106,11.5439,3940.5500,292.0146,203.87
3997,5.83548255,1.0000,4097,7.0490,15.5096,3969.0500,356.5728,203.92
3998,5.83548255,1.0000,4097,4.3677,9.5390,4014.2750,249.0469,203.97
3999,5.83548255,1.0000,4097,4.2910,10.7301,4018.3250,252.6460,204.02
4000,5.83548255,1.0000,4097,3.3794,6.3425,4035.9500,170.6332,204.08
4001,5.83548255,1.0000,4097,6.0178,11.2280,3977.0750,278.9818,204.12
4002,5.83548255,1.0000,4097,3.8057,8.2253,4033.8500,211.1742,204.17
4003,5.83548255,1.0000,4097,8.7236,14.4295,3903.2750,358.2431,204.23
4004,5.83548255,1.0000,4097,4.0372,7.9182,4025.1500,201.5656,204.28
4005,5.83548255,1.0000,4097,4.7996,8.4004,4011.8000,219.1364,204.33
4006,5.83548255,1.0000,4097,7.9307,12.6063,3925.4750,332.1136,204.38
4007,5.83548255,1.0000,4097,5.7567,9.6764,3979.8500,251.5433,204.43
4008,5.83548255,1.0000,4097,5.2651,12.1472,3991.7750,277.0231,204.48
4009,5.83548255,1.0000,4097,4.9624,9.5867,4000.4000,253.0542,204.53
4010,5.83548255,1.0000,4097,3.2052,4.7709,4060.7750,107.2482,204.58
4011,5.83548255,1.0000,4097,4.5325,10.6250,4009.7750,255.5820,204.64
4012,5.83548255,1.0000,4097,5.1053,8.8371,4008.2000,221.5392,204.69
4013,5.83548255,1.0000,4097,8.9933,13.5239,3900.3500,345.6366,204.74
4014,5.83548255,1.0000,4097,4.7305,9.4908,4017.8000,235.6135,204.79
4015,5.83548255,1.0000,4097,7.2375,13.9078,3940.0250,352.6221,204.84
4016,5.83548255,1.0000,4097,3.5523,8.4521,4042.7000,212.9734,204.89
4017,5.83548255,1.0000,4097,6.1039,14.5856,3985.1000,326.0195,204.94
4018,5.83548255,1.0000,4097,5.5572,8.7041,3994.2500,233.8949,204.99
4019,5.83670765,1.0000,4097,4.0905,6.5063,4034.6000,163.2414,205.04
4020,5.83670765,1.0000,4097,6.5259,9.8036,3967.8500,263.1095,205.09
4021,5.83670765,1.0000,4097,7.1163,14.6713,3955.4000,321.2923,205.14
4022,5.83670765,1.0000,4097,7.3820,12.9854,3943.6250,328.1787,205.19
4023,5.83670765,1.0000,4097,7.8901,12.7471,3930.0500,321.5348,205.24
4024,5.83670765,1.0000,4097,4.6235,10.3125,4017.6500,258.6080,205.29
4025,5.83670765,1.0000,4097,4.7768,8.1700,4008.2000,213.8705,205.34
4026,5.83670765,1.0000,4097,5.7940,12.3422,3982.6250,301.5136,205.39
4027,5.83670765,1.0000,4097,2.0855,3.2918,4079.4500,69.4438,205.45
4028,5.83670765,1.0000,4097,8.5781,11.5070,3906.1250,308.4189,205.50
4029,5.83738507,1.0000,4097,5.5056,13.2065,3992.3000,316.7301,205.55
4030,5.83738507,1.0000,4097,5.0135,12.1440,4010.8250,265.9894,205.60
4031,5.83738507,1.0000,4097,4.4267,9.1978,4020.6500,226.5238,205.65
4032,5.83738507,1.0000,4097,8.1396,15.3267,3935.0750,363.1354,205.70
4033,5.83738507,1.0000,4097,7.0775,14.1341,3953.6750,341.3602,205.75
4034,5.83738507,1.0000,4097,3.0645,5.5179,4051.5500,145.6183,205.80
4035,5.83738507,1.0000,4097,3.8422,8.0677,4024.0250,219.8668,205.85
4036,5.83744769,1.0000,4097,7.7543,14.7521,3933.6500,357.5850,205.90
4037,5.83751078,1.0000,4097,5.8793,9.1273,3975.5750,238.9392,205.95
4038,5.83751078,1.0000,4097,7.4170,14.5366,3955.7750,345.7956,206.01
4039,5.83751078,1.0000,4097,8.3458,13.9740,3920.3000,339.0317,206.07
4040,5.83751078,1.0000,4097,7.5303,10.4536,3945.0500,280.1143,206.12
4041,5.83751078,1.0000,4097,4.7879,9.2004,4011.5750,223.7475,206.17
4042,5.83751078,1.0000,4097,4.6000,8.7815,4014.7250,227.2477,206.22
4043,5.83751078,1.0000,4097,5.1014,8.9490,3997.1000,227.4845,206.27
4044,5.83751078,1.0000,4097,3.6813,7.0330,4035.5000,184.7998,206.32
4045,5.83751078,1.0000,4097,4.9494,9.5395,4006.1000,230.4492,206.37
4046,5.83751078,1.0000,4097,4.2862,8.4954,4011.8750,223.5752,206.42
4047,5.83769759,1.0000,4097,8.8733,15.0558,3917.9000,360.4929,206.48
4048,5.83820725,1.0000,4097,2.0553,4.0956,4078.8500,110.5001,206.53
4049,5.83829917,1.0000,4097,6.8130,12.1070,3949.6250,305.2787,206.58
4050,5.83829917,1.0000,4097,6.3343,13.6754,3975.2750,321.5203,206.63
4051,5.83829917,1.0000,4097,10.5011,19.0627,3876.1250,442.2094,206.68
4052,5.83829917,1.0000,4097,7.2792,14.5780,3954.8000,330.7558,206.73
4053,5.83829917,1.0000,4097,3.9178,9.0326,4031.3750,231.8887,206.78
4054,5.84831751,1.0000,4097,6.9393,12.1010,3957.5000,304.2701,206.83
4055,5.84831751,1.0000,4097,3.7601,7.8922,4025.9000,207.6600,206.88
4056,5.84831751,1.0000,4097,5.9769,11.0162,3978.3500,282.6137,206.93
4057,5.84831751,1.0000,4097,5.3016,10.4648,3997.1000,263.4029,206.98
4058,5.84831751,1.0000,4097,4.4476,7.7353,4016.6750,201.2310,207.03
4059,5.84831751,1.0000,4097,7.0257,11.2440,3950.4500,300.7622,207.08
4060,5.84831751,1.0000,4097,5.7739,11.0597,3977.2250,283.4487,207.13
4061,5.84831751,1.0000,4097,5.7407,11.5081,3977.4500,301.6407,207.18
4062,5.84831751,1.0000,4097,5.4107,9.3179,3992.3000,238.3139,207.22
4063,5.84831751,1.0000,4097,9.4950,16.0592,3901.7750,376.1654,207.28
4064,5.84831751,1.0000,4097,6.1016,12.0922,3976.2500,299.2248,207.33
4065,5.84831751,1.0000,4097,8.0041,13.1579,3930.8000,325.0046,207.38
4066,5.84831751,1.0000,4097,6.8856,12.0807,3958.3250,311.1056,207.43
4067,5.84831751,1.0000,4097,5.9440,13.1516,3975.2000,314.1408,207.47
4068,5.84831751,1.0000,4097,2.9897,4.9496,4053.7250,121.3960,207.52
4069,5.84831751,1.0000,4097,9.2081,14.8631,3904.5500,355.5510,207.57
4070,5.84831751,1.0000,4097,5.0823,9.0258,4006.0250,231.3906,207.62
4071,5.84831751,1.0000,4097,3.1956,6.4802,4043.0000,172.8284,207.67
4072,5.84831751,1.0000,4097,9.1173,13.3706,3906.0500,329.9131,207.72
4073,5.84831751,1.0000,4097,7.1113,15.1807,3971.0750,344.8777,207.77
4074,5.84831751,1.0000,4097,6.1089,13.9123,3980.8250,308.2900,207.82
4075,5.84831751,1.0000,4097,5.8485,12.3155,3985.4750,271.8097,207.87
4076,5.84877476,1.0000,4097,5.5035,10.4846,3986.7500,275.6596,207.92
4077,5.84877476,1.0000,4097,4.7301,10.2115,3997.4750,269.4744,207.97
4078,5.84877476,1.0000,4097,9.5826,14.1306,3883.2500,361.7568,208.02
4079,5.84877476,1.0000,4097,5.6337,9.7044,3986.5250,252.6820,208.07
4080,5.84877476,1.0000,4097,7.2113,13.5645,3954.4250,320.4493,208.12
4081,5.84877476,1.0000,4097,7.5640,14.6672,3934.9250,364.2323,208.17
4082,5.84877476,1.0000,4097,6.5247,12.6817,3974.3000,315.1434,208.22
4083,5.84879782,1.0000,4097,2.3861,4.3428,4068.2750,109.8956,208.28
4084,5.84902847,1.0000,4097,5.1764,10.8716,4005.5750,255.3174,208.33
4085,5.84902847,1.0000,4097,7.4096,12.8807,3940.3250,330.5862,208.38
4086,5.84902847,1.0000,4097,3.9023,8.1604,4028.8250,212.6691,208.43
4087,5.84902847,1.0000,4097,7.7106,15.0370,3942.2000,355.1345,208.47
4088,5.84902847,1.0000,4097,4.7322,7.7757,4010.2250,205.4238,208.52
4089,5.84902847,1.0000,4097,8.1906,13.8630,3927.3500,339.2680,208.57
4090,5.84902847,1.0000,4097,9.5423,15.2786,3892.7750,382.2201,208.62
4091,5.84902847,1.0000,4097,8.1641,14.4866,3922.1750,357.9165,208.67
4092,5.84902847,1.0000,4097,5.0382,10.0347,4004.0750,257.7387,208.72
4093,5.84902847,1.0000,4097,7.1996,10.8996,3943.5500,292.5466,208.77
4094,5.84902847,1.0000,4097,4.8426,8.2712,4015.0250,223.9700,208.83
4095,5.84902847,1.0000,4097,4.6962,11.3350,4020.7250,258.8653,208.89
4096,5.84902847,1.0000,4097,4.7289,8.9100,4004.3750,237.6676,208.94
4097,5.84902847,1.0000,4097,6.5662,9.9917,3968.9750,259.3355,208.99
4098,5.84902847,1.0000,4097,6.2443,11.6060,3966.5750,296.6240,209.04
4099,5.84902847,1.0000,4097,4.0500,9.0935,4043.0750,204.3102,209.09
4100,5.84902847,1.0000,4097,7.0943,13.0515,3955.5500,329.7316,209.14
4101,5.84907206,1.0000,4097,5.1648,9.4404,3997.9250,246.3377,209.19
4102,5.84907206,1.0000,4097,5.1791,10.2004,3986.6750,272.0493,209.24
4103,5.84926839,1.0000,4097,5.7945,9.9164,3972.0500,264.0499,209.29
4104,5.84926839,1.0000,4097,7.5249,14.2618,3945.0500,338.9021,209.34
4105,5.84926839,1.0000,4097,8.1248,13.3534,3913.3250,345.8504,209.39
4106,5.84926839,1.0000,4097,2.5325,4.8789,4067.0000,124.3409,209.44
4107,5.85150538,1.0000,4097,6.1064,10.9202,3979.5500,260.3998,209.49
4108,5.85150538,1.0000,4097,6.5139,10.2142,3973.6250,266.8923,209.54
4109,5.85150538,1.0000,4097,4.0246,9.2580,4021.3250,237.6007,209.59
4110,5.85150538,1.0000,4097,4.8381,9.7974,4016.1500,247.7716,209.64
4111,5.85150538,1.0000,4097,2.8453,5.1114,4057.1000,128.2938,209.69
4112,5.85150538,1.0000,4097,8.6070,13.9695,3921.9500,355.4320,209.75
4113,5.85150538,1.0000,4097,10.6625,17.5876,3875.2250,398.3817,209.79
4114,5.85150538,1.0000,4097,5.0014,8.7515,3992.9750,240.8127,209.84
4115,5.85150538,1.0000,4097,5.7537,12.2032,3985.1750,290.0862,209.89
4116,5.85150538,1.0000,4097,5.4188,10.9177,4009.5500,275.4251,209.94
4117,5.85150538,1.0000,4097,3.9095,9.7366,4024.8500,245.9981,209.99
4118,5.85150538,1.0000,4097,5.0319,9.5238,3994.9250,245.2346,210.04
4119,5.85150538,1.0000,4097,2.2641,5.6147,4063.1000,150.5558,210.09
4120,5.85150538,1.0000,4097,3.9841,8.6707,4032.3500,217.7357,210.14
4121,5.85150538,1.0000,4097,4.4106,8.9989,4017.9500,233.8178,210.19
4122,5.85150538,1.0000,4097,4.4901,8.0518,4016.3750,207.3032,210.24
4123,5.85150538,1.0000,4097,4.5605,9.5958,4013.6750,249.4365,210.29
4124,5.85150538,1.0000,4097,5.7937,9.7374,3980.0000,258.0698,210.34
4125,5.85150538,1.0000,4097,3.2215,6.8339,4045.5500,173.5229,210.39
4126,5.85150538,1.0000,4097,9.9691,14.2288,3867.4250,365.0601,210.44
4127,5.85150538,1.0000,4097,6.1217,11.1648,3969.5000,293.5328,210.50
4128,5.85150538,1.0000,4097,4.8605,8.2870,4010.9750,213.8701,210.55
4129,5.85150538,1.0000,4097,7.9150,14.0396,3936.2000,337.3565,210.60
4130,5.85150538,1.0000,4097,6.6038,12.0793,3962.8250,299.7351,210.65
4131,5.85150538,1.0000,4097,2.5535,5.5706,4058.6750,153.2549,210.70
4132,5.85150538,1.0000,4097,6.2180,12.2486,3973.7750,302.8109,210.75
4133,5.85150538,1.0000,4097,7.0873,14.0087,3958.5500,329.5016,210.80
4134,5.85150538,1.0000,4097,5.6051,9.8152,3983.5250,259.2926,210.85
4135,5.85150538,1.0000,4097,4.6191,9.2593,4019.8250,222.1925,210.90
4136,5.85150538,1.0000,4097,3.9320,7.6721,4028.9000,198.1093,210.95
4137,5.85150538,1.0000,4097,6.0462,12.5260,3980.4500,305.1227,211.00
4138,5.85150538,1.0000,4097,5.5996,9.7979,3984.3500,261.1654,211.05
4139,5.85150538,1.0000,4097,5.6259,10.2748,3986.3000,272.7335,211.10
4140,5.85150538,1.0000,4097,3.7487,7.2878,4041.1250,180.3343,211.15
4141,5.85150538,1.0000,4097,4.8753,8.9413,4019.0750,220.1277,211.20
4142,5.85150538,1.0000,4097,8.2149,13.0047,3928.0250,315.9866,211.25
4143,5.85150538,1.0000,4097,4.4092,7.3274,4012.4750,194.1047,211.30
4144,5.85150538,1.0000,4097,6.9770,13.6753,3963.8000,333.9856,211.35
4145,5.85150538,1.0000,4097,5.2709,10.1031,3998.3750,263.8493,211.40
4146,5.85150538,1.0000,4097,6.1043,12.1955,3968.2250,306.2392,211.45
4147,5.85150538,1.0000,4097,4.9263,10.1161,4009.4750,245.4056,211.50
4148,5.85184996,1.0000,4097,5.2474,10.7331,3995.6000,276.8353,211.55
4149,5.85184996,1.0000,4097,4.9312,8.4138,4016.0750,216.5560,211.60
4150,5.85274289,1.0000,4097,7.2417,11.5791,3948.0500,293.7792,211.65
4151,5.85274289,1.0000,4097,7.3209,12.2244,3949.6250,309.1479,211.70
4152,5.85274289,1.0000,4097,7.2725,10.5231,3966.0500,263.4374,211.75
4153,5.85274289,1.0000,4097,2.9195,7.8178,4060.1000,181.7307,211.80
4154,5.85274289,1.0000,4097,7.0076,12.4895,3960.0500,304.3119,211.86
4155,5.85274289,1.0000,4097,4.4280,7.0766,4015.4000,183.8185,211.91
4156,5.85274289,1.0000,4097,6.3143,10.9941,3969.5750,286.0190,211.96
4157,5.85274289,1.0000,4097,4.8518,9.0179,4002.6500,238.7819,212.01
4158,5.85274289,1.0000,4097,5.5277,9.7822,3988.7000,254.2231,212.06
4159,5.85274289,1.0000,4097,2.0149,2.7863,4088.1500,39.4072,212.11
4160,5.85274289,1.0000,4097,5.3402,10.2318,4012.9250,255.0578,212.16
4161,5.85274289,1.0000,4097,3.5406,7.0650,4038.8750,181.0118,212.21
4162,5.85274289,1.0000,4097,5.2328,9.4173,3990.7250,253.3277,212.26
4163,5.85274289,1.0000,4097,3.1210,8.1363,4051.7750,193.1362,212.31
4164,5.85274289,1.0000,4097,7.2303,15.4309,3946.4750,368.8926,212.36
4165,5.85274289,1.0000,4097,6.4385,13.1202,3977.0000,300.5463,212.41
4166,5.85274289,1.0000,4097,7.4659,12.5715,3948.5000,317.7183,212.46
4167,5.85274289,1.0000,4097,5.0616,7.8387,4006.6250,205.5517,212.51
4168,5.85274289,1.0000,4097,2.5855,6.6877,4062.2750,167.3759,212.56
4169,5.85274289,1.0000,4097,3.6014,6.1241,4052.2250,148.2231,212.60
4170,5.85274289,1.0000,4097,6.1184,12.9254,3974.0750,302.8971,212.66
4171,5.85274289,1.0000,4097,3.9770,9.6678,4030.4000,222.0073,212.71
4172,5.85274289,1.0000,4097,5.3927,9.7571,3983.0750,260.9694,212.76
4173,5.85274289,1.0000,4097,5.9700,11.8105,3995.9750,275.3637,212.81
4174,5.85274289,1.0000,4097,5.2483,9.7447,3996.8000,245.1578,212.87
4175,5.85274289,1.0000,4097,5.6775,10.8872,3984.9500,279.5089,212.91
4176,5.85274289,1.0000,4097,4.5117,10.1744,4025.9000,226.1811,212.96
4177,5.85274289,1.0000,4097,6.8088,12.9288,3964.1000,305.7589,213.01
4178,5.85274289,1.0000,4097,2.6829,5.3755,4061.0750,143.1985,213.06
4179,5.85274289,1.0000,4097,6.2329,11.0952,3970.7000,269.0707,213.11
4180,5.85274289,1.0000,4097,5.8354,12.3968,3986.2250,276.1902,213.16
4181,5.85274289,1.0000,4097,6.0369,13.8974,3980.2250,311.7665,213.21
4182,5.85274289,1.0000,4097,10.2762,16.7024,3865.1000,395.5516,213.27
4183,5.85274289,1.0000,4097,4.3371,10.1214,4028.2250,244.6411,213.32
4184,5.85274289,1.0000,4097,4.5741,7.6861,4011.8750,196.7971,213.37
4185,5.85274289,1.0000,4097,9.2378,14.7469,3894.3500,355.5291,213.42
4186,5.85308930,1.0000,4097,4.6909,11.1049,4017.4250,266.3503,213.47
4187,5.85322130,1.0000,4097,8.7291,12.2898,3903.9500,319.6708,213.51
4188,5.85322130,1.0000,4097,9.5687,17.2343,3890.1500,411.7788,213.56
4189,5.85322130,1.0000,4097,6.3167,10.9421,3966.0500,276.3101,213.61
4190,5.85322130,1.0000,4097,4.5186,8.9101,4013.4500,229.3760,213.66
4191,5.85322130,1.0000,4097,4.4755,9.6069,4013.4500,247.7041,213.71
4192,5.85322130,1.0000,4097,4.0392,9.0373,4029.8000,225.5920,213.76
4193,5.85322130,1.0000,4097,5.1859,10.0735,3989.5250,265.9859,213.81
4194,5.85322130,1.0000,4097,6.2957,11.7405,3977.0000,298.2745,213.86
4195,5.85322130,1.0000,4097,4.1260,8.8248,4030.8500,211.0239,213.91
4196,5.85322130,1.0000,4097,7.6330,11.0888,3931.9250,295.0950,213.96
4197,5.85354481,1.0000,4097,4.6229,7.3640,4008.7250,193.1763,214.01
4198,5.85374183,1.0000,4097,3.7860,7.1703,4026.1250,192.5052,214.06
4199,5.85374183,1.0000,4097,6.1038,10.8197,3977.6000,277.2000,214.11
4200,5.85374183,1.0000,4097,5.3275,8.9330,4000.6250,231.0518,214.16
4201,5.85503017,1.0000,4097,4.5685,9.3287,4018.5500,228.3230,214.21
4202,5.85503017,1.0000,4097,2.3603,5.7023,4068.3500,144.3760,214.25
4203,5.85503017,1.0000,4097,4.1138,8.2061,4017.9500,216.9703,214.30
4204,5.85503017,1.0000,4097,4.9990,11.6103,4005.5000,264.4309,214.35
4205,5.85503017,1.0000,4097,4.6323,7.1055,4028.9000,184.4759,214.40
4206,5.85503017,1.0000,4097,8.6720,14.8198,3925.9250,329.3971,214.46
4207,5.85503017,1.0000,4097,3.1017,5.8688,4055.6000,143.7485,214.51
4208,5.85503017,1.0000,4097,6.6045,10.7509,3959.3750,280.1518,214.55
4209,5.85503017,1.0000,4097,10.6587,17.3870,3872.0750,402.4858,214.61
4210,5.85503017,1.0000,4097,4.7400,12.5424,4012.4750,286.1023,214.66
4211,5.85503017,1.0000,4097,4.3271,8.8463,4016.3750,230.5068,214.71
4212,5.85503017,1.0000,4097,8.3380,14.1565,3918.9500,355.0272,214.76
4213,5.85503352,1.0000,4097,4.1505,7.6041,4016.9750,206.3799,214.81
4214,5.85503352,1.0000,4097,2.0094,5.7172,4073.6750,145.6646,214.86
4215,5.85503352,1.0000,4097,6.2616,11.3031,3968.6750,295.4037,214.91
4216,5.85503352,1.0000,4097,6.4813,12.4606,3976.7750,302.5009,214.96
4217,5.85503352,1.0000,4097,5.4028,9.1165,3990.5750,240.7741,215.01
4218,5.85503352,1.0000,4097,11.3690,18.9444,3857.9750,425.2654,215.06
4219,5.85503352,1.0000,4097,5.5026,9.5007,3988.4000,256.5440,215.11
4220,5.85503352,1.0000,4097,4.1041,7.3706,4031.0750,187.2797,215.16
4221,5.85503352,1.0000,4097,5.0139,9.1494,4008.5750,239.2610,215.21
4222,5.85503352,1.0000,4097,4.7845,8.9192,4018.7750,224.3474,215.27
4223,5.85503352,1.0000,4097,6.7870,10.7159,3944.6750,288.8741,215.32
4224,5.85503352,1.0000,4097,7.0478,12.7442,3950.1500,329.9897,215.37
4225,5.85503352,1.0000,4097,5.5826,12.5064,3984.2000,307.3505,215.42
4226,5.85503352,1.0000,4097,3.8586,8.2720,4035.2000,210.5583,215.47
4227,5.85503352,1.0000,4097,1.6141,2.4212,4088.0750,44.2715,215.52
4228,5.85503352,1.0000,4097,6.8238,13.0116,3966.0500,310.2126,215.57
4229,5.85503352,1.0000,4097,4.7493,8.8175,4001.2250,228.9998,215.62
4230,5.85503352,1.0000,4097,6.8477,10.7975,3955.6250,283.8444,215.67
4231,5.85503352,1.0000,4097,3.0398,5.6248,4053.0500,145.6971,215.72
4232,5.85503352,1.0000,4097,6.3525,13.0044,3979.7000,299.7650,215.77
4233,5.85503352,1.0000,4097,5.5888,11.0334,3986.0000,271.7907,215.81
4234,5.85503352,1.0000,4097,3.5992,8.0678,4035.1250,207.0279,215.86
4235,5.85503352,1.0000,4097,5.8587,12.6571,3990.8750,295.0471,215.91
4236,5.85503352,1.0000,4097,4.3782,8.0635,4017.8000,205.9067,215.96
4237,5.85531156,1.0000,4097,4.5101,9.1418,4012.7000,237.7316,216.01
4238,5.85531156,1.0000,4097,5.2680,11.0472,3986.7500,281.0944,216.06
4239,5.85531156,1.0000,4097,3.6631,7.2723,4031.0750,199.1348,216.11
4240,5.85531156,1.0000,4097,2.9276,7.3134,4053.4250,190.0246,216.16
4241,5.85531156,1.0000,4097,4.7397,8.7722,4008.0500,228.9047,216.21
4242,5.85531156,1.0000,4097,6.2819,12.2267,3967.7000,306.6836,216.26
4243,5.85531156,1.0000,4097,8.2669,14.7343,3936.1250,348.6167,216.31
4244,5.85531156,1.0000,4097,7.8492,15.6886,3928.5500,375.8891,216.36
4245,5.85531156,1.0000,4097,7.6639,14.5594,3936.3500,351.6423,216.41
4246,5.85839950,1.0000,4097,3.8558,8.3137,4036.4000,214.0539,216.46
4247,5.85839950,1.0000,4097,4.4931,9.0325,4009.3250,231.4753,216.51
4248,5.85839950,1.0000,4097,7.3150,13.9736,3944.3000,334.9825,216.56
4249,5.85839950,1.0000,4097,3.4372,5.4589,4042.7750,130.1277,216.60
4250,5.85839950,1.0000,4097,5.1568,9.9380,4015.6250,249.9814,216.65
4251,5.85839950,1.0000,4097,4.5714,8.6712,4012.6250,227.9459,216.70
4252,5.85839950,1.0000,4097,7.1606,15.2842,3951.7250,346.6291,216.76
4253,5.85839950,1.0000,4097,4.3652,8.2450,4022.9000,211.7044,216.81
4254,5.85839950,1.0000,4097,8.2576,16.7053,3934.0250,374.8100,216.86
4255,5.85842630,1.0000,4097,5.3322,10.9708,3995.2250,277.6584,216.91
4256,5.85842630,1.0000,4097,3.7912,6.8921,4032.5000,183.6211,216.96
4257,5.85842630,1.0000,4097,4.8920,12.1225,4009.9250,273.7198,217.01
4258,5.85842630,1.0000,4097,9.7660,16.1735,3878.5250,403.4141,217.06
4259,5.85842630,1.0000,4097,7.7053,13.5147,3938.3750,319.4276,217.11
4260,5.85842630,1.0000,4097,7.5534,12.6357,3944.9750,325.5252,217.16
4261,5.85842630,1.0000,4097,5.1458,11.9735,4003.6250,275.1625,217.20
4262,5.85842630,1.0000,4097,4.4782,9.2255,4012.8500,235.9381,217.25
4263,5.85842630,1.0000,4097,5.0651,8.7734,3997.5500,240.4005,217.30
4264,5.85842630,1.0000,4097,6.6305,13.2099,3961.1000,318.9969,217.35
4265,5.85842630,1.0000,4097,4.6075,7.9139,4009.7750,214.5214,217.41
4266,5.85842630,1.0000,4097,7.8094,12.7278,3928.5500,327.9410,217.46
4267,5.85842630,1.0000,4097,6.0597,10.9388,3976.1750,281.5864,217.50
4268,5.85842630,1.0000,4097,3.8730,7.5048,4033.4000,189.1323,217.56
4269,5.85842630,1.0000,4097,5.4323,10.4822,3987.6500,271.4361,217.60
4270,5.85842630,1.0000,4097,4.6162,10.5487,4021.1000,255.0760,217.65
4271,5.85949369,1.0000,4097,2.5861,4.3347,4068.2000,97.1180,217.70
4272,5.85949369,1.0000,4097,5.2533,10.4195,3998.1500,266.5310,217.75
4273,5.85949369,1.0000,4097,6.7406,9.8069,3957.8750,260.5623,217.80
4274,5.85949369,1.0000,4097,5.6972,11.3110,3991.1000,276.8150,217.86
4275,5.85949369,1.0000,4097,8.2460,14.2377,3915.2000,356.6745,217.91
4276,5.85949369,1.0000,4097,3.5103,7.4685,4035.3500,192.6738,217.96
4277,5.85949369,1.0000,4097,6.4578,11.9588,3976.5500,297.0459,218.01
4278,5.85951010,1.0000,4097,3.3657,6.3517,4043.6000,167.6262,218.05
4279,5.85951010,1.0000,4097,5.0731,9.8458,4003.5500,249.9070,218.10
4280,5.85951010,1.0000,4097,5.7645,14.3324,3988.4750,315.7961,218.15
4281,5.85951010,1.0000,4097,6.4486,11.7054,3964.4000,302.8657,218.21
4282,5.85951010,1.0000,4097,6.5601,13.4625,3969.2000,327.9748,218.26
4283,5.85951010,1.0000,4097,4.6965,8.9324,4005.1250,227.8566,218.31
4284,5.85951010,1.0000,4097,3.7826,6.7597,4028.0750,175.1773,218.36
4285,5.85951010,1.0000,4097,3.3845,5.9283,4051.8500,147.0152,218.41
4286,5.85951010,1.0000,4097,4.2128,8.2631,4022.0000,225.2668,218.46
4287,5.85951010,1.0000,4097,6.4793,12.2410,3967.2500,292.9034,218.51
4288,5.85951010,1.0000,4097,4.4497,9.0199,4015.7000,230.9453,218.56
4289,5.85951010,1.0000,4097,2.1952,3.8268,4075.6250,87.3386,218.61
4290,5.85951010,1.0000,4097,8.3233,15.6866,3933.2750,376.9914,218.66
4291,5.85951010,1.0000,4097,3.2548,6.9352,4047.9500,175.3429,218.71
4292,5.85951010,1.0000,4097,6.7128,10.5948,3971.4500,268.7517,218.76
4293,5.85951010,1.0000,4097,8.5419,15.2322,3915.0500,369.7392,218.81
4294,5.85951010,1.0000,4097,5.2183,12.2361,4005.5750,289.1843,218.86
4295,5.85951010,1.0000,4097,5.0322,10.8111,4002.1250,268.8130,218.91
4296,5.85951010,1.0000,4097,4.8447,11.1348,4001.4500,283.5742,218.95
4297,5.85951010,1.0000,4097,6.3458,13.0160,3977.8250,307.3280,219.00
4298,5.85951010,1.0000,4097,6.7738,13.2871,3971.3750,311.3562,219.05
4299,5.85951010,1.0000,4097,6.9411,12.8151,3944.9750,326.8626,219.10
4300,5.85951010,1.0000,4097,4.6858,8.7167,4015.6250,226.5687,219.15
4301,5.85951010,1.0000,4097,6.4850,11.5096,3964.2500,294.8191,219.20
4302,5.85951010,1.0000,4097,4.9195,8.5097,3999.6500,227.1962,219.25
4303,5.85951010,1.0000,4097,4.3392,8.2018,4010.9000,221.5721,219.30
4304,5.85951010,1.0000,4097,4.9090,10.1706,4000.3250,263.6695,219.35
4305,5.85951010,1.0000,4097,4.9332,8.2258,4001.9750,223.0257,219.40
4306,5.85981941,1.0000,4097,7.8381,14.1457,3936.9500,348.4901,219.45
4307,5.85981941,1.0000,4097,5.2981,10.0965,4001.0000,242.8305,219.50
4308,5.85981941,1.0000,4097,5.5744,13.8023,4006.9250,290.3742,219.54
4309,5.85981941,1.0000,4097,5.3340,11.3672,3988.9250,281.4013,219.59
4310,5.85981941,1.0000,4097,6.1196,12.9108,3972.1250,308.2693,219.64
4311,5.85981941,1.0000,4097,5.1012,9.1088,3992.0000,243.8273,219.69
4312,5.85981941,1.0000,4097,3.5512,6.0744,4038.8750,160.8441,219.74
4313,5.85992723,1.0000,4097,4.7238,9.1333,4007.2250,243.2428,219.79
4314,5.85992723,1.0000,4097,4.2706,10.1010,4015.3250,242.9625,219.84
4315,5.85992723,1.0000,4097,4.4909,10.8774,4019.0000,262.1140,219.89
4316,5.85992723,1.0000,4097,2.4752,5.1984,4068.5000,132.9274,219.94
4317,5.85992723,1.0000,4097,5.6535,11.3227,3980.5250,292.8858,219.98
4318,5.85992723,1.0000,4097,4.4942,8.7210,4009.9250,227.1017,220.03
4319,5.86032729,1.0000,4097,4.1747,7.2423,4020.1250,191.2082,220.08
4320,5.86032729,1.0000,4097,6.4203,11.8915,3964.7000,304.6114,220.14
4321,5.86032729,1.0000,4097,4.0094,7.6124,4030.3250,195.6514,220.18
4322,5.86032729,1.0000,4097,7.8109,13.2464,3933.4250,334.1332,220.23
4323,5.86032729,1.0000,4097,4.6584,11.8145,4022.0750,270.2203,220.28
4324,5.86422153,1.0000,4097,4.6693,9.1825,4002.8000,239.8113,220.33
4325,5.86422153,1.0000,4097,8.2610,12.2714,3919.4750,304.7474,220.38
4326,5.86422153,1.0000,4097,6.9006,13.0513,3966.5000,321.4168,220.43
4327,5.86422153,1.0000,4097,3.6214,6.3642,4035.2750,169.4879,220.48
4328,5.86422153,1.0000,4097,6.3930,13.7653,3963.0500,333.4717,220.53
4329,5.86422153,1.0000,4097,9.0766,15.0465,3915.7250,365.5066,220.58
4330,5.86422153,1.0000,4097,4.5940,9.0976,4006.9250,239.9695,220.63
4331,5.86422153,1.0000,4097,5.2702,10.8072,3987.8000,282.0022,220.68
4332,5.86422153,1.0000,4097,5.8944,10.5709,3979.3250,268.5448,220.73
4333,5.86422153,1.0000,4097,2.3469,4.9523,4065.4250,137.6359,220.78
4334,5.86422153,1.0000,4097,4.9256,9.8545,4006.3250,252.5383,220.83
4335,5.86422153,1.0000,4097,4.1747,9.0642,4023.2750,221.9157,220.88
4336,5.86422153,1.0000,4097,10.8226,18.5164,3876.8750,420.8834,220.93
4337,5.86422153,1.0000,4097,4.6181,8.3665,4017.8000,212.1700,220.98
4338,5.86422153,1.0000,4097,9.2800,15.8784,3911.0000,375.6828,221.03
4339,5.86422153,1.0000,4097,7.1253,14.4047,3957.5000,345.2223,221.08
4340,5.86422153,1.0000,4097,6.1574,10.8963,3971.6000,283.8531,221.13
4341,5.86422153,1.0000,4097,4.4329,9.9470,4025.1500,246.3637,221.19
4342,5.86422153,1.0000,4097,3.7375,7.0102,4032.4250,182.2312,221.24
4343,5.86422153,1.0000,4097,3.2681,7.1877,4041.4250,186.8183,221.29
4344,5.86422153,1.0000,4097,5.1670,10.7849,3997.2500,274.4932,221.34
4345,5.86422153,1.0000,4097,3.5055,8.8517,4037.0750,220.7412,221.39
4346,5.86422153,1.0000,4097,5.6232,10.4802,3985.7750,269.6593,221.44
4347,5.86422153,1.0000,4097,4.0110,6.8512,4033.4750,175.5819,221.49
4348,5.86422153,1.0000,4097,4.9484,9.3096,3994.5500,247.3686,221.54
4349,5.86422153,1.0000,4097,3.0235,4.8548,4060.0250,114.1723,221.59
4350,5.86422153,1.0000,4097,9.4206,14.9122,3903.2000,364.7831,221.64
4351,5.86422153,1.0000,4097,7.4794,14.6225,3945.4250,337.0464,221.69
4352,5.86422153,1.0000,4097,3.2764,6.5349,4055.1500,166.7336,221.74
4353,5.86422153,1.0000,4097,7.4150,16.2320,3951.8750,354.2832,221.79
4354,5.86422153,1.0000,4097,4.2745,8.9178,4022.6000,229.2746,221.84
4355,5.86422153,1.0000,4097,6.3729,12.4509,3983.3750,295.2213,221.89
4356,5.86422153,1.0000,4097,4.5857,8.2653,4020.2000,212.1499,221.94
4357,5.86422153,1.0000,4097,5.0932,9.4836,3989.9750,252.2574,221.99
4358,5.86422153,1.0000,4097,6.5382,10.7754,3957.5000,287.1785,222.04
4359,5.86422153,1.0000,4097,3.8782,7.4429,4026.4250,201.1678,222.10
4360,5.86422153,1.0000,4097,2.9689,5.2059,4054.0250,127.3471,222.15
4361,5.86422153,1.0000,4097,4.0025,7.0904,4027.5500,193.0175,222.19
4362,5.86422153,1.0000,4097,5.6019,10.2831,3994.5500,267.0502,222.24
4363,5.86422153,1.0000,4097,3.5767,8.4267,4033.4750,212.2825,222.29
4364,5.86422153,1.0000,4097,5.4735,10.3322,3995.7500,264.9781,222.34
4365,5.86422153,1.0000,4097,6.8084,13.9791,3960.6500,336.1673,222.38
4366,5.86422153,1.0000,4097,4.5197,9.4191,4026.3500,229.4058,222.43
4367,5.86422153,1.0000,4097,9.1245,16.1512,3909.5000,373.5283,222.48
4368,5.86422153,1.0000,4097,3.0431,6.2232,4050.5750,165.5418,222.53
4369,5.86422153,1.0000,4097,5.5853,10.9252,3982.8500,282.5930,222.58
4370,5.86422153,1.0000,4097,6.3567,13.6421,3967.5500,329.2495,222.63
4371,5.86422153,1.0000,4097,6.6235,12.6689,3963.5000,306.6904,222.68
4372,5.86422153,1.0000,4097,5.7171,9.0941,3988.6250,235.0880,222.73
4373,5.86422153,1.0000,4097,4.0976,7.5191,4025.5250,190.7100,222.78
4374,5.86422153,1.0000,4097,7.7481,13.9320,3948.8750,325.9446,222.83
4375,5.86422153,1.0000,4097,7.9270,12.3473,3926.6000,318.6412,222.88
4376,5.86422153,1.0000,4097,3.0472,5.7346,4046.3000,156.2173,222.93
4377,5.86422153,1.0000,4097,4.5972,9.8037,4012.4750,246.8089,222.98
4378,5.86422153,1.0000,4097,6.2652,13.0201,3972.2000,315.6784,223.03
4379,5.86422153,1.0000,4097,6.8404,9.9635,3962.8250,271.0861,223.08
4380,5.86422153,1.0000,4097,6.0256,12.6148,3982.1000,301.6173,223.13
4381,5.86422153,1.0000,4097,5.3815,14.8055,4018.9250,297.6655,223.18
4382,5.86424033,1.0000,4097,3.3619,7.0344,4048.1000,183.8283,223.23
4383,5.86424033,1.0000,4097,5.2033,9.4258,3995.8250,249.4784,223.28
4384,5.86424033,1.0000,4097,4.4187,9.8997,4015.6250,242.8038,223.33
4385,5.86424033,1.0000,4097,4.3029,10.3947,4013.3000,265.3015,223.38
4386,5.86424033,1.0000,4097,8.1641,16.5132,3925.1000,387.1245,223.43
4387,5.86424033,1.0000,4097,6.7437,12.7937,3956.8250,313.6349,223.48
4388,5.86424033,1.0000,4097,3.5269,6.1909,4044.9500,159.1196,223.53
4389,5.86424033,1.0000,4097,7.3322,12.8373,3948.2000,315.2376,223.58
4390,5.86424033,1.0000,4097,5.3553,12.0889,3992.3000,284.6768,223.62
4391,5.86424033,1.0000,4097,4.0144,7.3447,4025.2250,190.0925,223.67
4392,5.86424033,1.0000,4097,6.4665,13.3876,3969.9500,329.0390,223.72
4393,5.86424033,1.0000,4097,5.2352,14.6237,4006.8500,318.7851,223.77
4394,5.86424033,1.0000,4097,2.7162,6.1779,4059.5750,163.1735,223.82
4395,5.86424033,1.0000,4097,3.5064,6.4644,4042.0250,173.0540,223.86
4396,5.86424033,1.0000,4097,3.6878,9.4243,4041.7250,221.0899,223.92
4397,5.86424033,1.0000,4097,7.5292,11.7829,3943.7750,307.5244,223.96
4398,5.86424033,1.0000,4097,4.8455,7.9558,4005.4250,216.8328,224.01
4399,5.86424033,1.0000,4097,6.6140,10.6816,3965.0000,276.4293,224.07
4400,5.86424033,1.0000,4097,4.0625,9.5120,4026.9500,242.6790,224.12
4401,5.86424033,1.0000,4097,8.1296,14.7973,3920.6000,366.0198,224.16
4402,5.86424033,1.0000,4097,4.8380,7.3129,4016.2250,193.6248,224.21
4403,5.86424033,1.0000,4097,5.0481,7.7456,3998.4500,203.6219,224.26
4404,5.86424131,1.0000,4097,6.7081,12.6790,3961.7750,319.7657,224.31
4405,5.86500519,1.0000,4097,5.8524,11.4807,3979.3250,287.6369,224.36
4406,5.86500519,1.0000,4097,7.4977,15.0617,3956.9750,339.4453,224.41
4407,5.86500519,1.0000,4097,3.7081,7.5531,4037.3750,191.5650,224.46
4408,5.86500519,1.0000,4097,4.5492,11.0935,4023.6500,257.4430,224.51
4409,5.86500519,1.0000,4097,5.7747,10.3129,3983.0750,259.0613,224.56
4410,5.86500519,1.0000,4097,6.7536,11.8392,3958.1750,289.8689,224.61
4411,5.86500519,1.0000,4097,3.7918,7.6110,4040.9750,190.7377,224.66
4412,5.86500519,1.0000,4097,7.9157,14.3989,3920.6750,365.5340,224.71
4413,5.86500519,1.0000,4097,3.3132,7.3564,4047.1250,186.7397,224.76
4414,5.86500519,1.0000,4097,7.6451,19.9075,3963.7250,386.0202,224.81
4415,5.86500519,1.0000,4097,4.5739,9.0982,4011.8000,239.8273,224.86
4416,5.86500519,1.0000,4097,2.8454,5.1710,4060.1000,134.7484,224.91
4417,5.86500519,1.0000,4097,4.5172,8.6002,4019.9000,207.8907,224.95
4418,5.86500519,1.0000,4097,7.5552,14.3239,3941.3750,328.8075,225.00
4419,5.86500519,1.0000,4097,6.7650,14.6650,3969.8000,332.9782,225.05
4420,5.86500519,1.0000,4097,5.5112,9.8944,3995.6750,251.4078,225.11
4421,5.86500519,1.0000,4097,7.7520,11.6877,3928.6250,303.0662,225.17
4422,5.86500519,1.0000,4097,5.0590,9.7395,3995.9750,254.2430,225.22
4423,5.86500519,1.0000,4097,7.3389,12.5637,3937.6250,314.9394,225.27
4424,5.86500519,1.0000,4097,4.3086,6.7680,4019.0750,179.6891,225.33
4425,5.86500519,1.0000,4097,5.1701,10.6957,4006.7000,244.6268,225.38
4426,5.86500519,1.0000,4097,2.8005,5.4378,4055.6000,141.7102,225.44
4427,5.86500519,1.0000,4097,2.9734,5.6354,4049.6750,150.3603,225.49
4428,5.86500519,1.0000,4097,2.6593,5.6610,4055.9750,155.9674,225.54
4429,5.86500519,1.0000,4097,4.1119,8.4997,4022.2250,228.7069,225.59
4430,5.86500519,1.0000,4097,6.4167,11.5196,3968.0750,293.7868,225.64
4431,5.86500519,1.0000,4097,3.7742,8.4457,4033.8500,213.3609,225.69
4432,5.86500519,1.0000,4097,3.1428,6.1170,4047.8000,156.4750,225.74
4433,5.86500519,1.0000,4097,4.8730,9.1203,4008.6500,237.1556,225.79
4434,5.86500519,1.0000,4097,5.2778,8.9025,3998.0000,230.5291,225.84
4435,5.86500519,1.0000,4097,5.0930,8.9787,4002.4250,231.6012,225.89
4436,5.86500519,1.0000,4097,4.7127,9.5873,4010.1500,236.6209,225.95
4437,5.86500519,1.0000,4097,4.8783,9.7977,4011.0500,246.4711,226.00
4438,5.86500519,1.0000,4097,5.2904,8.8838,3991.4750,234.8761,226.06
4439,5.86500519,1.0000,4097,7.6431,12.5457,3929.5250,320.2540,226.11
4440,5.86500519,1.0000,4097,9.1296,14.5682,3890.6000,368.9605,226.16
4441,5.86501597,1.0000,4097,8.8490,14.5555,3904.1750,361.5921,226.21
4442,5.86513596,1.0000,4097,4.5668,10.4511,4007.4500,255.7362,226.26
4443,5.86513596,1.0000,4097,4.3302,11.4645,4021.5500,243.4085,226.30
4444,5.86513596,1.0000,4097,4.2168,7.7675,4016.0000,216.1801,226.36
4445,5.86513596,1.0000,4097,3.5809,7.5165,4040.6000,195.1133,226.40
4446,5.86513596,1.0000,4097,5.0313,10.0506,4003.1000,261.3861,226.45
4447,5.86513596,1.0000,4097,3.9987,9.3943,4017.5750,246.2359,226.50
4448,5.86513596,1.0000,4097,6.1542,12.0400,3976.5500,300.8572,226.55
4449,5.86513596,1.0000,4097,3.7454,7.0235,4034.3000,190.6863,226.60
4450,5.86513596,1.0000,4097,5.7027,11.6858,3979.9250,299.1968,226.64
4451,5.86531748,1.0000,4097,3.9937,7.7261,4033.3250,193.4924,226.69
4452,5.86531748,1.0000,4097,4.1374,8.5492,4020.7250,225.6599,226.74
4453,5.86534789,1.0000,4097,4.3746,8.3427,4025.0750,211.3813,226.79
4454,5.86534789,1.0000,4097,5.0777,9.7451,4008.6500,239.9709,226.84
4455,5.86534789,1.0000,4097,7.5533,14.5351,3945.4250,349.6204,226.89
4456,5.86534789,1.0000,4097,4.4452,7.7243,4027.1750,193.6848,226.94
4457,5.86534789,1.0000,4097,5.3623,9.8887,3986.2250,257.0506,226.99
4458,5.86534789,1.0000,4097,6.8325,11.7072,3971.2250,298.6826,227.03
4459,5.86534789,1.0000,4097,4.6276,8.0207,4024.3250,211.9129,227.08
4460,5.86534789,1.0000,4097,4.7196,9.1483,4022.5250,234.3708,227.13
4461,5.86534789,1.0000,4097,3.4165,7.9592,4044.5750,185.6646,227.18
4462,5.86551021,1.0000,4097,6.3187,10.0887,3963.5000,270.3173,227.24
4463,5.86551021,1.0000,4097,6.7411,12.7099,3957.9500,309.4661,227.29
4464,5.86551021,1.0000,4097,4.6265,9.6041,4013.7500,246.6127,227.34
4465,5.86551021,1.0000,4097,6.4014,13.7739,3969.5750,318.6121,227.38
4466,5.86551021,1.0000,4097,7.3234,13.4170,3947.0750,329.3786,227.43
4467,5.86551021,1.0000,4097,4.7652,8.6566,4015.1000,223.7588,227.48
4468,5.86551021,1.0000,4097,4.0429,9.0800,4027.5500,221.4658,227.53
4469,5.86551021,1.0000,4097,3.8483,6.5674,4044.0500,159.4713,227.58
4470,5.86551021,1.0000,4097,4.0632,7.1370,4028.5250,191.5023,227.63
4471,5.86551021,1.0000,4097,7.3196,11.4628,3949.2500,295.0411,227.68
4472,5.86551021,1.0000,4097,8.8257,16.4697,3912.6500,389.2660,227.73
4473,5.86551021,1.0000,4097,6.8069,9.8665,3963.6500,267.9866,227.78
4474,5.86551021,1.0000,4097,5.1020,10.7846,4003.9250,269.4064,227.83
4475,5.86612162,1.0000,4097,7.6624,12.3342,3927.2750,316.7486,227.88
4476,5.86612162,1.0000,4097,4.7975,9.3265,4011.2750,244.0670,227.93
4477,5.86612162,1.0000,4097,4.8296,8.9742,4003.9250,233.0360,227.98
4478,5.86612162,1.0000,4097,2.7252,5.7118,4057.1750,151.1476,228.03
4479,5.86612162,1.0000,4097,4.6765,12.8857,4009.5500,281.9813,228.08
4480,5.86612162,1.0000,4097,4.7299,9.3139,4002.6500,243.2471,228.13
4481,5.86612162,1.0000,4097,3.5092,8.8942,4033.1000,230.0065,228.18
4482,5.86612162,1.0000,4097,6.3932,12.9047,3978.5750,298.4254,228.23
4483,5.86631536,1.0000,4097,6.9659,11.7207,3956.1500,303.5616,228.28
4484,5.86631536,1.0000,4097,5.4299,12.6371,3999.9500,285.1772,228.33
4485,5.86631536,1.0000,4097,5.2446,13.3535,4003.2500,306.5515,228.38
4486,5.86631536,1.0000,4097,3.1333,8.3475,4045.4750,211.4616,228.43
4487,5.86631536,1.0000,4097,2.1328,4.3831,4075.3250,114.9092,228.48
4488,5.86631536,1.0000,4097,5.9826,9.9711,3971.4500,267.1976,228.53
4489,5.86631536,1.0000,4097,6.4339,9.3025,3960.0500,247.0902,228.58
4490,5.86631536,1.0000,4097,4.7223,7.4016,4015.7750,196.9682,228.63
4491,5.86631536,1.0000,4097,4.1656,7.4152,4025.3750,195.5786,228.68
4492,5.86631536,1.0000,4097,6.8296,12.1802,3953.5250,319.6485,228.73
4493,5.86631536,1.0000,4097,7.0841,13.3011,3966.1250,305.8188,228.78
4494,5.86631536,1.0000,4097,3.7994,9.2479,4031.1500,237.0825,228.83
4495,5.86631536,1.0000,4097,8.1070,13.7827,3918.4250,352.0344,228.89
4496,5.86631536,1.0000,4097,4.1750,7.1302,4021.5500,187.2389,228.94
4497,5.86641130,1.0000,4097,5.2365,8.8998,3997.4750,232.0979,229.00
4498,5.86641130,1.0000,4097,3.2343,6.3855,4042.7000,172.1367,229.05
4499,5.86641130,1.0000,4097,5.0749,11.9656,4008.6500,278.2287,229.09
4500,5.86641130,1.0000,4097,4.7271,10.6970,4006.6250,267.8827,229.14
4501,5.86641130,1.0000,4097,8.4329,15.0880,3930.2750,348.0665,229.19
4502,5.86641130,1.0000,4097,5.5155,11.4194,3994.4000,286.2629,229.24
4503,5.86641130,1.0000,4097,2.3678,6.6159,4064.7500,166.1385,229.29
4504,5.86641130,1.0000,4097,3.1119,5.8357,4045.7000,151.0758,229.34
4505,5.86641130,1.0000,4097,3.3015,6.2757,4040.6750,164.3873,229.39
4506,5.86641130,1.0000,4097,4.8268,8.5610,4008.4250,224.0901,229.44
4507,5.86740716,1.0000,4097,3.3567,6.5709,4036.6250,183.1109,229.49
4508,5.86740716,1.0000,4097,4.0800,8.4249,4030.4000,218.2025,229.54
4509,5.86740716,1.0000,4097,5.4802,9.4937,3995.5250,247.7734,229.59
4510,5.86740716,1.0000,4097,9.8817,18.1835,3894.6500,405.9655,229.64
4511,5.86740716,1.0000,4097,3.5193,7.0306,4034.9750,188.9552,229.69
4512,5.86740716,1.0000,4097,4.5224,10.6237,4012.6250,261.4283,229.74
4513,5.86740716,1.0000,4097,3.5617,6.9018,4030.1750,181.9296,229.79
4514,5.86740716,1.0000,4097,7.9312,17.4791,3950.0000,385.7293,229.84
4515,5.86740716,1.0000,4097,5.6734,9.7214,3993.9500,235.2195,229.89
4516,5.86740716,1.0000,4097,5.6728,10.8889,3985.8500,281.2474,229.94
4517,5.86740716,1.0000,4097,8.8929,15.5924,3908.2250,366.0531,229.99
4518,5.86740716,1.0000,4097,4.7273,8.6744,4009.9250,229.6416,230.04
4519,5.86740716,1.0000,4097,5.2691,8.8049,3989.6000,238.3190,230.09
4520,5.86740716,1.0000,4097,4.9900,11.7933,4013.0000,268.3734,230.15
4521,5.86740716,1.0000,4097,7.5800,15.9190,3947.8250,364.1418,230.20
4522,5.86740716,1.0000,4097,7.4799,15.4501,3948.5750,349.3699,230.25
4523,5.86740716,1.0000,4097,6.2315,10.9292,3966.7250,288.0687,230.30
4524,5.86740716,1.0000,4097,6.6038,11.5305,3970.7750,286.7405,230.35
4525,5.86740716,1.0000,4097,5.3861,10.3498,3985.9250,270.4525,230.40
4526,5.86740716,1.0000,4097,2.5923,4.8817,4071.4250,120.8836,230.45
4527,5.86740716,1.0000,4097,8.9543,13.8379,3894.7250,348.8123,230.50
4528,5.86760821,1.0000,4097,6.2080,12.8794,3973.8500,302.7139,230.55
4529,5.86760821,1.0000,4097,4.1377,9.2557,4028.3750,233.6364,230.60
4530,5.86760821,1.0000,4097,4.8277,8.1918,3998.2250,221.1667,230.65
4531,5.86760821,1.0000,4097,4.6466,10.4396,4012.0250,263.1262,230.70
4532,5.86760821,1.0000,4097,2.0937,3.1612,4082.4500,71.7450,230.75
4533,5.86760821,1.0000,4097,4.0224,8.3265,4024.0250,214.4070,230.79
4534,5.86760821,1.0000,4097,4.6108,9.4125,4006.8500,249.4856,230.84
4535,5.86760821,1.0000,4097,5.6662,12.3798,3995.0750,284.4512,230.89
4536,5.86760821,1.0000,4097,4.3889,7.3864,4015.8500,195.9943,230.94
4537,5.86760821,1.0000,4097,6.2057,11.0303,3969.4250,287.6466,230.99
4538,5.86760821,1.0000,4097,5.9511,12.1764,3981.8750,287.1697,231.04
4539,5.86760821,1.0000,4097,3.9539,8.6225,4021.3250,227.6400,231.09
4540,5.86760821,1.0000,4097,5.5675,11.3992,3980.7500,289.3583,231.14
4541,5.86760821,1.0000,4097,4.5960,11.8013,4015.1000,282.3375,231.19
4542,5.86760821,1.0000,4097,7.5170,11.9485,3935.3000,308.8178,231.24
4543,5.86760821,1.0000,4097,5.7045,13.7983,3990.9500,307.7739,231.30
4544,5.86760821,1.0000,4097,8.2341,14.7112,3931.5500,346.7282,231.35
4545,5.86760821,1.0000,4097,6.8332,13.5605,3958.0250,340.9968,231.40
4546,5.86760821,1.0000,4097,3.7028,8.3966,4037.1500,205.3236,231.45
4547,5.86760821,1.0000,4097,5.3154,10.4395,3990.5750,266.8390,231.50
4548,5.86769859,1.0000,4097,6.7000,13.0399,3961.8500,325.6658,231.54
4549,5.86769859,1.0000,4097,2.9701,5.5811,4049.6000,144.0034,231.59
4550,5.86769859,1.0000,4097,3.2005,7.4571,4044.2000,185.3782,231.64
4551,5.86769859,1.0000,4097,6.3282,10.9908,3974.4500,284.6307,231.69
4552,5.86769859,1.0000,4097,7.3653,12.6023,3951.8750,306.3400,231.74
4553,5.86769859,1.0000,4097,2.4277,5.9192,4061.9000,155.8185,231.79
4554,5.86769859,1.0000,4097,5.2822,10.9635,4005.2000,257.1761,231.84
4555,5.86779342,1.0000,4097,7.4448,14.0320,3946.7000,329.5236,231.89
4556,5.86779342,1.0000,4097,10.4468,18.2773,3882.5000,411.2217,231.94
4557,5.86779342,1.0000,4097,3.5332,6.5874,4035.7250,176.0822,231.99
4558,5.86779342,1.0000,4097,4.8344,8.9272,3997.3250,237.8628,232.04
4559,5.86779342,1.0000,4097,7.0057,13.1011,3968.5250,326.3546,232.09
4560,5.86865697,1.0000,4097,3.4479,5.7552,4044.7250,143.4409,232.14
4561,5.86865697,1.0000,4097,4.6677,8.6600,4006.1000,227.2539,232.19
4562,5.86865697,1.0000,4097,6.3267,12.4873,3965.6000,308.9186,232.24
4563,5.86865697,1.0000,4097,4.6443,8.1700,4011.9500,214.4555,232.29
4564,5.86865697,1.0000,4097,5.0541,8.8310,3995.6750,232.9858,232.33
4565,5.86865697,1.0000,4097,6.9267,9.9116,3962.6750,260.8392,232.38
4566,5.86865697,1.0000,4097,1.4608,1.9582,4090.7750,38.8751,232.43
4567,5.86865697,1.0000,4097,7.2177,13.2208,3950.0000,321.4399,232.49
4568,5.86865697,1.0000,4097,4.8825,8.5940,4006.5500,223.4774,232.54
4569,5.86865697,1.0000,4097,8.7396,13.5149,3914.9000,338.6163,232.59
4570,5.86865697,1.0000,4097,5.0623,11.5122,3995.8250,283.2952,232.64
4571,5.86865697,1.0000,4097,4.0100,10.0343,4043.9000,226.9289,232.69
4572,5.86866226,1.0000,4097,4.0094,9.1993,4022.9750,229.8677,232.73
4573,5.86866226,1.0000,4097,3.3093,8.5120,4047.8000,214.8362,232.78
4574,5.86866226,1.0000,4097,9.6817,16.2194,3883.0250,371.2931,232.83
4575,5.86866226,1.0000,4097,5.0086,11.9123,4007.3000,285.9464,232.88
4576,5.86866226,1.0000,4097,7.1818,13.1680,3957.6500,321.5973,232.93
4577,5.86866226,1.0000,4097,4.2071,8.7747,4023.7250,216.9011,232.98
4578,5.86866226,1.0000,4097,8.0996,15.7955,3933.8000,375.8312,233.03
4579,5.86866226,1.0000,4097,6.7246,13.6015,3973.5500,330.1715,233.07
4580,5.86866226,1.0000,4097,3.0120,5.3443,4057.3250,134.8224,233.12
4581,5.86866226,1.0000,4097,9.9320,12.3294,3873.5000,322.2641,233.17
4582,5.86866226,1.0000,4097,6.7058,13.0293,3957.5000,318.2454,233.22
4583,5.86866226,1.0000,4097,2.4354,8.1599,4067.2250,185.9448,233.27
4584,5.86866226,1.0000,4097,2.1997,3.5300,4075.6250,77.1011,233.32
4585,5.86866226,1.0000,4097,8.5630,14.4967,3917.9000,344.1088,233.37
4586,5.86866226,1.0000,4097,2.7604,5.1217,4060.4000,129.5121,233.42
4587,5.86866226,1.0000,4097,2.9596,5.2754,4058.9750,134.5649,233.47
4588,5.86866226,1.0000,4097,6.1396,11.6743,3972.2000,294.7435,233.52
4589,5.86866226,1.0000,4097,5.7334,9.8229,3979.9250,260.0954,233.57
4590,5.86866226,1.0000,4097,3.9353,7.3901,4035.7250,188.6949,233.62
4591,5.86866226,1.0000,4097,3.7165,6.6067,4034.9000,186.2529,233.67
4592,5.86866226,1.0000,4097,5.6854,9.4219,3989.8250,251.0509,233.72
4593,5.86866226,1.0000,4097,9.0901,15.5394,3906.5000,363.8055,233.77
4594,5.86866226,1.0000,4097,2.9589,6.9298,4054.5500,175.8887,233.82
4595,5.86866226,1.0000,4097,3.9042,7.5452,4031.7500,194.4717,233.87
4596,5.86866226,1.0000,4097,6.1366,10.3998,3985.5500,268.0736,233.92
4597,5.86866226,1.0000,4097,3.9995,7.3966,4020.4250,194.7598,233.97
4598,5.86866226,1.0000,4097,5.9334,9.8385,3975.3500,269.2071,234.02
4599,5.86866226,1.0000,4097,4.7598,9.5913,4010.4500,245.1337,234.07
4600,5.86866226,1.0000,4097,6.7973,14.2059,3960.3500,350.7403,234.12
4601,5.86866226,1.0000,4097,6.0175,11.5010,3981.5750,284.3424,234.17
4602,5.86866226,1.0000,4097,4.5437,7.6596,4017.5000,197.1892,234.22
4603,5.86866226,1.0000,4097,5.5904,11.4155,3994.3250,279.9247,234.27
4604,5.86866226,1.0000,4097,3.4515,7.5164,4036.0250,197.9720,234.32
4605,5.86866226,1.0000,4097,5.5516,8.8883,3991.0250,231.9559,234.37
4606,5.86866226,1.0000,4097,7.9703,16.2979,3930.0500,376.1105,234.42
4607,5.86866226,1.0000,4097,8.3814,14.6566,3917.4500,358.5418,234.47
4608,5.86866226,1.0000,4097,3.8458,8.6635,4024.7750,226.2042,234.51
4609,5.86866226,1.0000,4097,4.8838,11.1003,4002.2750,278.7433,234.56
4610,5.86866226,1.0000,4097,6.6105,13.6955,3959.8250,336.2256,234.61
4611,5.86866226,1.0000,4097,2.4493,3.9022,4072.6250,86.3593,234.66
4612,5.86891612,1.0000,4097,4.4630,12.0786,4019.6000,278.4642,234.71
4613,5.86891612,1.0000,4097,6.0544,9.7434,3972.9500,257.1164,234.77
4614,5.86891612,1.0000,4097,5.9214,13.8948,3987.0500,317.7626,234.82
4615,5.86891612,1.0000,4097,5.2027,8.9717,3996.1250,243.4484,234.87
4616,5.86891612,1.0000,4097,4.5939,9.6069,4020.5000,236.9497,234.92
4617,5.86891612,1.0000,4097,4.1898,8.6689,4018.6250,219.1163,234.97
4618,5.86891612,1.0000,4097,3.7783,7.8954,4026.6500,205.2710,235.02
4619,5.86891612,1.0000,4097,5.9964,11.4207,3981.5750,280.8295,235.07
4620,5.86891612,1.0000,4097,3.0470,4.7111,4062.4250,108.0562,235.12
4621,5.86891612,1.0000,4097,1.9550,5.0714,4076.1500,130.2082,235.17
4622,5.86891612,1.0000,4097,4.0909,8.2166,4034.3750,204.9059,235.22
4623,5.86907442,1.0000,4097,3.7988,10.3360,4027.7000,252.8475,235.26
4624,5.86907442,1.0000,4097,4.1746,6.9373,4023.8000,181.5419,235.31
4625,5.86907442,1.0000,4097,3.9689,7.2556,4027.7000,192.7215,235.36
4626,5.86907442,1.0000,4097,4.5002,8.3363,4014.5750,210.8180,235.41
4627,5.86907442,1.0000,4097,4.8649,9.4770,4001.2250,247.1774,235.46
4628,5.86907442,1.0000,4097,4.2850,11.5983,4036.2500,264.1199,235.51
4629,5.86907442,1.0000,4097,5.8120,10.7489,3981.2000,264.8890,235.56
4630,5.86907442,1.0000,4097,3.0207,4.4989,4065.0500,103.7140,235.61
4631,5.86907442,1.0000,4097,10.4055,18.8171,3886.7000,427.3883,235.66
4632,5.86907442,1.0000,4097,3.7562,7.7475,4034.8250,199.8335,235.71
4633,5.86907442,1.0000,4097,5.9825,10.5653,3973.6250,273.7836,235.76
4634,5.86907442,1.0000,4097,4.6584,8.7834,4003.6250,231.1015,235.81
4635,5.86941801,1.0000,4097,5.4890,9.6567,3984.1250,254.1583,235.86
4636,5.86941801,1.0000,4097,6.6763,12.3080,3952.9250,310.4308,235.91
4637,5.86941801,1.0000,4097,5.9685,11.8490,3977.9000,290.8517,235.96
4638,5.86941801,1.0000,4097,3.3914,5.7096,4047.8750,142.8197,236.01
4639,5.86941801,1.0000,4097,4.5795,8.0300,4001.6000,215.2092,236.06
4640,5.86941801,1.0000,4097,6.0019,10.6510,3975.2750,271.4460,236.11
4641,5.86941801,1.0000,4097,6.5310,12.2967,3960.9500,308.4633,236.16
4642,5.86941801,1.0000,4097,14.3442,16.6492,3762.8000,411.8607,236.21
4643,5.86941801,1.0000,4097,6.3894,11.3801,3984.5000,253.8583,236.26
4644,5.86941801,1.0000,4097,3.8039,7.9300,4037.0750,203.9840,236.31
4645,5.86941801,1.0000,4097,4.6460,8.8640,4027.1750,203.3670,236.35
4646,5.86941801,1.0000,4097,6.8356,11.4485,3966.3500,271.1832,236.41
4647,5.86941801,1.0000,4097,5.4244,10.3571,3987.8000,273.5235,236.45
4648,5.86941801,1.0000,4097,7.6495,16.0239,3938.9750,372.1357,236.50
4649,5.86941801,1.0000,4097,4.4402,9.9975,4022.1500,251.4019,236.55
4650,5.86941801,1.0000,4097,2.8892,6.6142,4051.6250,173.6456,236.60
4651,5.86941801,1.0000,4097,3.7042,8.9480,4050.2000,207.8383,236.65
4652,5.86941801,1.0000,4097,6.0717,13.1955,3983.3750,293.7130,236.70
4653,5.86941801,1.0000,4097,4.9742,10.1351,4005.6500,256.8252,236.75
4654,5.86941801,1.0000,4097,6.7882,10.9672,3948.6500,289.2893,236.80
4655,5.86941801,1.0000,4097,3.5527,7.5971,4038.4250,197.8784,236.85
4656,5.86941801,1.0000,4097,6.7442,11.0976,3950.2250,286.7499,236.90
4657,5.86941801,1.0000,4097,6.0433,12.2145,3987.5000,296.3592,236.96
4658,5.86941801,1.0000,4097,4.8187,10.3833,3999.1250,271.4823,237.01
4659,5.86941801,1.0000,4097,6.3354,13.2605,3973.3250,302.5887,237.06
4660,5.86941801,1.0000,4097,7.0034,13.0940,3947.0000,329.3455,237.11
4661,5.86941801,1.0000,4097,4.8474,11.1248,4004.6750,282.5432,237.16
4662,5.86941801,1.0000,4097,4.8390,10.1548,4000.3250,260.4239,237.21
4663,5.86941801,1.0000,4097,7.5284,12.3552,3934.1750,320.6669,237.26
4664,5.86974242,1.0000,4097,5.2224,9.7216,3999.5000,250.6688,237.31
4665,5.86974242,1.0000,4097,5.2258,8.8666,4000.7000,229.3978,237.36
4666,5.86974242,1.0000,4097,4.7892,12.0637,4018.1750,260.4010,237.41
4667,5.86974242,1.0000,4097,7.5356,12.4927,3936.2000,317.1206,237.47
4668,5.87012431,1.0000,4097,5.0908,9.8522,3994.7000,258.7270,237.51
4669,5.87012431,1.0000,4097,6.3221,12.2010,3969.2000,311.8635,237.57
4670,5.87012431,1.0000,4097,5.8054,13.3448,3996.0500,296.7283,237.61
4671,5.87013373,1.0000,4097,4.8929,9.8455,4009.7750,251.7404,237.66
4672,5.87013373,1.0000,4097,5.1124,10.7432,4005.3500,259.6230,237.72
4673,5.87013373,1.0000,4097,5.1549,9.4690,3996.2750,245.0000,237.77
4674,5.87013373,1.0000,4097,4.9189,9.0829,3992.7500,249.6009,237.82
4675,5.87013373,1.0000,4097,5.7704,11.8425,3983.8250,280.0609,237.87
4676,5.87013373,1.0000,4097,5.8348,14.0101,3986.7500,319.9882,237.91
4677,5.87013373,1.0000,4097,5.6771,11.4208,3989.1500,275.8450,237.96
4678,5.87015509,1.0000,4097,5.5396,10.1104,3993.6500,256.3288,238.02
4679,5.87015509,1.0000,4097,4.2268,8.1999,4020.2000,218.2897,238.07
4680,5.87015509,1.0000,4097,8.3218,16.2676,3926.0750,380.7522,238.11
4681,5.87015509,1.0000,4097,3.0929,5.5363,4058.3750,143.5135,238.17
4682,5.87015509,1.0000,4097,5.2124,9.5708,4000.0250,245.6232,238.22
4683,5.87015509,1.0000,4097,4.7457,9.5495,4001.1500,245.7584,238.26
4684,5.87015509,1.0000,4097,2.9972,5.8102,4055.5250,155.8743,238.31
4685,5.87015509,1.0000,4097,5.4141,9.5226,3989.0750,248.5102,238.36
4686,5.87015509,1.0000,4097,3.5814,8.5352,4040.9000,200.6798,238.42
4687,5.87015509,1.0000,4097,3.9420,6.9556,4028.7500,182.9849,238.47
4688,5.87015509,1.0000,4097,5.6760,9.7787,3973.0250,264.8325,238.52
4689,5.87015509,1.0000,4097,4.8478,9.7746,4013.6750,245.9035,238.56
4690,5.87015509,1.0000,4097,7.3185,14.8408,3958.6250,346.7435,238.61
4691,5.87015509,1.0000,4097,7.2888,11.7700,3939.5750,306.8994,238.67
4692,5.87015509,1.0000,4097,4.3447,11.6035,4025.0750,263.4031,238.71
4693,5.87015509,1.0000,4097,3.8838,7.0054,4024.5500,189.4145,238.76
4694,5.87015509,1.0000,4097,6.6568,12.5796,3965.4500,310.9580,238.81
4695,5.87015509,1.0000,4097,5.7771,10.8713,3986.3750,263.0730,238.86
4696,5.87015509,1.0000,4097,5.7156,10.4369,3975.6500,272.7501,238.91
4697,5.87015509,1.0000,4097,6.6793,12.3125,3961.7000,285.6284,238.96
4698,5.87015509,1.0000,4097,3.8186,7.3583,4024.8500,198.5333,239.01
4699,5.87015509,1.0000,4097,2.9330,5.1197,4057.6250,132.1434,239.06
4700,5.87015509,1.0000,4097,6.5719,12.5275,3964.0250,305.6464,239.11
4701,5.87015509,1.0000,4097,4.3139,7.7135,4029.9500,192.8589,239.16
4702,5.87015509,1.0000,4097,8.2029,11.6304,3915.9500,306.5161,239.20
4703,5.87015509,1.0000,4097,6.1198,10.0570,3973.4000,259.4481,239.25
4704,5.87015509,1.0000,4097,7.9607,13.0833,3929.6000,324.5303,239.30
4705,5.87036924,1.0000,4097,4.6848,8.4250,4010.6000,216.4082,239.35
4706,5.87036924,1.0000,4097,4.0597,6.8548,4031.1500,185.7566,239.40
4707,5.87036924,1.0000,4097,5.5955,12.5482,3994.0250,290.6405,239.45
4708,5.87036924,1.0000,4097,3.1967,6.1859,4055.0750,156.8795,239.49
4709,5.87036924,1.0000,4097,4.6116,8.0941,4009.8500,215.1619,239.54
4710,5.87036924,1.0000,4097,6.1084,10.1344,3977.4500,259.5126,239.59
4711,5.87036924,1.0000,4097,6.1077,11.5964,3978.5750,285.5017,239.64
4712,5.87036924,1.0000,4097,4.8145,11.6349,4011.6500,275.0494,239.69
4713,5.87036924,1.0000,4097,5.2014,12.4872,3999.8000,288.4448,239.74
4714,5.87036924,1.0000,4097,5.3997,9.6136,3991.6250,255.8529,239.78
4715,5.87036924,1.0000,4097,3.4267,8.0090,4047.1250,199.5481,239.83
4716,5.87036924,1.0000,4097,4.3545,8.9009,4017.5750,234.3372,239.88
4717,5.87036924,1.0000,4097,4.5199,10.0016,4013.6750,258.6511,239.93
4718,5.87036924,1.0000,4097,2.0436,5.1199,4076.1500,130.2082,239.97
4719,5.87036924,1.0000,4097,5.1280,11.6794,4000.1750,272.6008,240.02
4720,5.87036924,1.0000,4097,4.7120,8.2274,4015.1750,220.1610,240.07
4721,5.87036924,1.0000,4097,4.9013,8.9386,4013.0750,230.4915,240.12
4722,5.87036924,1.0000,4097,4.0167,8.8609,4031.9000,225.7181,240.16
4723,5.87056331,1.0000,4097,5.1738,9.2868,4001.8250,235.1386,240.21
4724,5.87056331,1.0000,4097,5.6896,10.6647,3981.4250,277.9601,240.26
4725,5.87056331,1.0000,4097,3.2546,5.5368,4052.2250,141.4849,240.31
4726,5.87056331,1.0000,4097,7.7860,13.0231,3939.5750,320.3763,240.36
4727,5.87056331,1.0000,4097,6.0686,10.6565,3967.2500,281.5430,240.41
4728,5.87056331,1.0000,4097,4.7573,8.7990,4020.0500,229.9814,240.46
4729,5.87056331,1.0000,4097,8.0075,16.0595,3930.6500,372.7897,240.51
4730,5.87056331,1.0000,4097,4.7968,10.7600,4016.3750,265.9650,240.56
4731,5.87056331,1.0000,4097,4.7624,9.7646,4008.1250,254.2601,240.61
4732,5.87056331,1.0000,4097,3.4750,8.7975,4039.2500,218.9463,240.66
4733,5.87056331,1.0000,4097,4.4345,9.7636,4014.8750,245.4118,240.71
4734,5.87056331,1.0000,4097,7.6049,16.6511,3958.1000,356.3580,240.76
4735,5.87056331,1.0000,4097,3.4818,7.0016,4041.2750,180.8367,240.81
4736,5.87056331,1.0000,4097,4.6599,8.9320,4013.5250,222.7880,240.87
4737,5.87056331,1.0000,4097,2.9857,5.5887,4057.3250,146.9579,240.92
4738,5.87056331,1.0000,4097,6.4940,12.3496,3957.3500,314.1209,240.97
4739,5.87056331,1.0000,4097,2.8546,6.2307,4054.2500,164.1328,241.03
4740,5.87056331,1.0000,4097,7.0874,13.3540,3949.7000,337.5152,241.08
4741,5.87056331,1.0000,4097,4.7449,10.1544,4005.8000,259.9918,241.12
4742,5.87056331,1.0000,4097,4.9420,12.3924,4008.7250,278.6198,241.17
4743,5.87056331,1.0000,4097,3.6102,10.7938,4043.6750,226.5799,241.21
4744,5.87056331,1.0000,4097,4.9451,9.9217,4003.0250,259.0873,241.26
4745,5.87056331,1.0000,4097,5.6084,11.3301,3991.7000,283.7259,241.31
4746,5.87056331,1.0000,4097,4.6208,7.8419,4003.4000,213.2884,241.35
4747,5.87056331,1.0000,4097,6.3461,13.0711,3974.6750,320.0098,241.40
4748,5.87056331,1.0000,4097,4.6298,9.2484,4014.4250,223.6751,241.45
4749,5.87056331,1.0000,4097,5.1355,9.3196,4017.4250,228.9336,241.49
4750,5.87056331,1.0000,4097,3.8402,6.4477,4030.7750,170.2171,241.54
4751,5.87056331,1.0000,4097,3.6560,7.4704,4028.6000,206.2423,241.59
4752,5.87074933,1.0000,4097,4.8443,9.5775,4014.2000,243.7847,241.63
4753,5.87074933,1.0000,4097,4.1623,9.0659,4018.6250,238.8226,241.68
4754,5.87124457,1.0000,4097,4.4609,9.8308,4023.4250,242.6572,241.73
4755,5.87124457,1.0000,4097,7.2733,14.1305,3952.3250,349.8124,241.78
4756,5.87124457,1.0000,4097,6.7244,11.0847,3962.5250,284.6310,241.82
4757,5.87144596,1.0000,4097,4.8586,10.2414,4005.9500,261.5766,241.87
4758,5.87144596,1.0000,4097,5.8143,10.1935,3991.1000,271.1726,241.92
4759,5.87144596,1.0000,4097,7.1229,13.7430,3939.8000,347.8757,241.97
4760,5.87144596,1.0000,4097,5.2425,10.6544,4000.8500,253.1705,242.01
4761,5.87144596,1.0000,4097,5.0664,8.5607,4001.2250,220.9886,242.06
4762,5.87144596,1.0000,4097,5.9651,10.5652,3975.8000,270.4436,242.10
4763,5.87144596,1.0000,4097,5.6445,9.7938,3997.0250,258.5735,242.15
4764,5.87144596,1.0000,4097,5.0289,14.2056,4015.0250,279.1680,242.19
4765,5.87144596,1.0000,4097,5.1998,11.3673,3999.2750,276.0301,242.24
4766,5.87144596,1.0000,4097,3.3029,5.9165,4043.7500,153.2274,242.28
4767,5.87144596,1.0000,4097,6.1378,11.9657,3989.0000,299.6991,242.33
4768,5.87144596,1.0000,4097,5.9127,10.7547,3969.5000,279.4987,242.38
4769,5.87144596,1.0000,4097,5.4297,11.3351,4002.6500,269.7824,242.43
4770,5.87144596,1.0000,4097,5.3305,12.0291,3996.8000,279.5421,242.47
4771,5.87144596,1.0000,4097,3.4162,6.6070,4039.1750,166.5797,242.52
4772,5.87144596,1.0000,4097,3.0636,5.8147,4053.4250,154.1530,242.57
4773,5.87144596,1.0000,4097,6.7330,12.0090,3975.9500,276.8535,242.61
4774,5.87144596,1.0000,4097,5.8784,12.1241,3985.1750,294.1783,242.66
4775,5.87144596,1.0000,4097,7.1037,11.9115,3961.4000,315.0187,242.70
4776,5.87144596,1.0000,4097,4.9017,9.7040,4005.0500,250.3244,242.76
4777,5.87144596,1.0000,4097,1.9695,3.5197,4078.6250,84.5877,242.80
4778,5.87144596,1.0000,4097,4.2666,8.6060,4016.4500,225.4960,242.85
4779,5.87144596,1.0000,4097,4.9133,10.7336,4012.1000,261.1536,242.89
4780,5.87144596,1.0000,4097,6.4188,13.2762,3968.9000,324.6980,242.94
4781,5.87144596,1.0000,4097,5.2308,9.4464,3996.8000,250.3003,242.99
4782,5.87144596,1.0000,4097,2.0011,3.3665,4083.2750,70.6495,243.03
4783,5.87144596,1.0000,4097,5.5656,12.6878,3995.7500,296.9536,243.08
4784,5.87144596,1.0000,4097,3.8163,7.2143,4034.0000,187.0278,243.13
4785,5.87144596,1.0000,4097,6.7265,9.7991,3967.0250,251.3397,243.17
4786,5.87144596,1.0000,4097,5.7086,10.0935,3982.8500,259.2354,243.22
4787,5.87144596,1.0000,4097,3.5402,6.8752,4029.7250,186.5603,243.27
4788,5.87144596,1.0000,4097,5.2771,8.8889,3999.6500,239.2958,243.32
4789,5.87144596,1.0000,4097,6.9396,10.7238,3962.4500,280.4098,243.37
4790,5.87144596,1.0000,4097,4.1309,8.7786,4024.5500,227.2226,243.41
4791,5.87144596,1.0000,4097,4.8495,10.3207,4007.2250,242.5741,243.46
4792,5.87144596,1.0000,4097,4.0478,7.0773,4030.5500,178.9816,243.50
4793,5.87144596,1.0000,4097,3.3383,7.7660,4044.1250,198.7890,243.55
4794,5.87144596,1.0000,4097,4.4743,7.4343,4013.9750,196.3252,243.60
4795,5.87144596,1.0000,4097,5.3017,11.2157,3997.1750,270.4729,243.64
4796,5.87144596,1.0000,4097,4.8647,9.2256,4013.3000,232.0387,243.69
4797,5.87144596,1.0000,4097,3.0212,5.4919,4055.3750,142.1066,243.74
4798,5.87144596,1.0000,4097,3.7197,5.5186,4050.3500,132.8901,243.78
4799,5.87144596,1.0000,4097,5.9506,10.1071,3979.1000,263.9260,243.83
4800,5.87144596,1.0000,4097,3.8903,8.4778,4031.0750,211.7663,243.88
4801,5.87144596,1.0000,4097,3.8118,7.0134,4038.3500,192.3266,243.93
4802,5.87144596,1.0000,4097,4.2220,9.1637,4021.1750,238.5811,243.98
4803,5.87144596,1.0000,4097,7.1780,12.7105,3947.5250,316.3940,244.02
4804,5.87144596,1.0000,4097,4.1405,6.2620,4034.4500,163.4264,244.07
4805,5.87144596,1.0000,4097,8.6768,15.9590,3907.0250,377.5398,244.12
4806,5.87144596,1.0000,4097,6.9899,13.2979,3945.5000,340.8461,244.17
4807,5.87144596,1.0000,4097,4.7866,11.8029,4004.7500,271.3307,244.21
4808,5.87144596,1.0000,4097,4.1035,5.7282,4036.3250,139.5476,244.26
4809,5.87144596,1.0000,4097,4.0194,8.4883,4024.2500,226.1608,244.31
4810,5.87187295,1.0000,4097,3.8276,6.4172,4049.0750,159.2199,244.35
4811,5.87187295,1.0000,4097,5.1796,10.0289,4007.0000,250.8393,244.40
4812,5.87187295,1.0000,4097,4.9216,11.3015,4001.4500,276.1724,244.45
4813,5.87187295,1.0000,4097,9.9185,14.6722,3877.7750,368.2501,244.49
4814,5.87187295,1.0000,4097,5.8956,11.4372,3979.2500,282.3140,244.54
4815,5.87187295,1.0000,4097,6.4643,14.1162,3971.3750,332.1152,244.59
4816,5.87187295,1.0000,4097,4.3476,7.5627,4017.4250,201.6839,244.63
4817,5.87187295,1.0000,4097,7.5143,15.6777,3941.8250,360.9357,244.68
4818,5.87187295,1.0000,4097,4.7295,12.6481,4013.0000,271.0256,244.73
4819,5.87187295,1.0000,4097,4.8433,11.2722,4006.7750,262.1075,244.77
4820,5.87187295,1.0000,4097,4.0707,9.9877,4028.3750,231.0041,244.82
4821,5.87187295,1.0000,4097,3.8358,6.9781,4029.8000,183.9526,244.87
4822,5.87187295,1.0000,4097,6.1235,11.7628,3969.6500,309.3733,244.91
4823,5.87187295,1.0000,4097,2.3279,5.0952,4070.6000,130.8980,244.96
4824,5.87187295,1.0000,4097,4.1194,9.1438,4025.0000,229.5049,245.01
4825,5.87187295,1.0000,4097,4.3361,8.4320,4017.0500,226.7845,245.05
4826,5.87187295,1.0000,4097,5.5857,8.6748,3991.8500,229.3097,245.10
4827,5.87187295,1.0000,4097,4.8263,9.3711,4017.2000,232.7503,245.14
4828,5.87187295,1.0000,4097,9.0585,15.2562,3908.5250,365.2048,245.19
4829,5.87187295,1.0000,4097,4.5147,8.4014,4002.8750,228.4355,245.23
4830,5.87187295,1.0000,4097,6.9906,13.3732,3952.7750,339.2166,245.28
4831,5.87187295,1.0000,4097,6.0812,12.5863,3974.0000,308.4811,245.33
4832,5.87187295,1.0000,4097,5.6848,11.1047,3988.8500,282.1260,245.38
4833,5.87187295,1.0000,4097,3.5437,8.0052,4036.4000,205.8711,245.43
4834,5.87187404,1.0000,4097,5.3286,12.1881,4006.9250,284.8764,245.48
4835,5.87187404,1.0000,4097,6.0049,12.0497,3986.1500,283.8775,245.53
4836,5.87187404,1.0000,4097,3.7810,6.4976,4035.0500,168.7891,245.57
4837,5.87187404,1.0000,4097,5.7011,13.3502,3995.0000,289.1539,245.62
4838,5.87187404,1.0000,4097,3.7396,6.8057,4026.6500,181.2407,245.66
4839,5.87187404,1.0000,4097,4.7189,9.9033,4009.8500,238.9119,245.71
4840,5.87187404,1.0000,4097,6.4094,12.8383,3983.4500,293.8060,245.76
4841,5.87187404,1.0000,4097,4.7525,10.3427,4012.1000,261.7345,245.81
4842,5.87187404,1.0000,4097,5.4458,10.5760,3988.3250,268.3571,245.86
4843,5.87187404,1.0000,4097,7.4295,13.1687,3937.8500,336.7364,245.90
4844,5.87187404,1.0000,4097,3.2016,6.0712,4049.6750,151.5067,245.95
4845,5.87187404,1.0000,4097,5.1008,11.7098,4003.2500,280.5624,246.00
4846,5.87187404,1.0000,4097,5.9386,12.6054,3983.3000,311.7473,246.05
4847,5.87187404,1.0000,4097,5.4530,10.4695,3988.6250,257.2867,246.10
4848,5.87187404,1.0000,4097,5.5885,11.0058,3986.6750,275.2257,246.14
4849,5.87209538,1.0000,4097,6.1912,10.4781,3971.0750,269.6251,246.19
4850,5.87209538,1.0000,4097,5.4041,9.4629,4003.1750,240.7731,246.24
4851,5.87209538,1.0000,4097,4.4517,9.6923,4015.4750,252.4406,246.29
4852,5.87209538,1.0000,4097,7.1581,10.9342,3943.4750,285.0639,246.34
4853,5.87209538,1.0000,4097,3.8748,9.3530,4027.6250,232.2126,246.39
4854,5.87209538,1.0000,4097,6.8844,13.3934,3968.0750,320.0182,246.44
4855,5.87209538,1.0000,4097,3.5941,7.2527,4036.7000,187.5358,246.48
4856,5.87209538,1.0000,4097,2.7325,5.1422,4055.6750,131.1012,246.53
4857,5.87209538,1.0000,4097,7.8706,12.8300,3929.3750,332.8231,246.58
4858,5.87209538,1.0000,4097,4.8145,8.3482,4006.5500,222.3024,246.63
4859,5.87209538,1.0000,4097,4.5238,9.1674,4016.8250,235.9200,246.68
4860,5.87209538,1.0000,4097,6.4257,11.3733,3962.0000,294.5918,246.74
4861,5.87209538,1.0000,4097,3.9049,8.6559,4029.2000,210.6278,246.78
4862,5.87209538,1.0000,4097,5.1697,10.2550,4003.7000,255.7909,246.83
4863,5.87209538,1.0000,4097,5.3645,9.5924,3987.6500,253.5461,246.88
4864,5.87209538,1.0000,4097,2.2660,5.1580,4075.7000,130.1665,246.93
4865,5.87209538,1.0000,4097,6.0674,11.5764,3997.8500,275.0723,246.98
4866,5.87209538,1.0000,4097,4.4276,12.0516,4028.5250,251.1144,247.03
4867,5.87209538,1.0000,4097,4.8496,7.0601,4018.5500,177.0871,247.08
4868,5.87209538,1.0000,4097,4.0268,8.0747,4036.7000,186.3370,247.13
4869,5.87209538,1.0000,4097,4.2536,6.8887,4031.2250,183.7281,247.18
4870,5.87209538,1.0000,4097,6.8905,12.6448,3963.3500,318.6545,247.22
4871,5.87209538,1.0000,4097,3.6137,8.0023,4036.4000,212.8798,247.27
4872,5.87209538,1.0000,4097,4.0923,8.9195,4026.4250,225.6560,247.32
4873,5.87209538,1.0000,4097,4.1211,8.8500,4022.2250,223.8555,247.36
4874,5.87209538,1.0000,4097,7.0910,10.6191,3953.0000,279.7176,247.41
4875,5.87209538,1.0000,4097,5.9599,11.1874,3998.1500,278.9185,247.46
4876,5.87209538,1.0000,4097,7.4773,12.0384,3932.3750,324.0911,247.51
4877,5.87209538,1.0000,4097,6.6887,14.3516,3972.1250,323.8046,247.56
4878,5.87209538,1.0000,4097,3.8882,8.0580,4026.2750,211.0750,247.60
4879,5.87209538,1.0000,4097,5.4685,9.9942,3989.9000,257.3330,247.65
4880,5.87209538,1.0000,4097,5.4604,9.1966,3986.1500,248.4463,247.70
4881,5.87209538,1.0000,4097,5.1421,10.7381,4007.3000,246.6137,247.75
4882,5.87209538,1.0000,4097,7.5162,12.3448,3946.0250,314.7030,247.79
4883,5.87209538,1.0000,4097,4.5715,9.4104,4023.2000,232.6807,247.84
4884,5.87209538,1.0000,4097,5.8709,9.7642,3997.7750,253.7496,247.89
4885,5.87209538,1.0000,4097,5.9415,8.3107,3976.0250,225.3002,247.94
4886,5.87209538,1.0000,4097,6.9753,13.7795,3960.4250,328.0174,247.99
4887,5.87209538,1.0000,4097,3.2311,6.5705,4054.2500,158.0643,248.04
4888,5.87209538,1.0000,4097,3.3811,8.4538,4039.8500,216.1176,248.09
4889,5.87209538,1.0000,4097,4.0331,6.6043,4029.7250,171.8255,248.13
4890,5.87209538,1.0000,4097,6.5788,9.6637,3964.6250,255.3511,248.18
4891,5.87209538,1.0000,4097,8.3829,18.6397,3937.3250,398.5574,248.23
4892,5.87209538,1.0000,4097,4.5011,9.2992,4019.3750,233.9598,248.28
4893,5.87209538,1.0000,4097,7.7441,13.3085,3928.7750,331.9818,248.33
4894,5.87209538,1.0000,4097,7.2474,13.2705,3956.6000,330.7649,248.38
4895,5.87209538,1.0000,4097,3.9787,9.2935,4040.2250,219.2304,248.43
4896,5.87209538,1.0000,4097,5.2117,8.8906,4001.1500,226.5198,248.48
4897,5.87209538,1.0000,4097,5.2539,10.1667,3987.5000,269.3985,248.53
4898,5.87209538,1.0000,4097,7.6337,15.3726,3946.4000,336.6965,248.58
4899,5.87209538,1.0000,4097,7.0957,12.9913,3951.8000,319.9524,248.63
4900,5.87209538,1.0000,4097,6.7884,11.1532,3955.5500,292.2634,248.68
4901,5.87209538,1.0000,4097,8.1507,14.9374,3934.2500,353.4458,248.73
4902,5.87209538,1.0000,4097,5.5835,9.3771,3982.9250,247.8302,248.78
4903,5.87209538,1.0000,4097,4.1367,8.7848,4023.9500,226.6882,248.83
4904,5.87209538,1.0000,4097,7.3619,12.3453,3937.3250,321.0305,248.87
4905,5.87209538,1.0000,4097,3.9621,8.9582,4019.3750,235.2459,248.92
4906,5.87209538,1.0000,4097,3.2365,7.4607,4041.7250,193.1099,248.97
4907,5.87254902,1.0000,4097,4.9929,8.4807,3998.7500,226.6557,249.02
4908,5.87254902,1.0000,4097,6.3536,12.6195,3979.7000,300.6397,249.07
4909,5.87254902,1.0000,4097,5.8594,12.4188,3977.8250,310.4340,249.12
4910,5.87254902,1.0000,4097,5.6646,11.8772,3982.3250,288.4056,249.17
4911,5.87254902,1.0000,4097,6.1412,14.6339,3987.5000,307.6975,249.22
4912,5.87254902,1.0000,4097,8.2867,13.4826,3925.8500,347.2939,249.27
4913,5.87254902,1.0000,4097,5.1063,9.9742,4006.4000,240.7387,249.32
4914,5.87254902,1.0000,4097,7.2177,12.7194,3942.5750,321.6351,249.37
4915,5.87254902,1.0000,4097,8.2130,11.6564,3923.6000,303.8092,249.42
4916,5.87254902,1.0000,4097,5.1979,9.1539,4004.5250,238.6593,249.47
4917,5.87254902,1.0000,4097,7.0247,13.9455,3946.4000,344.5433,249.51
4918,5.87254902,1.0000,4097,6.4370,10.5829,3976.9250,263.7796,249.56
4919,5.87254902,1.0000,4097,7.0032,12.6781,3948.8750,324.3801,249.61
4920,5.87254902,1.0000,4097,8.9486,13.3410,3898.6250,336.6524,249.66
4921,5.87266344,1.0000,4097,7.0771,13.7157,3957.2750,331.1543,249.71
4922,5.87266344,1.0000,4097,6.3203,9.1852,3960.9500,249.8593,249.76
4923,5.87266344,1.0000,4097,6.2614,10.4812,3967.9250,263.0621,249.81
4924,5.87266344,1.0000,4097,4.0710,7.9832,4036.4750,203.6765,249.86
4925,5.87266344,1.0000,4097,5.4726,9.8651,3980.9750,265.1306,249.91
4926,5.87266344,1.0000,4097,3.8309,5.5042,4039.4000,133.3131,249.95
4927,5.87266344,1.0000,4097,4.3710,10.3590,4024.7750,240.5557,250.00
4928,5.87266344,1.0000,4097,6.1576,10.3763,3979.9250,262.5887,250.05
4929,5.87266344,1.0000,4097,5.3195,10.3768,3993.8000,264.5864,250.10
4930,5.87266344,1.0000,4097,5.4355,8.4670,3989.2250,221.3681,250.14
4931,5.87266344,1.0000,4097,9.0456,15.3547,3910.4000,356.3567,250.19
4932,5.87266344,1.0000,4097,7.7095,13.0703,3930.2000,333.9135,250.24
4933,5.87266344,1.0000,4097,6.7398,13.2958,3960.6500,315.5787,250.29
4934,5.87266344,1.0000,4097,5.0769,10.6404,3998.9750,265.8019,250.34
4935,5.87266344,1.0000,4097,3.4048,6.3079,4044.7250,163.5824,250.39
4936,5.87266344,1.0000,4097,5.3840,8.4315,3980.9750,227.7605,250.44
4937,5.87266344,1.0000,4097,3.9323,8.5533,4028.6000,214.0024,250.49
4938,5.87266344,1.0000,4097,5.8435,10.6856,3968.5250,286.6726,250.54
4939,5.87266344,1.0000,4097,5.2269,11.0627,3998.4500,271.9484,250.59
4940,5.87266344,1.0000,4097,2.5784,5.3410,4071.2000,127.6284,250.64
4941,5.87266344,1.0000,4097,5.9294,12.7696,3980.1500,308.1629,250.68
4942,5.87266344,1.0000,4097,6.3945,11.6937,3968.6750,295.9151,250.73
4943,5.87266344,1.0000,4097,3.4605,7.0486,4048.3250,182.7705,250.78
4944,5.87266344,1.0000,4097,4.2069,9.6252,4026.2000,224.4982,250.84
4945,5.87266344,1.0000,4097,5.5786,10.2932,3981.1250,267.5242,250.89
4946,5.87266344,1.0000,4097,3.0096,5.5990,4050.4250,149.3581,250.93
4947,5.87266344,1.0000,4097,6.9910,12.6273,3950.9750,312.4982,250.98
4948,5.87266425,1.0000,4097,3.3314,5.9388,4048.4750,149.4995,251.03
4949,5.87266425,1.0000,4097,6.7426,13.4228,3951.8000,338.7954,251.07
4950,5.87266425,1.0000,4097,3.8133,8.8296,4031.7500,219.0275,251.12
4951,5.87282370,1.0000,4097,4.7475,8.7561,4006.9250,229.3151,251.17
4952,5.87282370,1.0000,4097,5.9887,11.4238,3992.2250,279.7308,251.22
4953,5.87282370,1.0000,4097,5.3644,10.1437,3986.6000,259.7680,251.27
4954,5.87282370,1.0000,4097,9.7152,15.9455,3882.5000,390.3103,251.31
4955,5.87282370,1.0000,4097,7.3837,13.2238,3937.1000,339.6109,251.36
4956,5.87282370,1.0000,4097,5.9798,14.1968,3990.3500,315.8666,251.41
4957,5.87326850,1.0000,4097,7.1536,12.7084,3954.7250,316.7451,251.46
4958,5.87326850,1.0000,4097,4.7406,11.4453,4012.5500,284.2075,251.51
4959,5.87326850,1.0000,4097,3.3629,6.5423,4036.1750,173.6596,251.56
4960,5.87326850,1.0000,4097,3.4159,6.9499,4043.7500,180.4666,251.61
4961,5.87326850,1.0000,4097,4.6311,8.2468,4010.9750,213.4552,251.66
4962,5.87326850,1.0000,4097,7.9884,16.0450,3947.4500,364.3281,251.71
4963,5.87326850,1.0000,4097,4.8718,9.4305,4003.9250,242.3932,251.76
4964,5.87326850,1.0000,4097,5.4156,9.0340,3993.1250,233.1896,251.81
4965,5.87326850,1.0000,4097,2.9595,5.4129,4052.9000,144.6053,251.86
4966,5.87326850,1.0000,4097,6.7991,14.1765,3956.7500,334.9502,251.91
4967,5.87326850,1.0000,4097,3.0506,5.7162,4051.0250,143.7942,251.95
4968,5.87326850,1.0000,4097,4.9319,9.4583,4012.8500,246.6257,252.00
4969,5.87326850,1.0000,4097,3.8823,9.9070,4034.3750,233.3734,252.05
4970,5.87326850,1.0000,4097,4.9214,10.9801,4007.1500,260.7464,252.11
4971,5.87326850,1.0000,4097,7.4108,12.0728,3939.3500,302.1254,252.16
4972,5.87326850,1.0000,4097,5.4627,9.0766,3976.6250,248.8718,252.21
4973,5.87326850,1.0000,4097,8.0735,15.1467,3931.8500,363.7393,252.25
4974,5.87326850,1.0000,4097,4.1022,8.5376,4022.1500,230.1842,252.30
4975,5.87326850,1.0000,4097,9.1759,14.4252,3919.3250,340.3595,252.35
4976,5.87326850,1.0000,4097,3.6611,7.0753,4039.8500,183.2825,252.40
4977,5.87350430,1.0000,4097,3.9931,7.0980,4025.9750,178.9499,252.44
4978,5.87350430,1.0000,4097,4.6161,7.9782,4013.4500,213.5565,252.49
4979,5.87350430,1.0000,4097,5.6991,11.3413,3994.7000,271.0868,252.54
4980,5.87350430,1.0000,4097,7.6170,15.1611,3943.9250,351.3572,252.59
4981,5.87421197,1.0000,4097,5.6097,12.0808,3985.5500,286.5695,252.64
4982,5.87421197,1.0000,4097,6.9748,15.0827,3960.5000,346.7622,252.69
4983,5.87421197,1.0000,4097,6.2444,11.9226,3968.6000,311.2304,252.74
4984,5.87421197,1.0000,4097,6.0414,9.0890,3977.0750,234.8825,252.79
4985,5.87421197,1.0000,4097,4.9823,13.0475,4015.2500,288.0436,252.84
4986,5.87421197,1.0000,4097,4.6767,11.0772,4010.9000,255.3793,252.89
4987,5.87421197,1.0000,4097,4.5016,9.2343,4012.0250,234.8565,252.93
4988,5.87421197,1.0000,4097,5.5030,11.6417,3997.8500,277.6199,252.98
4989,5.87421197,1.0000,4097,4.6614,13.1031,4018.8500,281.3305,253.03
4990,5.87421197,1.0000,4097,6.8807,13.1102,3957.5000,321.3552,253.08
4991,5.87421197,1.0000,4097,4.6469,8.9382,4007.8250,236.0468,253.13
4992,5.87421197,1.0000,4097,7.8507,15.4636,3945.5750,355.4937,253.18
4993,5.87421197,1.0000,4097,4.5798,8.1042,4022.9000,209.2037,253.23
4994,5.87421197,1.0000,4097,8.5696,12.9539,3912.7250,316.3243,253.28
4995,5.87421197,1.0000,4097,7.6385,13.8315,3952.0250,334.5830,253.33
4996,5.87421197,1.0000,4097,4.9176,8.8684,4002.3500,237.0379,253.38
4997,5.87421197,1.0000,4097,5.5700,13.0968,3990.7250,300.6584,253.43
4998,5.87421197,1.0000,4097,3.8010,7.9072,4037.6000,209.4660,253.48
4999,5.87421197,1.0000,4097,6.9401,14.6049,3965.5250,323.4745,253.52
